#pragma once
#include <stdint.h>
/* Generated scene still and settings gear. No user/network data. */
static const uint16_t session_tile_art[50400]={
0xffbe,0xef5c,0xdf1b,0xcefc,0xbebb,0xae7a,0xa659,0xa639,0xa639,0x9e19,0x9e19,0x9e19,0x9e19,0x9e19,0x9e19,0xa639,0xa639,0xa639,0xa659,0xa659,0xa659,0xa639,0xa639,0xa639,
0xae39,0xae39,0xa638,0xa638,0xa638,0xa618,0xa618,0xa618,0x9e18,0x9e18,0x9df8,0x95f8,0x9df8,0x9df8,0x9df8,0x9df8,0x95d8,0x95d8,0x95d8,0x8db8,0x8db8,0x8db9,0x95d9,0x95d9,
0x95d9,0x95f9,0x95f9,0x95f9,0x95d9,0x95d9,0x95d9,0x9df9,0x9df9,0x9df9,0x9df9,0x9df9,0x9df9,0x9df9,0x9df9,0x9df9,0x9df9,0x9df9,0x9df9,0x9e19,0x9e19,0x9e19,0xa63a,0xa63a,
0xa63a,0xa63a,0xa63a,0xa63a,0xa63a,0xa63a,0xa63a,0xa619,0xa619,0xa619,0xa619,0xa619,0xa619,0xa639,0xa639,0xa639,0xa639,0xa639,0xa639,0xa619,0xa619,0xa619,0xae3a,0xae5a,
0xae5a,0xa65a,0xa63a,0xa63a,0xae5a,0xae5a,0xae5a,0xae5a,0xa639,0xa639,0xae5a,0xae5a,0xae5a,0xae3a,0xa619,0xa619,0xa61a,0xae3a,0xae3a,0xae3a,0xae5a,0xae5a,0xae5a,0xae5a,
0xae5a,0xae5a,0xa63a,0xa63a,0xa63a,0xa63a,0xa63a,0xa63a,0xa639,0xa639,0xa639,0xa619,0xa619,0xa619,0xa619,0xa619,0xa619,0xa63a,0xa63a,0xa63a,0xae5a,0xae5a,0xae5a,0xa63a,
0xa63a,0xa63a,0xa63a,0xa63a,0xa63a,0xa639,0xa639,0xa639,0xae5a,0xae5a,0xae5a,0xae3a,0xae3a,0xae3a,0xae7a,0xae7a,0xb67a,0xb69a,0xb69a,0xb6ba,0xb69a,0xb67a,0xb65a,0xae7a,
0xae7a,0xae5a,0xae5a,0xae5a,0xae5a,0xae5a,0xae5a,0xae5a,0xae5a,0xae5a,0xae5a,0xae5a,0xae5a,0xae5a,0xae5a,0xae5a,0xae5a,0xae5a,0xae5a,0xae5a,0xae5a,0xa63a,0xa63a,0xa63a,
0xae5a,0xae5a,0xae5a,0xa639,0xa639,0xa639,0xa63a,0xa63a,0xa63a,0xa63a,0xa63a,0xa63a,0xa63a,0xa63a,0xa63a,0x9e19,0x9e19,0x9e19,0xa61a,0xa61a,0xa61a,0x9df9,0x9df9,0x9df9,
0x9df9,0x9df9,0x9df9,0x95f9,0x95f9,0x95f9,0x9df9,0x9df9,0x9df9,0x95d9,0x95d9,0x95d9,0x8db8,0x8db8,0x8db8,0x8db8,0x8db8,0x8db8,0x8db8,0x8db8,0x8db8,0x8db8,0x8d98,0x8d98,
0x8d98,0x8d98,0x8d98,0x8598,0x8598,0x8598,0x8598,0x8598,0x8598,0x8598,0x8598,0x8598,0x8598,0x8598,0x8598,0x8598,0x8db8,0x8db8,0x8db8,0x8577,0x8577,0x8597,0x8db8,0x8db8,
0x8db8,0x8598,0x8598,0x8598,0x8d98,0x8d98,0x8d98,0x8577,0x8577,0x8577,0x95d8,0xa619,0xb679,0xcedb,0xdf1c,0xef7c,0xffbe,0xef5c,0xdf1b,0xcedb,0xbe9a,0xae5a,0xa619,0xa619,
0xa619,0x9e19,0x9e19,0x9e19,0x9e19,0x9e19,0x9e19,0xa639,0xa639,0xa639,0xa639,0xa639,0xa639,0xa639,0xa639,0xa639,0xa639,0xa639,0xa638,0xa638,0xa639,0xa619,0xa618,0xa618,
0x9e18,0x9df8,0x9df8,0x95f8,0x95f8,0x9df8,0x9df8,0x95d8,0x95d9,0x95d9,0x95d9,0x8dd9,0x8dd9,0x95d9,0x95f9,0x95f9,0x95d9,0x95d9,0x95d9,0x95d9,0x95f9,0x95f9,0x95f9,0x9df9,
0x9df9,0x9df9,0x9e19,0x9e19,0x9e19,0x9e19,0x9e19,0x9e19,0xa619,0xa619,0xa619,0xa63a,0xa63a,0xa63a,0xa63a,0xa63a,0xa63a,0xa63a,0xa63a,0xa63a,0xa65a,0xae5a,0xae5a,0xae3a,
0xae3a,0xae3a,0xa639,0xa639,0xa619,0xa65a,0xae5a,0xae5a,0xae5a,0xae5a,0xae5a,0xae3a,0xae3a,0xa63a,0xae5a,0xae7a,0xae7a,0xae5a,0xae5a,0xa65a,0xae5a,0xae5a,0xae5a,0xae5a,
0xa65a,0xa65a,0xae5a,0xae5a,0xae5a,0xae5a,0xa63a,0xae3a,0xae3a,0xae5a,0xae5a,0xae5a,0xae5a,0xae5a,0xae5a,0xae5a,0xae5a,0xae5a,0xae5a,0xae5a,0xa63a,0xa63a,0xa63a,0xa63a,
0xae5a,0xae5a,0xa63a,0xa63a,0xa63a,0xa63a,0xa63a,0xa63a,0xa63a,0xa63a,0xa63a,0xa63a,0xae5a,0xae5a,0xae5a,0xa63a,0xa63a,0xa63a,0xa63a,0xa63a,0xa63a,0xa639,0xa639,0xa639,
0xae3a,0xae5a,0xae5a,0xae3a,0xae3a,0xae3a,0xae7a,0xae7a,0xb69a,0xb69a,0xbeba,0xbeba,0xb69a,0xb67a,0xb67a,0xae7a,0xae7a,0xae5a,0xae5a,0xae5a,0xae5a,0xae3a,0xae3a,0xae3a,
0xae5a,0xae5a,0xae5a,0xae5a,0xae5a,0xae5a,0xae5a,0xae5a,0xae5a,0xae5a,0xae5a,0xae5a,0xa65a,0xa63a,0xa63a,0xa63a,0xae5a,0xae5a,0xa63a,0xa639,0xa639,0xa639,0xa63a,0xa63a,
0xa63a,0xa63a,0xa63a,0xa63a,0xa63a,0xa63a,0xa63a,0x9e19,0x9e19,0x9e19,0xa61a,0xa61a,0xa61a,0x9df9,0x9df9,0x9df9,0x9df9,0x9df9,0x9df9,0x95f9,0x95f9,0x95f9,0x9df9,0x9df9,
0x9df9,0x95d9,0x8dd9,0x95d9,0x8db8,0x8db8,0x8db8,0x8db8,0x8db8,0x8db8,0x8db8,0x8db8,0x8db8,0x8db8,0x8db8,0x8db8,0x8db8,0x8db8,0x8db8,0x8db8,0x85b8,0x85b8,0x8598,0x8598,
0x8598,0x8598,0x8598,0x8598,0x8598,0x8598,0x8598,0x8598,0x8db8,0x8db8,0x8db8,0x8578,0x8598,0x8598,0x8db8,0x8db8,0x8db8,0x8598,0x8598,0x8598,0x8db8,0x8db8,0x8db8,0x85b8,
0x85b8,0x8db8,0x95d8,0xa619,0xb679,0xcedb,0xdf1c,0xef7c,0xffbe,0xef5c,0xdf1b,0xceda,0xbe9a,0xae59,0x9df8,0x9df8,0x9df8,0x9e19,0x9e19,0x9e19,0x9e19,0x9e19,0x9e19,0xa639,
0xa639,0xa639,0x9e19,0x9e19,0x9e19,0xa619,0xa619,0xa619,0x9e19,0x9e18,0x9e18,0xa619,0xa619,0xa619,0x9e19,0x9e18,0x9df8,0x9df8,0x9df8,0x95f8,0x95f8,0x95d8,0x95d8,0x95d9,
0x95d9,0x95d9,0x95d9,0x95d9,0x95d9,0x95d9,0x95f9,0x95f9,0x95f9,0x95b8,0x95b8,0x95d8,0x95f9,0x95f9,0x95f9,0x9df9,0x9df9,0x9df9,0x9e19,0x9e19,0x9e19,0x9e19,0x9e19,0x9e19,
0xa619,0xa619,0xa619,0xa63a,0xa63a,0xa63a,0xa63a,0xa63a,0xa63a,0xa63a,0xa63a,0xa63a,0xae5a,0xae5a,0xae5a,0xae5a,0xae5a,0xae5a,0xa659,0xa639,0xa639,0xae7a,0xae7a,0xae7a,
0xae7a,0xae7a,0xae7a,0xae7a,0xae5a,0xae5a,0xae7a,0xae7a,0xae7a,0xae7a,0xae5a,0xae5a,0xae5a,0xae5a,0xae5a,0xae5a,0xae5a,0xae5a,0xae5a,0xae5a,0xae5a,0xae5a,0xae5a,0xae5a,
0xae5a,0xae5a,0xae5a,0xae5a,0xae5a,0xae5a,0xae5a,0xa63a,0xa63a,0xa63a,0xae5a,0xae5a,0xae5a,0xa63a,0xa63a,0xa63a,0xae5a,0xae5a,0xae5a,0xa63a,0xa63a,0xa63a,0xa63a,0xa63a,
0xa63a,0xa63a,0xa63a,0xa63a,0xa65a,0xa65a,0xa65a,0xa63a,0xa63a,0xa63a,0xa619,0xa619,0xa619,0xa619,0xa619,0xa619,0xa63a,0xa63a,0xa63a,0xa63a,0xa63a,0xa65a,0xae7a,0xae7a,
0xb69a,0xbeba,0xbeba,0xbeba,0xb69a,0xb699,0xae79,0xae7a,0xae5a,0xae5a,0xa65a,0xa63a,0xa63a,0xa61a,0xa619,0xa619,0xae3a,0xae5a,0xae5a,0xae5a,0xa639,0xa639,0xa63a,0xa63a,
0xa63a,0xa63a,0xa63a,0xa63a,0xa63a,0xa63a,0xa63a,0xa63a,0xa63a,0xa63a,0xa63a,0xa619,0xa619,0xa619,0xa619,0xa619,0xa619,0xa619,0xa619,0xa619,0x9e19,0x9e19,0x9e19,0x9df9,
0x9df9,0x9df9,0x9df9,0x9df9,0x9df9,0x95f9,0x95f9,0x95f9,0x95d9,0x95d9,0x95d9,0x95d8,0x95d8,0x95d8,0x95d9,0x95d9,0x95d9,0x8db8,0x8db8,0x8db8,0x8db8,0x8db8,0x8db8,0x8db8,
0x8db8,0x8db8,0x8db8,0x8db8,0x8db8,0x8db8,0x8db8,0x8db8,0x8db8,0x8db8,0x8db8,0x8db8,0x8db8,0x8db8,0x8db8,0x8d98,0x8d98,0x8d98,0x8d98,0x8d98,0x8d98,0x8577,0x8577,0x8598,
0x8db8,0x8db8,0x8db8,0x8598,0x8598,0x8598,0x8db8,0x8db8,0x8db8,0x8598,0x8598,0x8598,0x8db8,0x8db8,0x8dd8,0x8dd8,0x8dd8,0x8dd8,0x95d8,0xa619,0xb679,0xcedb,0xdf1c,0xef7c,
0xffbe,0xef5c,0xdf1b,0xceda,0xbe7a,0xae39,0x9dd8,0x9dd8,0x9df8,0x9e19,0x9e19,0x9e19,0x9df9,0x9df9,0x9df9,0xa639,0xa639,0xa639,0x9e39,0x9e19,0x9e19,0x9df9,0x9df8,0x9df8,
0x9e18,0x9e18,0x9e18,0xa619,0xa619,0xa619,0x9e19,0x9df8,0x9df8,0x9df8,0x95f8,0x95f8,0x95f8,0x95d8,0x95d8,0x95d9,0x95d9,0x95d9,0x95d9,0x95d9,0x95d9,0x95d9,0x95f9,0x95f9,
0x95f9,0x95b8,0x95b8,0x95d8,0x95f9,0x95f9,0x95f9,0x9df9,0x9df9,0x9df9,0x9e19,0x9e19,0x9e19,0x9e19,0x9e19,0x9e19,0xa619,0xa619,0xa619,0xa63a,0xa63a,0xa63a,0xa63a,0xa63a,
0xa63a,0xa63a,0xa63a,0xa63a,0xae5a,0xae5a,0xae5a,0xae5a,0xae5a,0xae5a,0xa639,0xa639,0xa639,0xae7a,0xae7a,0xae7a,0xae7a,0xae7a,0xae7a,0xae5a,0xae5a,0xae5a,0xae7a,0xae7a,
0xae7a,0xae7a,0xae5a,0xae5a,0xae5a,0xae5a,0xae5a,0xae5a,0xae5a,0xae5a,0xae5a,0xae5a,0xae5a,0xae5a,0xae5a,0xae5a,0xae5a,0xae5a,0xae5a,0xae5a,0xae5a,0xae5a,0xae5a,0xa63a,
0xa63a,0xa63a,0xae5a,0xae5a,0xae5a,0xa63a,0xa63a,0xa63a,0xae5a,0xae5a,0xae5a,0xa63a,0xa63a,0xa63a,0xa63a,0xa63a,0xa63a,0xa63a,0xa63a,0xa63a,0xa65a,0xa65a,0xa65a,0xa63a,
0xa63a,0xa63a,0xa619,0xa619,0xa619,0xa619,0xa619,0xa619,0xa63a,0xa63a,0xa63a,0xa63a,0xa63a,0xa65a,0xae7a,0xae9a,0xb69a,0xbeba,0xbeba,0xbeba,0xb69a,0xb699,0xb679,0xb67a,
0xae5a,0xae5a,0xa65a,0xa63a,0xa63a,0xa63a,0xa619,0xa619,0xae3a,0xae7a,0xae5a,0xae5a,0xa639,0xa639,0xa63a,0xa63a,0xa63a,0xa63a,0xa63a,0xa63a,0xa63a,0xa63a,0xa63a,0xa63a,
0xa63a,0xa63a,0xa63a,0xa619,0xa619,0xa619,0xa619,0xa619,0xa619,0xa619,0xa619,0xa619,0x9e19,0x9e19,0x9e19,0x9df9,0x9df9,0x9df9,0x9df9,0x9df9,0x9df9,0x95f9,0x95f9,0x95f9,
0x95d9,0x95d9,0x95d9,0x95d8,0x95d8,0x95d8,0x95d9,0x95d9,0x95d9,0x8db8,0x8db8,0x8db8,0x8db8,0x8db8,0x8db8,0x8db8,0x8db8,0x8db8,0x8db8,0x8db8,0x8db8,0x8db8,0x8db8,0x8db8,
0x8db8,0x8db8,0x8db8,0x8db8,0x8db8,0x8db8,0x8db8,0x8d98,0x8d98,0x8d98,0x8d98,0x8d98,0x8d98,0x8577,0x8577,0x8598,0x8db8,0x8db8,0x8db8,0x8598,0x8598,0x8598,0x8db8,0x8db8,
0x8db8,0x8598,0x8598,0x8598,0x8db8,0x8db8,0x8db8,0x8dd8,0x8dd8,0x8dd8,0x95d8,0xa619,0xb679,0xcedb,0xdf1c,0xef7c,0xffbe,0xef5c,0xdf1b,0xc6ba,0xbe7a,0xae39,0x9dd8,0x9dd8,
0x9df8,0x9df9,0x9df9,0x9df9,0x9df9,0x9df9,0x9df9,0xa619,0xa619,0xa619,0x9e19,0x9e19,0x9e19,0x9e18,0x9e18,0x9e18,0x9e18,0x9e18,0x9e18,0x9e19,0xa619,0xa619,0x9df8,0x9df8,
0x9df8,0x95f8,0x95f8,0x95f8,0x95f8,0x95d8,0x95d8,0x95d8,0x95d9,0x95d9,0x95d9,0x95d9,0x95d9,0x95d9,0x95f9,0x95f9,0x95f9,0x9dd9,0x95d9,0x95d9,0x95f9,0x95f9,0x95f9,0x9e19,
0x9e19,0x9e19,0x9e19,0x9e19,0x9e19,0x9e19,0x9e19,0xa619,0xa639,0xa639,0xa639,0xa63a,0xa63a,0xa63a,0xa63a,0xa63a,0xa63a,0xa65a,0xa65a,0xa65a,0xae5a,0xae5a,0xae5a,0xae5a,
0xae5a,0xae5a,0xae5a,0xa65a,0xa63a,0xae7a,0xae7a,0xae7a,0xae7a,0xae7a,0xae7a,0xae5a,0xae5a,0xae5a,0xae5a,0xae5a,0xae5a,0xae5a,0xae5a,0xae5a,0xae5a,0xb67b,0xb67b,0xae5a,
0xae5a,0xae5a,0xae5a,0xae7a,0xae7a,0xae5a,0xae5a,0xae5a,0xae5a,0xae5a,0xae5a,0xae5a,0xae5a,0xae5a,0xae5a,0xa65a,0xa65a,0xae5a,0xae5a,0xae5a,0xae5a,0xa63a,0xa63a,0xa63a,
0xae5a,0xae5a,0xae5a,0xa63a,0xa63a,0xa63a,0xa63a,0xa63a,0xa63a,0xa63a,0xa63a,0xa63a,0xa63a,0xa63a,0xa63a,0xa63a,0xa63a,0xa63a,0xa619,0xa619,0xa619,0xa61a,0xa63a,0xa63a,
0xa63a,0xa63a,0xa63a,0xa63a,0xa63a,0xa65a,0xae5a,0xae7a,0xb67a,0xb69a,0xbeba,0xbeba,0xb69a,0xb679,0xb679,0xae5a,0xae5a,0xae5a,0xa63a,0xa63a,0xa63a,0xa63a,0xa63a,0xa61a,
0xa63a,0xae3a,0xae3a,0xa63a,0xa639,0xa639,0xa63a,0xa63a,0xa63a,0xa63a,0xa63a,0xa63a,0xa63a,0xa63a,0xa63a,0xa63a,0xa63a,0xa63a,0xa63a,0xa63a,0xa63a,0xa61a,0xa619,0xa619,
0xa619,0xa619,0xa619,0xa619,0x9e19,0x9e19,0x9e19,0x9df9,0x9df9,0x9df9,0x9df9,0x9df9,0x9df9,0x95f9,0x95f9,0x95f9,0x95f9,0x95f9,0x95f9,0x95d8,0x95d8,0x95d8,0x95d9,0x95d9,
0x95d9,0x8dd8,0x8dd8,0x8dd8,0x8db8,0x8db8,0x8db8,0x8db8,0x8db8,0x8db8,0x8db8,0x8db8,0x8db8,0x8db8,0x8db8,0x8db8,0x8db8,0x8598,0x8d98,0x8db8,0x8db8,0x85b8,0x8db8,0x8db8,
0x8db8,0x8db8,0x8db8,0x8db8,0x8d98,0x8598,0x8578,0x8598,0x8db8,0x85b8,0x85b8,0x85b8,0x85b8,0x85b8,0x8db8,0x8db8,0x8db8,0x8598,0x8598,0x8598,0x8db8,0x8db8,0x8db8,0x8dd9,
0x8dd9,0x95d9,0x95d8,0xa619,0xb679,0xcedb,0xdf1c,0xef7c,0xffbe,0xef5c,0xdf1b,0xc69a,0xb67a,0xae39,0x9dd8,0x9dd8,0x9dd8,0x9dd8,0x9dd8,0x9dd8,0x9df8,0x9df8,0x9e39,0x9df8,
0x9df8,0x9df8,0x9df8,0x9df8,0x9df8,0x9e18,0x9e18,0x9e18,0x9df8,0x9df8,0x9df8,0x9e18,0x9e18,0x9df8,0x9df8,0x9df8,0x95f8,0x95f8,0x95f8,0x95f8,0x95f8,0x95d8,0x8dd8,0x8dd8,
0x8db8,0x8db8,0x8dd9,0x95d9,0x95d9,0x95d9,0x95f9,0x95f9,0x95f9,0x9df9,0x9df9,0x9df9,0x95d9,0x95d9,0x95f9,0x9e19,0x9e19,0x9e19,0x9df9,0x9df9,0x9df9,0xa619,0xa619,0xa619,
0xa639,0xa639,0xa639,0xa63a,0xa63a,0xa63a,0xae3a,0xae3a,0xae3a,0xae5a,0xae5a,0xae5a,0xae3a,0xae3a,0xae3a,0xae5a,0xae5a,0xae5a,0xae5a,0xae5a,0xae5a,0xae7a,0xae7a,0xae7a,
0xae5a,0xae5a,0xae5a,0xae5a,0xae5a,0xae5a,0xae3a,0xae3a,0xae3a,0xae5a,0xae5a,0xae5a,0xb67b,0xb67c,0xb67c,0xb67b,0xae5a,0xae5a,0xae7a,0xae7a,0xae7a,0xae5a,0xae3a,0xae3a,
0xae3a,0xae3a,0xae3a,0xae3a,0xae5a,0xae5a,0xae5a,0xae5a,0xae5a,0xae5a,0xa63a,0xa63a,0xa63a,0xa63a,0xa63a,0xa63a,0xa63a,0xa63a,0xa63a,0xa63a,0xa63a,0xa63a,0xa619,0xa619,
0xa619,0xa63a,0xa63a,0xa63a,0xa619,0xa619,0xa619,0xa619,0xa619,0xa619,0x9df9,0x9df9,0x9df9,0xa63a,0xa63a,0xa63a,0xa619,0xa619,0xa619,0xa63a,0xa63a,0xa65a,0xa639,0xa639,
0xae59,0xb67a,0xb69a,0xb69a,0xb67a,0xb679,0xae59,0xa659,0xa639,0xa639,0xa63a,0xa63a,0xa63a,0xa63a,0xa63a,0xa63a,0xa63a,0xa619,0xa619,0xa619,0xa619,0xa619,0xa63a,0xa63a,
0xa63a,0xa63a,0xa63a,0xa63a,0xa63a,0xa63a,0xa63a,0xa63a,0xa63a,0xa63a,0xa63a,0xa63a,0xa63a,0xa63a,0x9df9,0x9df9,0x9df9,0x9e19,0x9e19,0x9e19,0x9e19,0x9e19,0x9e19,0x9df9,
0x9df9,0x9df9,0x9df9,0x9df9,0x9df9,0x95d9,0x95d9,0x95d9,0x95f9,0x95f9,0x95f9,0x95d8,0x95d8,0x95d8,0x95d8,0x95d8,0x95d8,0x8dd8,0x8dd8,0x8dd8,0x8db8,0x8db8,0x8db8,0x8db8,
0x8db8,0x8db8,0x8db8,0x8db8,0x8db8,0x8db8,0x8d98,0x8d98,0x8598,0x8577,0x8577,0x8578,0x8598,0x8598,0x85b8,0x8db8,0x8db8,0x8db8,0x8db8,0x8db8,0x8db8,0x8598,0x8598,0x8598,
0x8598,0x8598,0x8598,0x8db8,0x8db8,0x8db8,0x8db8,0x8db8,0x8db8,0x8d98,0x8d98,0x8d98,0x8db8,0x8db8,0x8db8,0x95d9,0x95d9,0x95d9,0x95d8,0xa619,0xb679,0xcedb,0xdf1c,0xef7c,
0xffbe,0xef5c,0xdf1b,0xc6ba,0xb659,0xa618,0x95d7,0x95d7,0x95d7,0x9dd8,0x9dd8,0x9dd8,0x9df8,0x9df8,0x9df8,0x9df8,0x9df8,0x9df8,0x9df8,0x9df8,0x9df8,0x9e18,0x9e18,0x9e18,
0x9df8,0x9df8,0x9dd8,0x9df8,0x9df8,0x9df8,0x9df8,0x95f8,0x95f8,0x95f8,0x95f8,0x95f8,0x95f8,0x8dd8,0x8dd8,0x8dd8,0x8db8,0x8db8,0x8dd9,0x95d9,0x95d9,0x95d9,0x95f9,0x95f9,
0x95f9,0x9df9,0x9df9,0x9df9,0x95d9,0x95d9,0x95f9,0x9e19,0x9e19,0x9e19,0x9df9,0x9df9,0x9df9,0xa619,0xa619,0xa619,0xa639,0xa639,0xa639,0xa63a,0xa63a,0xa63a,0xae3a,0xae3a,
0xae3a,0xae5a,0xae5a,0xae5a,0xae3a,0xae3a,0xae3a,0xae5a,0xae5a,0xae5a,0xae5a,0xae5a,0xae5a,0xae7a,0xae7a,0xae7a,0xae5a,0xae5a,0xae5a,0xae5a,0xae5a,0xae5a,0xae3a,0xae3a,
0xae3a,0xae5a,0xae5a,0xae5a,0xb67b,0xb67c,0xb67c,0xb67b,0xae5a,0xae5a,0xae7a,0xae7a,0xae7a,0xae5a,0xae3a,0xae3a,0xae3a,0xae3a,0xae3a,0xae3a,0xae5a,0xae5a,0xae5a,0xae5a,
0xae5a,0xae5a,0xa63a,0xa63a,0xa63a,0xa63a,0xa63a,0xa63a,0xa63a,0xa63a,0xa63a,0xa63a,0xa63a,0xa63a,0xa619,0xa619,0xa619,0xa63a,0xa63a,0xa63a,0xa619,0xa619,0xa619,0xa619,
0xa619,0xa619,0x9df9,0x9df9,0x9df9,0xa63a,0xa63a,0xa63a,0xa619,0xa619,0xa619,0xa63a,0xa63a,0xa63a,0xa639,0xa639,0xae39,0xae7a,0xae7a,0xb67a,0xb67a,0xae59,0xae39,0xa639,
0xa639,0xa619,0xa63a,0xa63a,0xa63a,0xa63a,0xa63a,0xa63a,0xa63a,0xa619,0xa619,0xa619,0xa619,0xa619,0xa63a,0xa63a,0xa63a,0xa63a,0xa63a,0xa63a,0xa63a,0xa63a,0xa63a,0xa63a,
0xa63a,0xa63a,0xa63a,0xa63a,0xa63a,0xa63a,0x9df9,0x9df9,0x9df9,0x9e19,0x9e19,0x9e19,0x9e19,0x9e19,0x9e19,0x9df9,0x9df9,0x9df9,0x9df9,0x9df9,0x9df9,0x95d9,0x95d9,0x95d9,
0x95f9,0x95f9,0x95f9,0x95d8,0x95d8,0x95d8,0x95d8,0x95d8,0x95d8,0x8dd8,0x8dd8,0x8dd8,0x8db8,0x8db8,0x8db8,0x8db8,0x8db8,0x8db8,0x8db8,0x8db8,0x8db8,0x8db8,0x8d98,0x8d98,
0x8598,0x8577,0x8577,0x8598,0x8598,0x8598,0x85b8,0x8db8,0x8db8,0x8db8,0x8db8,0x8db8,0x8db8,0x8598,0x8598,0x8598,0x8598,0x8598,0x8598,0x8db8,0x8db8,0x8db8,0x8db8,0x8db8,
0x8db8,0x8d98,0x8d98,0x8d98,0x8db8,0x8db8,0x8db8,0x95d9,0x95d9,0x95d9,0x95d8,0xa619,0xb679,0xcedb,0xdf1c,0xef7c,0xffbe,0xef5c,0xdf1b,0xc6ba,0xb659,0xa618,0x95f8,0x95d8,
0x95d8,0x9dd8,0x9dd8,0x9dd8,0x9df8,0x9df8,0x9df8,0x9df8,0x9df8,0x9df8,0x9df8,0x9df8,0x9df8,0x9e18,0x9e18,0x9e18,0x9df8,0x9df8,0x9dd8,0x9df8,0x9df8,0x9df8,0x95f8,0x95f8,
0x95f8,0x95f8,0x95f8,0x95f8,0x8dd8,0x8dd8,0x8dd8,0x8dd8,0x8db9,0x8db8,0x95d9,0x95d9,0x95d9,0x95d9,0x95f9,0x95f9,0x95f9,0x9e19,0x9df9,0x9df9,0x95d9,0x95d9,0x9df9,0x9e19,
0x9e19,0x9e19,0x9df9,0x9df9,0xa619,0xa619,0xa619,0xa619,0xa63a,0xa63a,0xa63a,0xa63a,0xa63a,0xa63a,0xae3a,0xae3a,0xae3a,0xae5a,0xae5a,0xae5a,0xae3a,0xae3a,0xae3a,0xae5a,
0xae5a,0xae5a,0xae5a,0xae5a,0xae5a,0xae7b,0xae7b,0xae7b,0xae5a,0xae5a,0xae5a,0xae5a,0xae5a,0xae5a,0xae5a,0xae5a,0xae5a,0xae5a,0xae5a,0xae5a,0xae5b,0xb67b,0xb67b,0xae5b,
0xae5a,0xae5a,0xae7a,0xae7a,0xae7a,0xae5a,0xae3a,0xae3a,0xae5a,0xae5a,0xae5a,0xae5a,0xae5a,0xae5a,0xae5a,0xae5a,0xae5a,0xae5a,0xa63a,0xa63a,0xa63a,0xa63a,0xa63a,0xa63a,
0xa63a,0xa63a,0xa63a,0xa63a,0xa63a,0xa63a,0xa619,0xa619,0xa619,0xa63a,0xa63a,0xa63a,0xa619,0xa619,0xa619,0xa619,0xa619,0xa619,0x9df9,0x9df9,0x9df9,0xa63a,0xa63a,0xa63a,
0xa61a,0xa61a,0xa61a,0xa63a,0xa63a,0xa63a,0xa639,0xa639,0xae39,0xae5a,0xae5a,0xae5a,0xae59,0xae59,0xae39,0xa639,0xa63a,0xa61a,0xa61a,0xa61a,0xa61a,0xa63a,0xa63a,0xa63a,
0xa61a,0xa619,0xa619,0xa619,0xa619,0xa619,0xa619,0xa63a,0xa63a,0xa63a,0xa63a,0xa63a,0xa63a,0xa63a,0xa63a,0xa63a,0xa63a,0xa63a,0xa63a,0xa61a,0xa61a,0xa61a,0x9df9,0x9df9,
0x9df9,0x9e19,0x9e19,0x9e19,0x9e19,0x9e19,0x9e19,0x9df9,0x9df9,0x9df9,0x9dd9,0x9dd9,0x9dd9,0x95d9,0x95d9,0x95d9,0x95d9,0x95d9,0x95d9,0x95d8,0x95d8,0x95d8,0x95b8,0x95b8,
0x95b8,0x8dd8,0x8dd8,0x8dd8,0x8db8,0x8db8,0x8db8,0x8db8,0x8db8,0x8db8,0x8db8,0x8db8,0x8db8,0x8db8,0x8d98,0x8d98,0x8d98,0x8597,0x8597,0x8598,0x8598,0x8598,0x8598,0x8db8,
0x8db8,0x8db8,0x8d98,0x8d98,0x8598,0x85b8,0x8598,0x8598,0x8598,0x8598,0x8598,0x8db8,0x8db8,0x8db8,0x8db8,0x8db8,0x8db8,0x8db8,0x8db8,0x8db8,0x8db8,0x8db8,0x8db8,0x95d9,
0x95d9,0x95d9,0x95d8,0xa639,0xb67a,0xcedb,0xdf1c,0xef7c,0xffbe,0xef5c,0xdf1b,0xc6ba,0xb659,0xa618,0x95f8,0x95f8,0x95f8,0x95d7,0x95d7,0x95d7,0x95f8,0x95f8,0x95f8,0x95d8,
0x95d8,0x95d8,0x9e18,0x9e18,0x9e18,0x9e18,0x9e18,0x9df8,0x95d8,0x95d8,0x95d8,0x95f8,0x95f8,0x95f8,0x95f8,0x95f8,0x95d8,0x95d8,0x95d8,0x8dd8,0x8dd8,0x8dd8,0x8dd8,0x8dd9,
0x95d9,0x95d9,0x95d9,0x95d9,0x95d9,0x95d9,0x95d8,0x95d8,0x95f8,0x9e19,0x9e19,0x9e19,0x9df9,0x9df9,0x9df9,0x9e19,0x9e19,0x9e19,0xa619,0xa619,0xa619,0xa639,0xa639,0xa639,
0xa63a,0xa63a,0xa63a,0xae5a,0xae5a,0xae5a,0xae5a,0xae5a,0xae5a,0xae7a,0xae7a,0xae7a,0xae5a,0xae5a,0xae5a,0xb67a,0xb67a,0xb67a,0xb67a,0xb67a,0xb67a,0xb67b,0xb67b,0xb67c,
0xae5a,0xae5a,0xae5a,0xae5a,0xae5a,0xae5a,0xae7a,0xae7a,0xae7a,0xae7a,0xae5a,0xae5a,0xae5a,0xae5a,0xae5a,0xae5a,0xae5a,0xae5a,0xb67a,0xb67a,0xb67a,0xb67a,0xae5a,0xae5a,
0xae7a,0xae7a,0xae7a,0xae7a,0xae7a,0xae7a,0xae7a,0xae5a,0xae5a,0xae5a,0xae5a,0xae5a,0xae5a,0xa63a,0xa63a,0xa63a,0xa63a,0xa63a,0xa63a,0xa63a,0xa63a,0xa63a,0xa619,0xa619,
0xa619,0xa63a,0xa63a,0xa63a,0xa619,0xa619,0xa619,0x9e19,0x9e19,0x9e19,0x9e19,0x9e19,0x9e19,0x9e19,0x9e19,0x9e19,0xa61a,0xa61a,0xa61a,0x9e19,0x9e19,0x9e19,0xa639,0xa639,
0xa639,0xa639,0xa639,0xa639,0xa639,0xa639,0xa639,0xa63a,0xa63a,0xa61a,0x9e1a,0x9df9,0x9df9,0x9df9,0x9e19,0x9e19,0x9e19,0x9df9,0x9df9,0x9df9,0x9df9,0x9df9,0x9e19,0xa619,
0xa619,0xa619,0x9e19,0x9e19,0x9e19,0x9e19,0x9e19,0x9e19,0xa63a,0xa63a,0xa63a,0x9df9,0x9df9,0x9df9,0x9df9,0x9df9,0x9df9,0x9e19,0x9e19,0x9e19,0x95f9,0x95f9,0x95f9,0x95d9,
0x95d9,0x95d9,0x95b8,0x95b8,0x95b8,0x8db8,0x8db8,0x8db8,0x8db8,0x8db8,0x8db8,0x8db8,0x8db8,0x8db8,0x8d98,0x8d98,0x8d98,0x8dd8,0x8dd8,0x8dd8,0x85b8,0x8598,0x8598,0x8598,
0x8598,0x8598,0x8598,0x8598,0x8598,0x8db8,0x8db8,0x8db8,0x8db8,0x8db8,0x8db8,0x85b8,0x8598,0x8598,0x8598,0x8d98,0x8d98,0x8d78,0x8577,0x8577,0x8598,0x8db8,0x8db8,0x8db8,
0x8598,0x8598,0x8598,0x8db8,0x8db8,0x8db8,0x8db8,0x8db8,0x8db8,0x8dd8,0x8dd8,0x8dd8,0x8db8,0x8db8,0x8db8,0x8dd8,0x8dd8,0x8dd8,0x9df9,0xae3a,0xbe9a,0xcedb,0xdf1c,0xef7c,
0xffbe,0xef5c,0xd71b,0xc6ba,0xb659,0xa618,0x95f8,0x95d8,0x95d8,0x95b7,0x95d7,0x95d7,0x95f8,0x95f8,0x95f8,0x95d8,0x95d8,0x95d8,0x9df8,0x9df8,0x9df8,0x9df8,0x9df8,0x9df8,
0x9dd8,0x95d8,0x8dd8,0x95f8,0x95f8,0x95f8,0x95f8,0x95d8,0x95d8,0x95d8,0x8dd8,0x8dd8,0x8dd8,0x8dd8,0x8db8,0x8dd9,0x95d9,0x95d9,0x95d9,0x95d9,0x95d9,0x95d9,0x95d8,0x95d8,
0x95f8,0x9e19,0x9e19,0x9e19,0x9df9,0x9df9,0x9df9,0x9e19,0x9e19,0x9e19,0xa619,0xa619,0xa619,0xa639,0xa639,0xa639,0xa63a,0xa63a,0xa63a,0xae5a,0xae5a,0xae5a,0xae5a,0xae5a,
0xae5a,0xae7a,0xae7a,0xae7a,0xae5a,0xae5a,0xae5a,0xb67a,0xb67a,0xb67a,0xb67a,0xb67a,0xb67a,0xb67b,0xb67b,0xb67c,0xae5a,0xae5a,0xae5a,0xae5a,0xae5a,0xae5a,0xae7a,0xae7a,
0xae7a,0xae7a,0xae5a,0xae5a,0xae5a,0xae5a,0xae5a,0xae5a,0xae5a,0xae5a,0xb67a,0xb67a,0xb67a,0xb67a,0xae5a,0xae5a,0xae7a,0xae7a,0xae7a,0xae7a,0xae7a,0xae7a,0xae7a,0xae5a,
0xae5a,0xae5a,0xae5a,0xae5a,0xae5a,0xa63a,0xa63a,0xa63a,0xa63a,0xa63a,0xa63a,0xa63a,0xa63a,0xa63a,0xa619,0xa619,0xa619,0xa63a,0xa63a,0xa63a,0xa619,0xa619,0xa619,0x9e19,
0x9e19,0x9e19,0x9e19,0x9e19,0x9e19,0x9e19,0x9e19,0x9e19,0xa61a,0xa61a,0xa61a,0x9e1a,0x9e19,0x9e19,0x9e19,0x9e19,0x9e19,0xa639,0xa639,0xa639,0xa639,0xa639,0x9e19,0xa61a,
0xa61a,0xa61a,0x9e1a,0x9df9,0x9df9,0x9e19,0x9e19,0x9e19,0x9e19,0x9df9,0x9df9,0x9df9,0x9df9,0x9df9,0x9e19,0xa619,0xa619,0xa619,0x9e19,0x9e19,0x9e19,0x9e19,0x9e19,0x9e19,
0xa63a,0xa63a,0xa63a,0x9df9,0x9df9,0x9df9,0x9df9,0x9df9,0x9df9,0x9e19,0x9e19,0x9e19,0x95f9,0x95f9,0x95f9,0x95d9,0x95d9,0x95d9,0x95b8,0x95b8,0x95b8,0x8db8,0x8db8,0x8db8,
0x8db8,0x8db8,0x8db8,0x8db8,0x8db8,0x8db8,0x8d98,0x8d98,0x8d98,0x8dd8,0x8dd8,0x8df8,0x85b8,0x8598,0x8598,0x8598,0x8598,0x8598,0x8598,0x8598,0x8598,0x8db8,0x8db8,0x8db8,
0x8db8,0x8db8,0x8db8,0x85b8,0x8598,0x8598,0x8598,0x8d98,0x8d98,0x8d98,0x8577,0x8577,0x8598,0x8db8,0x8db8,0x8db8,0x8598,0x8598,0x8598,0x8db8,0x8db8,0x8db8,0x8db8,0x8db8,
0x8db8,0x8dd8,0x8dd8,0x8dd8,0x8db8,0x8db8,0x8db8,0x8dd8,0x8dd8,0x8dd8,0x9df9,0xae3a,0xbe9a,0xcedb,0xdf1c,0xef7c,0xffbe,0xe75c,0xd71b,0xc6ba,0xb659,0x9e18,0x95d8,0x8db8,
0x95b8,0x95b7,0x95b7,0x95b7,0x95f8,0x95f8,0x95f8,0x95d8,0x95d8,0x95d8,0x9dd8,0x9dd8,0x9dd8,0x9dd8,0x95d8,0x95d8,0x95d8,0x95d8,0x8dd8,0x8dd8,0x95d8,0x95d8,0x95d8,0x95d8,
0x95d8,0x8dd8,0x85d8,0x8dd8,0x8dd8,0x8dd8,0x8db8,0x8db8,0x95d9,0x95d9,0x95d9,0x95d9,0x95d9,0x95d9,0x95d8,0x95d8,0x95d8,0x9e19,0x9e19,0x9e19,0x9df9,0x9df9,0x9df9,0x9e3a,
0x9e19,0x9e39,0xa639,0xa639,0xa639,0xa639,0xa639,0xa63a,0xa63a,0xa63a,0xa63a,0xae5a,0xae5a,0xae5a,0xae5a,0xae5a,0xae5a,0xae7a,0xae7b,0xae7b,0xae5b,0xae5b,0xae5b,0xb67b,
0xb67b,0xb67b,0xb67b,0xb67b,0xb67a,0xb67b,0xb67b,0xb67b,0xb67b,0xae7a,0xae7b,0xae7a,0xae5a,0xae5a,0xae7a,0xae7a,0xae7a,0xae7a,0xae7b,0xae7b,0xae7b,0xae7b,0xae7b,0xae7b,
0xae5b,0xae5b,0xb67a,0xb67a,0xb67a,0xae5a,0xae5a,0xae5a,0xae7a,0xae7a,0xae7a,0xae7a,0xae5a,0xae7a,0xae5a,0xae5a,0xae5a,0xae5a,0xae5a,0xae5a,0xae5a,0xa63a,0xa63a,0xa63a,
0xa63a,0xa63a,0xa63a,0xa63a,0xa63a,0xa63a,0xa619,0xa619,0xa619,0xa63a,0xa63a,0xa63a,0xa619,0xa619,0xa619,0x9e19,0x9e19,0x9e19,0x9e19,0x9e19,0x9e19,0x9e19,0x9e19,0x9e19,
0x9e19,0x9e1a,0x9e1a,0x9e19,0x9e19,0x9e19,0x9df9,0x9df9,0x9df9,0x9e19,0xa639,0xa639,0xa639,0xa619,0x9e19,0x9e1a,0xa61a,0xa61a,0x9df9,0x9df9,0x9df9,0x9df9,0x9e19,0x9e19,
0x9df9,0x9df9,0x9df9,0x9df9,0x9df9,0x9df9,0x9e19,0xa619,0xa619,0x9e19,0x9e19,0x9e19,0x9e19,0x9e19,0x9e19,0x9e19,0xa63a,0xa63a,0xa61a,0x9df9,0x9df9,0x9df9,0x9df9,0x9df9,
0x9df9,0x9e19,0x9e19,0x9e19,0x95f9,0x95f9,0x95f9,0x95d9,0x95d9,0x95d9,0x95b8,0x95b8,0x95b8,0x8db8,0x8db8,0x8db8,0x8db8,0x8db8,0x8db8,0x8db8,0x8db8,0x8db8,0x8db8,0x8d98,
0x8d98,0x8db8,0x8dd8,0x8dd8,0x8598,0x8598,0x8598,0x8598,0x8598,0x8598,0x8598,0x8598,0x8598,0x8598,0x8db8,0x8db8,0x8db8,0x8db8,0x8db8,0x8598,0x8598,0x8598,0x8598,0x8d98,
0x8d98,0x8598,0x8597,0x8597,0x8598,0x8db8,0x8db8,0x85b8,0x8598,0x8598,0x8598,0x8db8,0x8db8,0x8db8,0x8db8,0x8db8,0x8db8,0x8dd8,0x8dd8,0x8dd8,0x8db8,0x8db8,0x8db8,0x8dd8,
0x8dd8,0x8dd8,0x9df9,0xa639,0xb69a,0xcedb,0xdf1c,0xef7c,0xffbe,0xe75c,0xd71b,0xc6ba,0xae59,0x9e18,0x85b7,0x8597,0x8d97,0x8d97,0x8d97,0x8d97,0x95d8,0x95d8,0x95d8,0x95b8,
0x95b8,0x95b8,0x95b7,0x95b7,0x95b7,0x8db7,0x8db7,0x8db7,0x8db7,0x8db7,0x8db7,0x8db8,0x8db8,0x8db8,0x8db8,0x8db8,0x85b8,0x85b8,0x85b8,0x85b8,0x85b8,0x8db8,0x8db8,0x8db8,
0x8db8,0x8db8,0x8db8,0x8db8,0x8db8,0x8db8,0x95b8,0x95b8,0x95d8,0x9df9,0x9df9,0x9df9,0x9df9,0x9df9,0x9e19,0xa63a,0xa63a,0xa63a,0xae5a,0xae5a,0xae5a,0xae5a,0xae5a,0xae5a,
0xae5a,0xae5a,0xae5a,0xae7a,0xae7a,0xae7a,0xae5a,0xae5a,0xae5a,0xb69b,0xb69b,0xb69b,0xb67b,0xb67b,0xb67b,0xb69b,0xb69b,0xb69b,0xb69b,0xb69b,0xb69c,0xb67a,0xb67a,0xb67a,
0xb69b,0xb69b,0xb69c,0xb67b,0xb67a,0xb67a,0xae7a,0xae7a,0xae7a,0xb69b,0xb69c,0xb69b,0xb69b,0xb69b,0xb69b,0xb69b,0xb67b,0xb67c,0xb67b,0xae5a,0xae5a,0xae5a,0xae5a,0xae5a,
0xae7a,0xae7a,0xae7a,0xae5a,0xae3a,0xae3a,0xae3a,0xae3a,0xae3a,0xae3a,0xa639,0xa639,0xa639,0xae5a,0xae5a,0xae5a,0xae5a,0xae5a,0xae5a,0xa63a,0xa63a,0xa63a,0xa63a,0xa63a,
0xa63a,0xa619,0xa619,0xa619,0x9df9,0x9df9,0x9df9,0x9e19,0x9e19,0x9e19,0x95d8,0x95d8,0x95d8,0x95d8,0x95d8,0x95d8,0x95d8,0x95d8,0x95d8,0x95d8,0x95d8,0x95d8,0x95d9,0x95d9,
0x95d9,0x9df9,0x9df9,0x9df9,0x9df9,0x9df9,0x9df9,0x9df9,0x9df9,0x9df9,0x9df9,0x9df9,0x9df9,0x9df9,0x9df9,0x9df9,0x9df9,0x9df9,0x9df9,0x9df9,0x9df9,0x9df9,0x9e19,0x9e19,
0x9e19,0x9e19,0x9e19,0x9e19,0x9e19,0x9df9,0x9df9,0x9df9,0x9e19,0x9e19,0x9e19,0x9e19,0x9e19,0x9e19,0x9df9,0x9df9,0x9df9,0x9df9,0x9df9,0x9df9,0x95d8,0x95d8,0x95d8,0x95f9,
0x95f9,0x95f9,0x8db8,0x8db8,0x8db8,0x8db8,0x8db8,0x8db8,0x8db8,0x8db8,0x8db8,0x8db8,0x8db8,0x8db8,0x8db8,0x8db8,0x8db8,0x8d98,0x8d98,0x8d98,0x8598,0x8598,0x8598,0x8598,
0x8598,0x8598,0x8578,0x8577,0x8577,0x8577,0x8577,0x8577,0x8577,0x8577,0x8577,0x8598,0x8598,0x8598,0x8598,0x8598,0x8598,0x85b8,0x8db8,0x8db8,0x8db8,0x8598,0x8598,0x8598,
0x8d98,0x8d98,0x8d98,0x8db8,0x8db8,0x8db8,0x8db8,0x8db8,0x8db8,0x95d9,0x95d9,0x95d9,0x8db8,0x8db8,0x8db8,0x8db8,0x8db8,0x8db8,0x95d8,0xa619,0xb679,0xcedb,0xdf1c,0xef7c,
0xffbe,0xe75c,0xd6fb,0xbe9a,0xae39,0x95d8,0x8577,0x7d77,0x7d77,0x7d77,0x7d77,0x7d77,0x8598,0x85b8,0x85b8,0x8598,0x8598,0x8598,0x8597,0x8597,0x8597,0x8597,0x8597,0x8597,
0x8597,0x8597,0x8597,0x8598,0x8598,0x8598,0x8598,0x8598,0x8598,0x8598,0x8598,0x8598,0x85b8,0x8db8,0x8db8,0x8db8,0x8db8,0x8db8,0x8db8,0x8db8,0x8db8,0x8db8,0x95b8,0x95b8,
0x95d8,0x9df9,0x9df9,0x9df9,0x9df9,0x9df9,0x9e19,0xa63a,0xa63a,0xa63a,0xae5a,0xae5a,0xae5a,0xae5a,0xae5a,0xae5a,0xae5a,0xae5a,0xae5a,0xae7a,0xae7a,0xae7a,0xae5a,0xae5a,
0xae5a,0xb69b,0xb69b,0xb69b,0xb67b,0xb67b,0xb67b,0xb69b,0xb69b,0xb69b,0xb69b,0xb69b,0xb69b,0xb67a,0xb67a,0xb67a,0xb69b,0xb69b,0xb69b,0xb67b,0xb67a,0xb67a,0xae7a,0xae7a,
0xae7a,0xb69b,0xb69b,0xb69b,0xb69b,0xb69b,0xb69b,0xb69b,0xb67b,0xb67b,0xb67b,0xae5a,0xae5a,0xae5a,0xae5a,0xae5a,0xae7a,0xae7a,0xae7a,0xae5a,0xae3a,0xae3a,0xae3a,0xae3a,
0xae3a,0xae3a,0xa639,0xa639,0xa639,0xae5a,0xae5a,0xae5a,0xae5a,0xae5a,0xae5a,0xa63a,0xa63a,0xa63a,0xa63a,0xa63a,0xa63a,0xa619,0xa619,0xa619,0x9df9,0x9df9,0x9df9,0x9e19,
0x9e19,0x9e19,0x95d8,0x95d8,0x95d8,0x95d8,0x95d8,0x95d8,0x95d8,0x95d8,0x95d8,0x95d8,0x95d8,0x95d8,0x95d9,0x95d9,0x95d9,0x9df9,0x9df9,0x9df9,0x9df9,0x9df9,0x9df9,0x9df9,
0x9df9,0x9df9,0x9df9,0x9df9,0x9df9,0x9df9,0x9df9,0x9df9,0x9df9,0x9df9,0x9df9,0x9df9,0x9df9,0x9df9,0x9e19,0x9e19,0x9e19,0x9e19,0x9e19,0x9e19,0x9e19,0x9df9,0x9df9,0x9df9,
0x9e19,0x9e19,0x9e19,0x9e19,0x9e19,0x9e19,0x9df9,0x9df9,0x9df9,0x9df9,0x9df9,0x9df9,0x95d8,0x95d8,0x95d8,0x95f9,0x95f9,0x95f9,0x8db8,0x8db8,0x8db8,0x8db8,0x8db8,0x8db8,
0x8db8,0x8db8,0x8db8,0x8db8,0x8db8,0x8db8,0x8db8,0x8db8,0x8db8,0x8d98,0x8d98,0x8d98,0x8598,0x8598,0x8598,0x8598,0x8598,0x8598,0x8578,0x8577,0x8577,0x8577,0x8577,0x8577,
0x8577,0x8577,0x8577,0x8598,0x8598,0x8598,0x8598,0x8598,0x8598,0x85b8,0x8db8,0x8db8,0x8db8,0x8598,0x8598,0x8598,0x8d98,0x8d98,0x8d98,0x8db8,0x8db8,0x8db8,0x8db8,0x8db8,
0x8db8,0x95d9,0x95d9,0x95d9,0x8db8,0x8db8,0x8db8,0x8db8,0x8db8,0x8db8,0x95d8,0xa619,0xb679,0xcedb,0xdf1c,0xef7c,0xffbe,0xe75c,0xd6fb,0xbe9a,0xa639,0x95d8,0x7d77,0x7d57,
0x7d57,0x7d57,0x7d57,0x7d57,0x8598,0x8598,0x8598,0x8578,0x8578,0x8578,0x8578,0x8577,0x8577,0x8577,0x8577,0x8577,0x8577,0x8577,0x8577,0x8598,0x8598,0x8598,0x8598,0x8598,
0x8598,0x8598,0x8598,0x8598,0x8598,0x8db8,0x8db8,0x8db8,0x8db8,0x8db8,0x8db8,0x8db8,0x8db8,0x95b8,0x95d8,0x95b8,0x95d9,0x9df9,0x9df9,0x9df9,0x9df9,0x9df9,0x9e19,0xa63a,
0xa63a,0xa63a,0xae5a,0xae5a,0xae5a,0xae5a,0xae5a,0xae5a,0xae5a,0xae5a,0xae5a,0xae7a,0xae7a,0xae7a,0xae7a,0xae7a,0xae7a,0xb69b,0xb69b,0xb69b,0xb67b,0xb67b,0xb67b,0xb69b,
0xb69b,0xb69b,0xb69b,0xb69b,0xb69b,0xb69b,0xb67a,0xb67a,0xb69b,0xb69b,0xb69b,0xb67b,0xb67a,0xb67a,0xb67a,0xae7a,0xae7a,0xb67b,0xb69b,0xb69b,0xb69b,0xb69b,0xb69b,0xb67b,
0xb67b,0xb67b,0xae5b,0xae5a,0xae5a,0xae5a,0xae5a,0xae5a,0xae5a,0xae7a,0xae7a,0xae5a,0xae3a,0xae3a,0xae3a,0xae3a,0xae3a,0xae3a,0xa639,0xa639,0xa639,0xae5a,0xae5a,0xae5a,
0xae5a,0xae5a,0xae3a,0xa63a,0xa63a,0xa63a,0xa63a,0xa63a,0xa63a,0xa619,0xa619,0xa619,0x9df9,0x9df9,0x9df9,0x9e19,0x9e19,0x9e19,0x95d8,0x95d8,0x95d8,0x95d8,0x95d8,0x95d8,
0x95d8,0x95d8,0x95d8,0x95d8,0x95d8,0x95d8,0x95d9,0x95d9,0x95d9,0x9df9,0x9df9,0x9df9,0x9df9,0x9df9,0x9df9,0x9df9,0x9df9,0x9df9,0x9df9,0x9df9,0x9df9,0x9df9,0x9df9,0x9df9,
0x9df9,0x9df9,0x9df9,0x9df9,0x9df9,0x9df9,0x9df9,0x9e19,0x9e19,0x9e19,0x9e19,0x9e19,0x9e19,0x9df9,0x9df9,0x9df9,0x9e19,0x9e19,0x9e19,0x9e19,0x9e19,0x9e19,0x9df9,0x9df9,
0x9df9,0x9df9,0x9df9,0x9df9,0x95d8,0x95d8,0x95d8,0x95f9,0x95f9,0x95f9,0x8db8,0x8db8,0x8db8,0x8db8,0x8db8,0x8db8,0x8db8,0x8db8,0x8db8,0x8db8,0x8db8,0x8db8,0x8db8,0x8db8,
0x8db8,0x8d98,0x8d98,0x8d98,0x8598,0x8598,0x8598,0x8598,0x8598,0x8598,0x8598,0x8597,0x8597,0x8597,0x8577,0x8577,0x8577,0x8577,0x8577,0x8578,0x8598,0x8598,0x8598,0x8598,
0x8598,0x85b8,0x8db8,0x8db8,0x8598,0x8598,0x8598,0x8598,0x8d98,0x8d98,0x8d98,0x8db8,0x8db8,0x8db8,0x8db8,0x8db8,0x8db8,0x95d9,0x95d9,0x95d9,0x8db8,0x8db8,0x8db8,0x8db8,
0x8db8,0x8dd8,0x95d8,0xa639,0xb67a,0xcedb,0xdf1c,0xef7c,0xffbe,0xe75c,0xd6fb,0xbe9a,0xa639,0x95d8,0x7d77,0x7d57,0x7d57,0x7d57,0x7d57,0x7d57,0x8577,0x8577,0x8577,0x8577,
0x8577,0x8577,0x8578,0x8578,0x8578,0x8577,0x8577,0x8577,0x8578,0x8578,0x8578,0x8598,0x8598,0x8598,0x8d98,0x8d98,0x8d98,0x8598,0x8598,0x8598,0x8598,0x8d98,0x8d98,0x8db8,
0x8db8,0x8db8,0x8dd9,0x95d9,0x95d9,0x95d9,0x95f9,0x95f9,0x95f9,0x9df9,0x9df9,0x9df9,0x9e19,0x9e19,0x9e19,0xa619,0xa619,0xa619,0xa63a,0xa63a,0xa63a,0xae7a,0xae7a,0xae7a,
0xae7a,0xae7a,0xae7a,0xae7a,0xae7a,0xae7a,0xb69b,0xb69b,0xb69b,0xb67a,0xb67a,0xb67a,0xb69b,0xb69b,0xb69b,0xb67a,0xb67a,0xb67a,0xb69b,0xb69b,0xb69b,0xb69b,0xb69b,0xb69b,
0xb69b,0xb69b,0xb69b,0xae7b,0xae5a,0xae5a,0xb67b,0xb67b,0xb67c,0xb67b,0xb67a,0xb67a,0xb67b,0xb67b,0xb67b,0xb67b,0xae5a,0xae5a,0xae5a,0xae5a,0xae5a,0xae5a,0xae5a,0xae5a,
0xae5a,0xae5a,0xae5a,0xae5a,0xae5a,0xae5a,0xae5a,0xa63a,0xa63a,0xa63a,0xa619,0xa619,0xa619,0xa63a,0xa63a,0xa63a,0xa619,0xa619,0xa619,0xa63a,0xa63a,0xa63a,0x9df9,0x9df9,
0x9df9,0x9dd9,0x9dd9,0x9dd9,0x95d9,0x95d9,0x95d9,0x9df9,0x9df9,0x9df9,0x95b8,0x95b8,0x95b8,0x95d9,0x95d9,0x95d9,0x95d8,0x95d8,0x95d8,0x95d8,0x95d8,0x95d8,0x95d8,0x95d8,
0x95d8,0x95f9,0x95f9,0x95f9,0x9df9,0x9df9,0x9df9,0x95f9,0x95d8,0x95d8,0x95f9,0x95f9,0x95f9,0x95f9,0x95f9,0x95f9,0x95f9,0x95f9,0x95f9,0x95f9,0x95d9,0x95d9,0x95f9,0x9df9,
0x9df9,0x9df9,0x9df9,0x9df9,0x9df9,0x9df9,0x9df9,0x9df9,0x9df9,0x9df9,0x9df9,0x95f9,0x95f9,0x95f9,0x95d8,0x95d8,0x95d8,0x95b8,0x95b8,0x95b8,0x95f9,0x95f9,0x95f9,0x95d9,
0x95d9,0x95d9,0x95d9,0x95d9,0x95d9,0x8db8,0x8db8,0x8db8,0x8db8,0x8db8,0x8db8,0x8d98,0x8d98,0x8d98,0x8db8,0x8db8,0x8db8,0x8598,0x8598,0x8598,0x8d98,0x8d98,0x8d98,0x8598,
0x8598,0x8598,0x8db8,0x8db8,0x8db8,0x85b8,0x8598,0x8598,0x8598,0x8577,0x8577,0x8578,0x8578,0x8578,0x8598,0x8db8,0x8db8,0x8db8,0x8598,0x8598,0x8598,0x8598,0x8598,0x8598,
0x8598,0x8598,0x8598,0x8598,0x8598,0x8598,0x8db8,0x8db8,0x8db8,0x8db8,0x8db8,0x8db8,0x95d8,0x95d8,0x95d8,0x95d8,0x95d8,0x95d8,0x9df9,0xae3a,0xbe9a,0xcefb,0xdf3c,0xef5c,
0xffbe,0xe75c,0xd6fb,0xbe9a,0xa639,0x95d8,0x7d77,0x7d57,0x7d57,0x7d57,0x7d57,0x7d57,0x8577,0x8577,0x8577,0x8577,0x8577,0x8577,0x8578,0x8578,0x8578,0x8577,0x8577,0x8577,
0x8578,0x8578,0x8578,0x8598,0x8598,0x8598,0x8d98,0x8d98,0x8d98,0x8598,0x8598,0x8598,0x8598,0x8d98,0x8d98,0x8db8,0x8db8,0x8db8,0x8dd9,0x95d9,0x95d9,0x95d9,0x95f9,0x95f9,
0x95f9,0x9df9,0x9df9,0x9df9,0x9e19,0x9e19,0x9e19,0xa619,0xa619,0xa619,0xa63a,0xa63a,0xa63a,0xae7a,0xae7a,0xae7a,0xae7a,0xae7a,0xae7a,0xae7a,0xae7a,0xae7a,0xb69b,0xb69b,
0xb69b,0xb67a,0xb67a,0xb67a,0xb69b,0xb69b,0xb69b,0xb67a,0xb67a,0xb67a,0xb69b,0xb69b,0xb69b,0xb69b,0xb69b,0xb69b,0xb69b,0xb69b,0xb69c,0xae7b,0xae5a,0xae5a,0xb67b,0xb67b,
0xb67b,0xb67b,0xb67a,0xb67a,0xb67b,0xb67c,0xb67b,0xb67b,0xae5a,0xae5a,0xae5a,0xae5a,0xae5a,0xae5a,0xae5a,0xae5a,0xae5a,0xae5a,0xae5a,0xae5a,0xae5a,0xae5a,0xae5a,0xa63a,
0xa63a,0xa63a,0xa619,0xa619,0xa619,0xa63a,0xa63a,0xa63a,0xa619,0xa619,0xa619,0xa63a,0xa63a,0xa63a,0x9df9,0x9df9,0x9df9,0x9dd9,0x9dd9,0x9dd9,0x95d9,0x95d9,0x95d9,0x9df9,
0x9df9,0x9df9,0x95b8,0x95b8,0x95b8,0x95d9,0x95d9,0x95d9,0x95d8,0x95d8,0x95d8,0x95d8,0x95d8,0x95d8,0x95d8,0x95d8,0x95d8,0x95f9,0x95f9,0x95f9,0x9df9,0x9df9,0x9df9,0x9df9,
0x95d8,0x95d8,0x95f9,0x95f9,0x95f9,0x95f9,0x95f9,0x95f9,0x95f9,0x95f9,0x95f9,0x95f9,0x95d9,0x95d9,0x95f9,0x9df9,0x9df9,0x9df9,0x9df9,0x9df9,0x9df9,0x9df9,0x9df9,0x9df9,
0x9df9,0x9df9,0x9df9,0x95f9,0x95f9,0x95f9,0x95d8,0x95d8,0x95d8,0x95b8,0x95b8,0x95b8,0x95f9,0x95f9,0x95f9,0x95d9,0x95d9,0x95d9,0x95d9,0x95d9,0x95d9,0x8db8,0x8db8,0x8db8,
0x8db8,0x8db8,0x8db8,0x8d98,0x8d98,0x8d98,0x8db8,0x8db8,0x8db8,0x8598,0x8598,0x8598,0x8d98,0x8d98,0x8d98,0x8598,0x8598,0x8598,0x8db8,0x8db8,0x8db8,0x85b8,0x8598,0x8598,
0x8598,0x8577,0x8577,0x8578,0x8578,0x8578,0x8598,0x8db8,0x8db8,0x8db8,0x8598,0x8598,0x8598,0x8598,0x8598,0x8598,0x8598,0x8598,0x8598,0x8598,0x8598,0x8598,0x8db8,0x8db8,
0x8db8,0x8db8,0x8db8,0x8db8,0x95d8,0x95d8,0x95d8,0x95d8,0x95d8,0x95d8,0x9df9,0xae3a,0xbe9a,0xcefb,0xdf3c,0xef5c,0xffbe,0xe75c,0xd6fb,0xbe9a,0xa639,0x95d8,0x7d77,0x7d77,
0x7d77,0x7d57,0x7d57,0x7d57,0x8577,0x8577,0x8577,0x8577,0x8577,0x8577,0x8578,0x8578,0x8578,0x8578,0x8577,0x8577,0x8578,0x8578,0x8578,0x8598,0x8598,0x8598,0x8d98,0x8d98,
0x8d98,0x8d98,0x8598,0x8598,0x8d98,0x8d98,0x8d98,0x8db8,0x8db8,0x8db8,0x8dd8,0x95d9,0x95d9,0x95d9,0x95f9,0x95f9,0x95f9,0x9df9,0x9df9,0x9df9,0x9e19,0x9e19,0x9e19,0xa619,
0xa619,0xa619,0xa63a,0xa63a,0xa63a,0xae7a,0xae7a,0xae7a,0xae7a,0xae7a,0xae7a,0xae7a,0xae7a,0xae7a,0xb69b,0xb69b,0xb69b,0xb67b,0xb67a,0xb67a,0xb69b,0xb69b,0xb69b,0xb69b,
0xb67a,0xb67a,0xb69b,0xb69b,0xb69b,0xb69b,0xb69b,0xb69b,0xb69b,0xb69b,0xb69b,0xae7b,0xae5a,0xae5a,0xb67b,0xb67b,0xb67b,0xb67b,0xb67a,0xb67a,0xb67b,0xb67b,0xb67b,0xae7b,
0xae5a,0xae5a,0xae5a,0xae5a,0xae5a,0xae5a,0xae5a,0xae5a,0xae5a,0xae5a,0xae5a,0xae5a,0xae5a,0xae5a,0xae5a,0xa63a,0xa63a,0xa63a,0xa619,0xa619,0xa619,0xa63a,0xa63a,0xa63a,
0xa619,0xa619,0xa619,0xa63a,0xa63a,0xa63a,0x9df9,0x9df9,0x9df9,0x9dd9,0x9dd9,0x9dd9,0x95d9,0x95d9,0x95d9,0x9df9,0x9df9,0x9df9,0x95d8,0x95b8,0x95b8,0x95d9,0x95d9,0x95d9,
0x95d8,0x95d8,0x95d8,0x95d8,0x95d8,0x95d8,0x95d8,0x95d8,0x95d8,0x95f9,0x95f9,0x95f9,0x9df9,0x9df9,0x9df9,0x95d9,0x95d8,0x95d8,0x95d9,0x95f9,0x95f9,0x95f9,0x95f9,0x95f9,
0x95f9,0x95f9,0x95f9,0x95f9,0x95d9,0x95d9,0x95f9,0x9df9,0x9df9,0x9df9,0x9df9,0x9df9,0x9df9,0x9df9,0x9df9,0x9df9,0x9df9,0x9df9,0x9df9,0x95f9,0x95f9,0x95f9,0x95d8,0x95d8,
0x95d8,0x95d8,0x95d8,0x95d8,0x95f9,0x95f9,0x95f9,0x95d9,0x95d9,0x95d9,0x95d9,0x95d9,0x95d9,0x8db8,0x8db8,0x8db8,0x8db8,0x8db8,0x8db8,0x8d98,0x8d98,0x8d98,0x8db8,0x8db8,
0x8db8,0x8598,0x8598,0x8598,0x8d98,0x8d98,0x8d98,0x8598,0x8598,0x8598,0x8db8,0x8db8,0x8db8,0x85b8,0x8598,0x8598,0x8598,0x8577,0x8577,0x8578,0x8578,0x8578,0x8598,0x8db8,
0x8db8,0x8598,0x8598,0x8598,0x8598,0x8598,0x8598,0x8598,0x8598,0x8598,0x8598,0x8598,0x8598,0x85b8,0x8db8,0x8db8,0x8db8,0x8db8,0x8db8,0x8db8,0x95d8,0x95d8,0x95d8,0x95d8,
0x95d8,0x95d8,0x9df9,0xae3a,0xbe9a,0xcedb,0xdf3c,0xef5c,0xffbe,0xe75c,0xd6fb,0xbe9a,0xa639,0x95d8,0x8598,0x8598,0x8598,0x7d77,0x7d77,0x7d77,0x8578,0x8578,0x8578,0x8598,
0x8598,0x8598,0x8578,0x8578,0x8578,0x8598,0x8598,0x8598,0x8598,0x8598,0x8598,0x8598,0x8598,0x8598,0x8db8,0x8db8,0x8db8,0x8db8,0x8d98,0x8d98,0x8db8,0x8db8,0x8db8,0x8db8,
0x8db8,0x8db8,0x8dd8,0x95d8,0x95d8,0x95d8,0x95d8,0x95d8,0x95d8,0x9df9,0x9df9,0x9df9,0x9df9,0x9df9,0x9df9,0xa619,0xa619,0xa619,0xa639,0xa639,0xa639,0xae5a,0xae5a,0xae5a,
0xae3a,0xae3a,0xae3a,0xae7a,0xae7a,0xae7a,0xb67b,0xb67b,0xb67b,0xb67b,0xb67b,0xb67b,0xb69b,0xb69b,0xb69b,0xb69b,0xb69b,0xb69b,0xb69b,0xb69b,0xb69b,0xb69b,0xb69b,0xb69b,
0xb67a,0xb67a,0xb67a,0xb67b,0xb67c,0xb67b,0xb67b,0xb67b,0xb67b,0xb67b,0xb67b,0xb67c,0xae7b,0xae7a,0xae7a,0xae7a,0xae5a,0xae5a,0xae5a,0xae5a,0xae5a,0xae5a,0xae3a,0xae3a,
0xae3a,0xae3a,0xae3a,0xae3a,0xa63a,0xa63a,0xa63a,0xa63a,0xa63a,0xa63a,0xa619,0xa619,0xa619,0x9e19,0x9e19,0x9e19,0x9e19,0x9e19,0x9e19,0x9e19,0x9e19,0x9e19,0x9df9,0x9df9,
0x9df9,0x95d8,0x95d8,0x95d8,0x95b8,0x95b8,0x95b8,0x95d8,0x95d8,0x95d8,0x95d8,0x95d8,0x95d8,0x8db8,0x8db8,0x8db8,0x95d9,0x95d9,0x95d9,0x95d9,0x95d9,0x95d9,0x8db8,0x8db8,
0x8db8,0x95d8,0x95d8,0x95d8,0x95d9,0x95d9,0x95d9,0x8dd9,0x8db8,0x8db8,0x95d8,0x95d8,0x95d8,0x95d9,0x95d9,0x95d9,0x95d9,0x95d9,0x95d9,0x95d9,0x95d9,0x95d9,0x95d9,0x95d9,
0x95d9,0x95d9,0x95d9,0x95d9,0x95d9,0x95d8,0x95d8,0x95d8,0x95d8,0x95d8,0x95d8,0x95d9,0x95d9,0x95d9,0x95d9,0x95d9,0x95d9,0x95f9,0x95f9,0x95f9,0x95d8,0x95d8,0x95d8,0x8db8,
0x8db8,0x8db8,0x95d9,0x95d9,0x95d9,0x8d98,0x8d98,0x8d98,0x8db8,0x8db8,0x8db8,0x8d98,0x8d98,0x8d98,0x8598,0x8598,0x8598,0x8d98,0x8d98,0x8d98,0x8598,0x8598,0x8598,0x8598,
0x8598,0x8598,0x8db8,0x8db8,0x8db8,0x85b8,0x8598,0x8598,0x8598,0x8598,0x8598,0x8598,0x8577,0x8577,0x8577,0x8577,0x8577,0x8577,0x8577,0x8577,0x8598,0x8db8,0x8db8,0x8db8,
0x8db8,0x8db8,0x8db8,0x8db8,0x8db8,0x8db8,0x95d9,0x95d9,0x95d9,0x8db8,0x8db8,0x8db8,0x8db8,0x8db8,0x8db8,0x95d9,0x95d9,0x95d9,0x9e19,0xae5a,0xbe9a,0xcedb,0xdf1c,0xef7c,
0xffbe,0xe75c,0xd6fb,0xbe9a,0xa639,0x95d8,0x8598,0x8598,0x8598,0x7d77,0x7d77,0x7d77,0x8578,0x8578,0x8578,0x8598,0x8598,0x8598,0x8578,0x8578,0x8578,0x8598,0x8598,0x8598,
0x8598,0x8598,0x8598,0x8598,0x8598,0x8598,0x8db8,0x8db8,0x8db8,0x8db8,0x8d98,0x8d98,0x8db8,0x8db8,0x8db8,0x8db8,0x8db8,0x8db8,0x8dd8,0x95d8,0x95d8,0x95d8,0x95d8,0x95d8,
0x95d8,0x9df9,0x9df9,0x9df9,0x9df9,0x9df9,0x9df9,0xa619,0xa619,0xa619,0xa639,0xa639,0xa639,0xae5a,0xae5a,0xae5a,0xae3a,0xae3a,0xae3a,0xae7a,0xae7a,0xae7a,0xb67b,0xb67b,
0xb67b,0xb67b,0xb67b,0xb67b,0xb69b,0xb69b,0xb69b,0xb69b,0xb69b,0xb69b,0xb69b,0xb69b,0xb69b,0xb69b,0xb69b,0xb69b,0xb67a,0xb67a,0xb67a,0xb67b,0xb67b,0xb67b,0xb67b,0xb67b,
0xb67b,0xb67b,0xb67b,0xb67b,0xae7b,0xae7a,0xae7a,0xae7a,0xae5a,0xae5a,0xae5a,0xae5a,0xae5a,0xae5a,0xae3a,0xae3a,0xae3a,0xae3a,0xae3a,0xae3a,0xa63a,0xa63a,0xa63a,0xa63a,
0xa63a,0xa63a,0xa619,0xa619,0xa619,0x9e19,0x9e19,0x9e19,0x9e19,0x9e19,0x9e19,0x9e19,0x9e19,0x9e19,0x9df9,0x9df9,0x9df9,0x95d8,0x95d8,0x95d8,0x95b8,0x95b8,0x95b8,0x95d8,
0x95d8,0x95d8,0x95d8,0x95d8,0x95d8,0x8db8,0x8db8,0x8db8,0x95d9,0x95d9,0x95d9,0x95d9,0x95d9,0x95d9,0x8db8,0x8db8,0x8db8,0x95d8,0x95d8,0x95d8,0x95d9,0x95d9,0x95d9,0x8dd9,
0x8db8,0x8db8,0x95d8,0x95d8,0x95d8,0x95d9,0x95d9,0x95d9,0x95d9,0x95d9,0x95d9,0x95d9,0x95d9,0x95d9,0x95d9,0x95d9,0x95d9,0x95d9,0x95d9,0x95d9,0x95d9,0x95d8,0x95d8,0x95d8,
0x95d8,0x95d8,0x95d8,0x95d9,0x95d9,0x95d9,0x95d9,0x95d9,0x95d9,0x95f9,0x95f9,0x95f9,0x95d8,0x95d8,0x95d8,0x8db8,0x8db8,0x8db8,0x95d9,0x95d9,0x95d9,0x8d98,0x8d98,0x8d98,
0x8db8,0x8db8,0x8db8,0x8d98,0x8d98,0x8d98,0x8598,0x8598,0x8598,0x8d98,0x8d98,0x8d98,0x8598,0x8598,0x8598,0x8598,0x8598,0x8598,0x8db8,0x8db8,0x8db8,0x85b8,0x8598,0x8598,
0x8598,0x8598,0x8598,0x8598,0x8577,0x8577,0x8577,0x8577,0x8577,0x8577,0x8577,0x8577,0x8598,0x8db8,0x8db8,0x8db8,0x8db8,0x8db8,0x8db8,0x8db8,0x8db8,0x8db8,0x95d9,0x95d9,
0x95d9,0x8db8,0x8db8,0x8db8,0x8db8,0x8db8,0x8db8,0x95d9,0x95d9,0x95d9,0x9e19,0xae5a,0xbe9a,0xcedb,0xdf1c,0xef7c,0xffbe,0xe75c,0xd6fb,0xbe9a,0xa639,0x95d8,0x8598,0x8598,
0x8598,0x7d77,0x7d77,0x7d77,0x8578,0x8578,0x8578,0x8598,0x8598,0x8598,0x8578,0x8578,0x8578,0x8598,0x8598,0x8598,0x8598,0x8598,0x8598,0x8598,0x8598,0x8598,0x8598,0x8db8,
0x8db8,0x8db8,0x8d98,0x8d98,0x8db8,0x8db8,0x8db8,0x8db8,0x8db8,0x8db8,0x8dd8,0x95d8,0x95d8,0x95d8,0x95d8,0x95d8,0x95d9,0x9df9,0x9df9,0x9df9,0x9df9,0x9df9,0x9e19,0xa619,
0xa619,0xa619,0xa639,0xa639,0xa639,0xae5a,0xae5a,0xae5a,0xae3a,0xae3a,0xae3a,0xae7a,0xae7a,0xae7a,0xb67b,0xb67b,0xb67b,0xb67b,0xb67b,0xb67b,0xb69b,0xb69b,0xb69b,0xb69b,
0xb69b,0xb69b,0xb69b,0xb69b,0xb69b,0xb69b,0xb69b,0xb69b,0xb67b,0xb67a,0xb67a,0xb67b,0xb67b,0xb67b,0xb67b,0xb67b,0xb67b,0xb67b,0xb67b,0xb67b,0xae7b,0xae7a,0xae7a,0xae7a,
0xae5a,0xae5a,0xae5a,0xae5a,0xae5a,0xae5a,0xae3a,0xae3a,0xae3a,0xae3a,0xae3a,0xae3a,0xa63a,0xa63a,0xa63a,0xa63a,0xa63a,0xa63a,0xa619,0xa619,0xa619,0x9e19,0x9e19,0x9e19,
0x9e19,0x9e19,0x9e19,0x9e19,0x9e19,0x9e19,0x9df9,0x9df9,0x9df9,0x95d8,0x95d8,0x95d8,0x95b8,0x95b8,0x95b8,0x95d8,0x95d8,0x95d8,0x95d8,0x95d8,0x95d8,0x8db8,0x8db8,0x8db8,
0x95d9,0x95d9,0x95d9,0x95d9,0x95d9,0x95d9,0x8db8,0x8db8,0x8db8,0x95d8,0x95d8,0x95d8,0x95d9,0x95d9,0x95d9,0x8dd9,0x8db8,0x8db8,0x8dd8,0x95d8,0x95d8,0x95d9,0x95d9,0x95d9,
0x95d9,0x95d9,0x95d9,0x95d9,0x95d9,0x95d9,0x95d9,0x95d9,0x95d9,0x95d9,0x95d9,0x95d9,0x95d9,0x95d8,0x95d8,0x95d8,0x95d8,0x95d8,0x95d9,0x95d9,0x95d9,0x95d9,0x95d9,0x95d9,
0x95d9,0x95f9,0x95f9,0x95f9,0x95d8,0x95d8,0x95d8,0x8db8,0x8db8,0x8db8,0x95d9,0x95d9,0x95d9,0x8d98,0x8d98,0x8d98,0x8db8,0x8db8,0x8db8,0x8d98,0x8d98,0x8d98,0x8598,0x8598,
0x8598,0x8d98,0x8d98,0x8d98,0x8598,0x8598,0x8598,0x8598,0x8598,0x8598,0x85b8,0x8db8,0x8db8,0x85b8,0x8598,0x8598,0x8598,0x8598,0x8598,0x8598,0x8577,0x8577,0x8577,0x8577,
0x8577,0x8577,0x8577,0x8577,0x8598,0x8db8,0x8db8,0x8db8,0x8db8,0x8db8,0x8db8,0x8db8,0x8db8,0x8db8,0x95d9,0x95d9,0x95d9,0x8db8,0x8db8,0x8db8,0x8db8,0x8db8,0x8dd8,0x95d9,
0x95d9,0x95d9,0x9e19,0xae5a,0xbe9a,0xcedb,0xdf1c,0xef7c,0xffbe,0xe75c,0xd6fb,0xbe9a,0xa639,0x95f8,0x8598,0x8578,0x8578,0x8578,0x8578,0x8578,0x8578,0x8578,0x8578,0x8598,
0x8598,0x8598,0x8577,0x8577,0x8577,0x8577,0x8577,0x8577,0x8577,0x8577,0x8577,0x8577,0x8577,0x8577,0x8598,0x8598,0x8598,0x85b8,0x8db8,0x8db8,0x8db8,0x8db8,0x8db8,0x8db8,
0x8db8,0x8db8,0x8db8,0x8db8,0x8db8,0x95d9,0x9df9,0x9df9,0x9df9,0x9df9,0x9df9,0x9e19,0xa63a,0xa63a,0xa63a,0xa619,0xa619,0xa619,0xa63a,0xa63a,0xa63a,0xae5a,0xae5a,0xae5a,
0xae5a,0xae5a,0xae5a,0xae7a,0xae7a,0xae7a,0xb67b,0xb67b,0xb67b,0xb67b,0xb67b,0xb67b,0xb67b,0xb67b,0xb67b,0xb67a,0xb67a,0xb67a,0xb67a,0xb67a,0xb67a,0xb67a,0xb67a,0xb67a,
0xb69b,0xb69b,0xb69c,0xb67b,0xb67a,0xb67a,0xb67a,0xb67a,0xb67a,0xae7a,0xae5a,0xae5a,0xae5a,0xae5a,0xae5a,0xb67a,0xb67a,0xb67a,0xb65a,0xae3a,0xae3a,0xae5a,0xae7a,0xae7a,
0xae5a,0xa619,0xa619,0xa61a,0xa63a,0xa63a,0xa63a,0xa619,0xa619,0xa619,0x9e19,0x9e19,0x9e19,0x9e19,0x9e19,0x9e19,0x9e19,0x9e19,0x9e19,0x95d8,0x95d8,0x95d8,0x95d9,0x95d9,
0x95d9,0x95f9,0x95f9,0x95f9,0x95d9,0x95d9,0x95d9,0x95d9,0x95d9,0x95d9,0x8db8,0x8db8,0x8db8,0x8db8,0x8db8,0x8db8,0x8db8,0x8db8,0x8db8,0x95d9,0x95d9,0x95d9,0x8db8,0x8db8,
0x8db8,0x95d9,0x95d9,0x95d9,0x8db9,0x8db8,0x8db8,0x8db8,0x8db8,0x8db8,0x8db8,0x8db8,0x8db8,0x95d8,0x95d8,0x95d8,0x95d8,0x95d8,0x95d8,0x95d8,0x8db8,0x8db8,0x8db8,0x8db8,
0x8db8,0x8dd9,0x95f9,0x95f9,0x95f9,0x95d8,0x95d8,0x95d8,0x95f9,0x95f9,0x95f9,0x95f9,0x95f9,0x95f9,0x95d9,0x95d9,0x95d9,0x95d9,0x95d9,0x95d9,0x95d9,0x95d9,0x95d9,0x95d9,
0x95d9,0x95d9,0x8db8,0x8db8,0x8db8,0x8db8,0x8db8,0x8db8,0x8db8,0x8db8,0x8db8,0x8d98,0x8d98,0x8d98,0x8598,0x8598,0x8598,0x8598,0x8598,0x8598,0x8598,0x8598,0x8598,0x8598,
0x8598,0x8598,0x8598,0x8598,0x8598,0x8598,0x8598,0x8598,0x8598,0x8577,0x8577,0x8578,0x8578,0x8578,0x8598,0x8598,0x8598,0x8598,0x8598,0x8598,0x8598,0x8d98,0x8d98,0x8d98,
0x8db8,0x8db8,0x8db8,0x8db8,0x8db8,0x8db8,0x95d9,0x95d9,0x95d9,0x95d9,0x95d9,0x95d9,0x95d9,0x95d9,0x95d9,0x95f9,0x95f9,0x95f9,0x9df8,0xae39,0xbe99,0xcedb,0xdf1c,0xef7c,
0xffbe,0xe75c,0xd6fb,0xbe9a,0xa639,0x95f8,0x8598,0x8578,0x8578,0x8578,0x8578,0x8578,0x8578,0x8578,0x8578,0x8598,0x8598,0x8598,0x8577,0x8577,0x8577,0x8577,0x8577,0x8577,
0x8577,0x8577,0x8577,0x8577,0x8577,0x8577,0x8598,0x8598,0x8598,0x85b8,0x8db8,0x8db8,0x8db8,0x8db8,0x8db8,0x8db8,0x8db8,0x8db8,0x8db8,0x8db8,0x8db8,0x95d9,0x9df9,0x9df9,
0x9df9,0x9df9,0x9df9,0x9e19,0xa63a,0xa63a,0xa63a,0xa619,0xa619,0xa619,0xa63a,0xa63a,0xa63a,0xae5a,0xae5a,0xae5a,0xae5a,0xae5a,0xae5a,0xae7a,0xae7a,0xae7a,0xb67b,0xb67b,
0xb67b,0xb67b,0xb67b,0xb67b,0xb67b,0xb67b,0xb67b,0xb67a,0xb67a,0xb67a,0xb67a,0xb67a,0xb67a,0xb67a,0xb67a,0xb67a,0xb69b,0xb69b,0xb69b,0xb67b,0xb67a,0xb67a,0xb67a,0xb67a,
0xb67a,0xae7a,0xae5a,0xae5a,0xae5a,0xae5a,0xae5a,0xb67a,0xb67a,0xb67a,0xb65a,0xae3a,0xae3a,0xae5a,0xae7a,0xae7a,0xae5a,0xa619,0xa619,0xa61a,0xa63a,0xa63a,0xa63a,0xa619,
0xa619,0xa619,0x9e19,0x9e19,0x9e19,0x9e19,0x9e19,0x9e19,0x9e19,0x9e19,0x9e19,0x95d8,0x95d8,0x95d8,0x95d9,0x95d9,0x95d9,0x95f9,0x95f9,0x95f9,0x95d9,0x95d9,0x95d9,0x95d9,
0x95d9,0x95d9,0x8db8,0x8db8,0x8db8,0x8db8,0x8db8,0x8db8,0x8db8,0x8db8,0x8db8,0x95d9,0x95d9,0x95d9,0x8db8,0x8db8,0x8db8,0x95d9,0x95d9,0x95d9,0x8db9,0x8db8,0x8db8,0x8db8,
0x8db8,0x8db8,0x8db8,0x8db8,0x8db8,0x95d8,0x95d8,0x95d8,0x95d8,0x95d8,0x95d8,0x95d8,0x8db8,0x8db8,0x8db8,0x8db8,0x8db8,0x8dd9,0x95f9,0x95f9,0x95f9,0x95d8,0x95d8,0x95d8,
0x95f9,0x95f9,0x95f9,0x95f9,0x95f9,0x95f9,0x95d9,0x95d9,0x95d9,0x95d9,0x95d9,0x95d9,0x95d9,0x95d9,0x95d9,0x95d9,0x95d9,0x95d9,0x8db8,0x8db8,0x8db8,0x8db8,0x8db8,0x8db8,
0x8db8,0x8db8,0x8db8,0x8d98,0x8d98,0x8d98,0x8598,0x8598,0x8598,0x8598,0x8598,0x8598,0x8598,0x8598,0x8598,0x8598,0x8598,0x8598,0x8598,0x8598,0x8598,0x8598,0x8598,0x8598,
0x8598,0x8577,0x8577,0x8578,0x8578,0x8578,0x8598,0x8598,0x8598,0x8598,0x8598,0x8598,0x8598,0x8d98,0x8d98,0x8d98,0x8db8,0x8db8,0x8db8,0x8db8,0x8db8,0x8db8,0x95d9,0x95d9,
0x95d9,0x95d9,0x95d9,0x95d9,0x95d9,0x95d9,0x95d9,0x95f9,0x95f9,0x95f9,0x9df8,0xae39,0xbe99,0xcedb,0xdf1c,0xef7c,0xffbe,0xe75c,0xd6fb,0xbe9a,0xa639,0x95f8,0x8598,0x8578,
0x8578,0x8578,0x8578,0x8578,0x8578,0x8578,0x8578,0x8598,0x8598,0x8598,0x8577,0x8577,0x8577,0x8577,0x8577,0x8577,0x8577,0x8577,0x8577,0x8577,0x8577,0x8577,0x8598,0x8598,
0x8598,0x85b8,0x8db8,0x8db8,0x8db8,0x8db8,0x8db8,0x8db8,0x8db8,0x8db8,0x8db8,0x8db8,0x8db8,0x95d9,0x9df9,0x9df9,0x9df9,0x9df9,0x9df9,0x9e19,0xa63a,0xa63a,0xa63a,0xa619,
0xa619,0xa619,0xa63a,0xa63a,0xa63a,0xae5a,0xae5a,0xae5a,0xae5a,0xae5a,0xae5a,0xae7a,0xae7a,0xae7a,0xb67b,0xb67b,0xb67b,0xb67b,0xb67b,0xb67b,0xb67b,0xb67b,0xb67b,0xb67a,
0xb67a,0xb67a,0xb67a,0xb67a,0xb67a,0xb67a,0xb67a,0xb67a,0xb69b,0xb69b,0xb69b,0xb67b,0xb67a,0xb67a,0xb67a,0xb67a,0xb67a,0xb67a,0xae5a,0xae5a,0xae5a,0xae5a,0xae5a,0xb67a,
0xb67a,0xb67a,0xb65a,0xae3a,0xae3a,0xae5a,0xae7a,0xae7a,0xae5a,0xa619,0xa619,0xa61a,0xa63a,0xa63a,0xa63a,0xa619,0xa619,0xa619,0x9e19,0x9e19,0x9e19,0x9e19,0x9e19,0x9e19,
0x9e19,0x9e19,0x9e19,0x95d8,0x95d8,0x95d8,0x95d9,0x95d9,0x95d9,0x95f9,0x95f9,0x95f9,0x95d9,0x95d9,0x95d9,0x95d9,0x95d9,0x95d9,0x8db8,0x8db8,0x8db8,0x8db8,0x8db8,0x8db8,
0x8db8,0x8db8,0x8db8,0x95d9,0x95d9,0x95d9,0x8db8,0x8db8,0x8db8,0x95d9,0x95d9,0x95d9,0x8db9,0x8db8,0x8db8,0x8db8,0x8db8,0x8db8,0x8db8,0x8db8,0x8db8,0x8db8,0x95d8,0x95d8,
0x95d8,0x95d8,0x95d8,0x8dd8,0x8db8,0x8db8,0x8db8,0x8db8,0x8db8,0x8dd9,0x95f9,0x95f9,0x95f9,0x95d8,0x95d8,0x95d8,0x95f9,0x95f9,0x95f9,0x95f9,0x95f9,0x95f9,0x95d9,0x95d9,
0x95d9,0x95d9,0x95d9,0x95d9,0x95d9,0x95d9,0x95d9,0x95d9,0x95d9,0x95d9,0x8db8,0x8db8,0x8db8,0x8db8,0x8db8,0x8db8,0x8db8,0x8db8,0x8db8,0x8d98,0x8d98,0x8d98,0x8598,0x8598,
0x8598,0x8598,0x8598,0x8598,0x8598,0x8598,0x8598,0x8598,0x8598,0x8598,0x8598,0x8598,0x8598,0x8598,0x8598,0x8598,0x8598,0x8577,0x8577,0x8578,0x8578,0x8578,0x8598,0x8598,
0x8598,0x8598,0x8598,0x8598,0x8598,0x8d98,0x8d98,0x8d98,0x8db8,0x8db8,0x8db8,0x8db8,0x8db8,0x8db8,0x95d9,0x95d9,0x95d9,0x95d9,0x95d9,0x95d9,0x95d9,0x95d9,0x95d9,0x95f9,
0x95f9,0x95f9,0x9df8,0xae39,0xbe9a,0xcedb,0xdf1c,0xef7c,0xffbe,0xe75c,0xd6fb,0xbe9a,0xa639,0x95f8,0x7d77,0x7d57,0x7d57,0x7d57,0x7d57,0x7d57,0x8577,0x8577,0x8577,0x8578,
0x8578,0x8578,0x8577,0x8577,0x8577,0x8598,0x8598,0x8598,0x8598,0x8598,0x8598,0x8db8,0x8db8,0x8db8,0x8db8,0x8db8,0x8db8,0x8db8,0x8db8,0x8db8,0x8db8,0x8db8,0x8db8,0x8db8,
0x8db8,0x8db8,0x8dd9,0x95d9,0x95d9,0x95d9,0x95f9,0x95f9,0x95f9,0x9e19,0x9e19,0x9e19,0xa619,0xa619,0xa619,0xa619,0xa619,0xa619,0xa63a,0xa63a,0xa63a,0xae5a,0xae5a,0xae5a,
0xae5a,0xae5a,0xae5a,0xae5a,0xae5a,0xae5a,0xae5a,0xae5a,0xae5a,0xb69b,0xb69b,0xb69b,0xb69b,0xb69b,0xb69b,0xb67b,0xb67b,0xb67b,0xb67a,0xb67a,0xb67a,0xb67a,0xb67a,0xb67a,
0xb67a,0xb67a,0xb67a,0xb67a,0xb67a,0xb67a,0xb69b,0xb69b,0xb69b,0xb69b,0xb67b,0xb67b,0xae7b,0xae7a,0xae7a,0xb67b,0xb67b,0xb67b,0xae5b,0xa63a,0xa63a,0xa65a,0xae5a,0xae5a,
0xae5a,0xa639,0xa639,0xa639,0xa619,0xa619,0xa619,0x9e19,0x9e19,0x9e19,0x9df9,0x9df9,0x9df9,0x9df9,0x9df9,0x9df9,0x95f9,0x95f9,0x95f9,0x95d9,0x95d9,0x95d9,0x95d9,0x95d9,
0x95d9,0x8db8,0x8db8,0x8db8,0x95d9,0x95d9,0x95d9,0x8db8,0x8db8,0x8db8,0x8db8,0x8db8,0x8db8,0x8db8,0x8db8,0x8db8,0x8db8,0x8db8,0x8db8,0x8598,0x8598,0x8598,0x8db8,0x8db8,
0x8db8,0x8db8,0x8db8,0x8db8,0x8598,0x8598,0x8598,0x8db8,0x8db8,0x8db8,0x8db8,0x8d98,0x8d98,0x8d98,0x8d98,0x8d98,0x8db8,0x8db8,0x8db8,0x8db8,0x8db8,0x8db8,0x8db8,0x8db8,
0x8db8,0x8db8,0x8d98,0x8d98,0x8d98,0x8db8,0x8db8,0x8db8,0x8db8,0x8db8,0x8db8,0x95d8,0x95d8,0x95d8,0x8db8,0x8db8,0x8db8,0x8db8,0x8db8,0x8db8,0x8db8,0x8db8,0x8db8,0x8db8,
0x8db8,0x8db8,0x8db8,0x8db8,0x8db8,0x8db8,0x8db8,0x8db8,0x8db8,0x8db8,0x8db8,0x8db8,0x8db8,0x8db8,0x8598,0x8598,0x8598,0x8598,0x8598,0x8598,0x8577,0x8577,0x8577,0x8598,
0x8598,0x8598,0x8578,0x8577,0x8577,0x8577,0x8577,0x8577,0x8598,0x8598,0x8598,0x8598,0x8598,0x8598,0x8598,0x8d98,0x8d98,0x8d98,0x8598,0x8598,0x8598,0x8d98,0x8d98,0x8d98,
0x8db8,0x8db8,0x8db8,0x8db8,0x8db8,0x8db8,0x95d8,0x95d8,0x95d8,0x8db8,0x8db8,0x8db8,0x95d9,0x95d9,0x95d9,0x95d9,0x95d9,0x95d9,0x9e19,0xae5a,0xbe9a,0xcedb,0xdf1c,0xef7c,
0xffbe,0xe75c,0xd6fb,0xbe9a,0xa639,0x95f8,0x7d77,0x7d57,0x7d57,0x7d57,0x7d57,0x7d57,0x8577,0x8577,0x8577,0x8578,0x8578,0x8578,0x8577,0x8577,0x8577,0x8598,0x8598,0x8598,
0x8598,0x8598,0x8598,0x8db8,0x8db8,0x8db8,0x8db8,0x8db8,0x8db8,0x8db8,0x8db8,0x8db8,0x8db8,0x8db8,0x8db8,0x8db8,0x8db8,0x8db8,0x8dd9,0x95d9,0x95d9,0x95d9,0x95f9,0x95f9,
0x95f9,0x9e19,0x9e19,0x9e19,0xa619,0xa619,0xa619,0xa619,0xa619,0xa619,0xa63a,0xa63a,0xa63a,0xae5a,0xae5a,0xae5a,0xae5a,0xae5a,0xae5a,0xae5a,0xae5a,0xae5a,0xae5a,0xae5a,
0xae5a,0xb69b,0xb69b,0xb69b,0xb69b,0xb69b,0xb69b,0xb67b,0xb67b,0xb67b,0xb67a,0xb67a,0xb67a,0xb67a,0xb67a,0xb67a,0xb67a,0xb67a,0xb67a,0xb67a,0xb67a,0xb67a,0xb69b,0xb69b,
0xb69b,0xb69b,0xb67b,0xb67b,0xae7b,0xae7a,0xae7a,0xb67b,0xb67b,0xb67b,0xae5b,0xa63a,0xa63a,0xa65a,0xae5a,0xae5a,0xae5a,0xa639,0xa639,0xa639,0xa619,0xa619,0xa619,0x9e19,
0x9e19,0x9e19,0x9df9,0x9df9,0x9df9,0x9df9,0x9df9,0x9df9,0x95f9,0x95f9,0x95f9,0x95d9,0x95d9,0x95d9,0x95d9,0x95d9,0x95d9,0x8db8,0x8db8,0x8db8,0x95d9,0x95d9,0x95d9,0x8db8,
0x8db8,0x8db8,0x8db8,0x8db8,0x8db8,0x8db8,0x8db8,0x8db8,0x8db8,0x8db8,0x8db8,0x8598,0x8598,0x8598,0x8db8,0x8db8,0x8db8,0x8db8,0x8db8,0x8db8,0x8598,0x8598,0x8598,0x8db8,
0x8db8,0x8db8,0x8db8,0x8d98,0x8d98,0x8d98,0x8d98,0x8d98,0x8db8,0x8db8,0x8db8,0x8db8,0x8db8,0x8db8,0x8db8,0x8db8,0x8db8,0x8db8,0x8d98,0x8d98,0x8d98,0x8db8,0x8db8,0x8db8,
0x8db8,0x8db8,0x8db8,0x95d8,0x95d8,0x95d8,0x8db8,0x8db8,0x8db8,0x8db8,0x8db8,0x8db8,0x8db8,0x8db8,0x8db8,0x8db8,0x8db8,0x8db8,0x8db8,0x8db8,0x8db8,0x8db8,0x8db8,0x8db8,
0x8db8,0x8db8,0x8db8,0x8db8,0x8db8,0x8db8,0x8598,0x8598,0x8598,0x8598,0x8598,0x8598,0x8577,0x8577,0x8577,0x8598,0x8598,0x8598,0x8578,0x8577,0x8577,0x8577,0x8577,0x8577,
0x8598,0x8598,0x8598,0x8598,0x8598,0x8598,0x8598,0x8d98,0x8d98,0x8d98,0x8598,0x8598,0x8598,0x8d98,0x8d98,0x8d98,0x8db8,0x8db8,0x8db8,0x8db8,0x8db8,0x8db8,0x95d8,0x95d8,
0x95d8,0x8db8,0x8db8,0x8db8,0x95d9,0x95d9,0x95d9,0x95d9,0x95d9,0x95d9,0x9e19,0xae5a,0xbe9a,0xcedb,0xdf1c,0xef7c,0xffbe,0xe75c,0xd6fb,0xbe9a,0xa639,0x95f8,0x7d77,0x7d57,
0x7d57,0x7d57,0x7d57,0x7d57,0x8577,0x8577,0x8577,0x8578,0x8578,0x8578,0x8577,0x8577,0x8577,0x8598,0x8598,0x8598,0x8598,0x8598,0x8598,0x8db8,0x8db8,0x8db8,0x8db8,0x8db8,
0x8db8,0x8db8,0x8db8,0x8db8,0x8db8,0x8db8,0x8db8,0x8db8,0x8db8,0x8db8,0x8dd9,0x95d9,0x95d9,0x95d9,0x95f9,0x95f9,0x95f9,0x9e19,0x9e19,0x9e19,0xa619,0xa619,0xa619,0xa619,
0xa619,0xa619,0xa63a,0xa63a,0xa63a,0xae5a,0xae5a,0xae5a,0xae5a,0xae5a,0xae5a,0xae5a,0xae5a,0xae5a,0xae5a,0xae5a,0xae5a,0xb69b,0xb69b,0xb69b,0xb69b,0xb69b,0xb69b,0xb67b,
0xb67b,0xb67b,0xb67a,0xb67a,0xb67a,0xb67a,0xb67a,0xb67a,0xb67a,0xb67a,0xb67a,0xb67a,0xb67a,0xb67a,0xb69b,0xb69b,0xb69b,0xb67b,0xb67b,0xb67b,0xae7b,0xae7a,0xae7a,0xb67b,
0xb67b,0xb67b,0xae5b,0xa63a,0xa63a,0xa65a,0xae5a,0xae5a,0xae5a,0xa639,0xa639,0xa639,0xa619,0xa619,0xa619,0x9e19,0x9e19,0x9e19,0x9df9,0x9df9,0x9df9,0x9df9,0x9df9,0x9df9,
0x95f9,0x95f9,0x95f9,0x95d9,0x95d9,0x95d9,0x95d9,0x95d9,0x95d9,0x8db8,0x8db8,0x8db8,0x95d9,0x95d9,0x95d9,0x8db8,0x8db8,0x8db8,0x8db8,0x8db8,0x8db8,0x8db8,0x8db8,0x8db8,
0x8db8,0x8db8,0x8db8,0x8598,0x8598,0x8598,0x8db8,0x8db8,0x8db8,0x8db8,0x8db8,0x8db8,0x8598,0x8598,0x8598,0x8db8,0x8db8,0x8db8,0x8db8,0x8d98,0x8d98,0x8d98,0x8d98,0x8d98,
0x8db8,0x8db8,0x8db8,0x8db8,0x8db8,0x8db8,0x8db8,0x8db8,0x8db8,0x8db8,0x8d98,0x8d98,0x8db8,0x8db8,0x8db8,0x8db8,0x8db8,0x8db8,0x8db8,0x95d8,0x95d8,0x95d8,0x8db8,0x8db8,
0x8db8,0x8db8,0x8db8,0x8db8,0x8db8,0x8db8,0x8db8,0x8db8,0x8db8,0x8db8,0x8db8,0x8db8,0x8db8,0x8db8,0x8db8,0x8db8,0x8db8,0x8db8,0x8db8,0x8db8,0x8db8,0x8db8,0x8598,0x8598,
0x8598,0x8598,0x8598,0x8598,0x8577,0x8577,0x8577,0x8598,0x8598,0x8598,0x8578,0x8577,0x8577,0x8577,0x8577,0x8577,0x8598,0x8598,0x8598,0x8598,0x8598,0x8598,0x8598,0x8d98,
0x8d98,0x8d98,0x8598,0x8598,0x8598,0x8d98,0x8d98,0x8d98,0x8db8,0x8db8,0x8db8,0x8db8,0x8db8,0x8db8,0x95d8,0x95d8,0x95d8,0x8db8,0x8db8,0x8db8,0x95d9,0x95d9,0x95d9,0x95d9,
0x95d9,0x95f9,0x9e19,0xae5a,0xbe9a,0xcedb,0xdf1c,0xef7c,0xffbe,0xe75c,0xd6fb,0xc69a,0xae3a,0x9df9,0x8598,0x8578,0x8578,0x8577,0x8577,0x8577,0x8598,0x8598,0x8598,0x8598,
0x8598,0x8598,0x8d98,0x8d98,0x8d98,0x8598,0x8598,0x8598,0x8d98,0x8d98,0x8d98,0x8598,0x8598,0x8598,0x8db8,0x8db8,0x8db8,0x8db8,0x8db8,0x8db8,0x8db8,0x8db8,0x8db8,0x8dd9,
0x95d9,0x95d9,0x95f9,0x95f9,0x95f9,0x95f9,0x9df9,0x9df9,0x9df9,0x9df9,0x9df9,0x9df9,0x9e19,0x9e19,0x9e19,0x9e19,0x9e19,0x9e19,0xa63a,0xa63a,0xa63a,0xae3a,0xae3a,0xae3a,
0xae3a,0xae3a,0xae3a,0xae5a,0xae5a,0xae5a,0xae5a,0xae5a,0xae5a,0xae5a,0xae5a,0xae5a,0xb67a,0xb67a,0xb67a,0xae5a,0xae5a,0xae5a,0xae7a,0xae7a,0xae7a,0xae5a,0xae5a,0xae5a,
0xae7a,0xae7a,0xae7a,0xb67b,0xb67b,0xb67b,0xae5b,0xae5a,0xae5a,0xae5a,0xae3a,0xae3a,0xae5a,0xae5a,0xae5a,0xae5a,0xae5a,0xae5a,0xae5a,0xa63a,0xa63a,0xa63a,0xa63a,0xa63a,
0xa63a,0xa619,0xa619,0xa619,0xa619,0xa619,0xa619,0x9e19,0x9e19,0x9e19,0x9df9,0x9df9,0x9df9,0x95d8,0x95d8,0x95d8,0x95f9,0x95f9,0x95f9,0x8db8,0x8db8,0x8db8,0x8db8,0x8db8,
0x8db8,0x8db8,0x8db8,0x8db8,0x8598,0x8598,0x8598,0x8d98,0x8d98,0x8d98,0x8577,0x8577,0x8577,0x8598,0x8598,0x8598,0x8db8,0x8db8,0x8db8,0x8d98,0x8d98,0x8d98,0x8db8,0x8db8,
0x8db8,0x8db8,0x8db8,0x8db8,0x8598,0x8598,0x8598,0x8598,0x8598,0x8598,0x8598,0x8598,0x8598,0x85b8,0x8db8,0x8db8,0x8db8,0x8db8,0x8db8,0x8db8,0x8db8,0x8db8,0x8db8,0x8db8,
0x8db8,0x8db8,0x8dd8,0x8dd8,0x8dd8,0x95d9,0x95d9,0x95d9,0x8db8,0x8db8,0x8db8,0x8dd8,0x8dd8,0x8dd8,0x8db8,0x8db8,0x8db8,0x8db8,0x8db8,0x8db8,0x8d98,0x8d98,0x8d98,0x8db8,
0x8db8,0x8db8,0x8db8,0x8db8,0x8db8,0x8d98,0x8d98,0x8d98,0x8db8,0x8db8,0x8db8,0x8d98,0x8d98,0x8d98,0x8db8,0x8db8,0x8db8,0x8d98,0x8d98,0x8d98,0x8598,0x8598,0x8598,0x8598,
0x8598,0x8598,0x8db8,0x8db8,0x8db8,0x85b8,0x8598,0x8598,0x8db8,0x8db8,0x8db8,0x8db8,0x8db8,0x8db8,0x85b8,0x8598,0x8598,0x85b8,0x8db8,0x8db8,0x8db8,0x8db8,0x8db8,0x8db8,
0x8db8,0x8db8,0x8db8,0x95d9,0x95d9,0x95d9,0x95d9,0x95d9,0x95d9,0x95d9,0x95d9,0x95d9,0x95d9,0x95d9,0x95d9,0x9e19,0x9e19,0x9e19,0xa619,0xb65a,0xc69a,0xcefb,0xdf3c,0xef5c,
0xffbe,0xe75c,0xd6fb,0xc69a,0xae3a,0x9df9,0x8598,0x8578,0x8578,0x8577,0x8577,0x8577,0x8598,0x8598,0x8598,0x8598,0x8598,0x8598,0x8d98,0x8d98,0x8d98,0x8598,0x8598,0x8598,
0x8d98,0x8d98,0x8d98,0x8598,0x8598,0x8598,0x8db8,0x8db8,0x8db8,0x8db8,0x8db8,0x8db8,0x8db8,0x8db8,0x8db8,0x8dd9,0x95d9,0x95d9,0x95f9,0x95f9,0x95f9,0x95f9,0x9df9,0x9df9,
0x9df9,0x9df9,0x9df9,0x9df9,0x9e19,0x9e19,0x9e19,0x9e19,0x9e19,0x9e19,0xa63a,0xa63a,0xa63a,0xae3a,0xae3a,0xae3a,0xae3a,0xae3a,0xae3a,0xae5a,0xae5a,0xae5a,0xae5a,0xae5a,
0xae5a,0xae5a,0xae5a,0xae5a,0xb67a,0xb67a,0xb67a,0xae5a,0xae5a,0xae5a,0xae7a,0xae7a,0xae7a,0xae5a,0xae5a,0xae5a,0xae7a,0xae7a,0xae7a,0xb67b,0xb67b,0xb67b,0xae5b,0xae5a,
0xae5a,0xae5a,0xae3a,0xae3a,0xae5a,0xae5a,0xae5a,0xae5a,0xae5a,0xae5a,0xae5a,0xa63a,0xa63a,0xa63a,0xa63a,0xa63a,0xa63a,0xa619,0xa619,0xa619,0xa619,0xa619,0xa619,0x9e19,
0x9e19,0x9e19,0x9df9,0x9df9,0x9df9,0x95d8,0x95d8,0x95d8,0x95f9,0x95f9,0x95f9,0x8db8,0x8db8,0x8db8,0x8db8,0x8db8,0x8db8,0x8db8,0x8db8,0x8db8,0x8598,0x8598,0x8598,0x8d98,
0x8d98,0x8d98,0x8577,0x8577,0x8577,0x8598,0x8598,0x8598,0x8db8,0x8db8,0x8db8,0x8d98,0x8d98,0x8d98,0x8db8,0x8db8,0x8db8,0x8db8,0x8db8,0x8db8,0x8598,0x8598,0x8598,0x8598,
0x8598,0x8598,0x8598,0x8598,0x8598,0x85b8,0x8db8,0x8db8,0x8db8,0x8db8,0x8db8,0x8db8,0x8db8,0x8db8,0x8db8,0x8db8,0x8db8,0x8db8,0x8dd8,0x8dd8,0x8dd8,0x95d9,0x95d9,0x95d9,
0x8db8,0x8db8,0x8db8,0x8dd8,0x8dd8,0x8dd8,0x8db8,0x8db8,0x8db8,0x8db8,0x8db8,0x8db8,0x8d98,0x8d98,0x8d98,0x8db8,0x8db8,0x8db8,0x8db8,0x8db8,0x8db8,0x8d98,0x8d98,0x8d98,
0x8db8,0x8db8,0x8db8,0x8d98,0x8d98,0x8d98,0x8db8,0x8db8,0x8db8,0x8d98,0x8d98,0x8d98,0x8598,0x8598,0x8598,0x8598,0x8598,0x8598,0x8db8,0x8db8,0x8db8,0x85b8,0x8598,0x8598,
0x8db8,0x8db8,0x8db8,0x8db8,0x8db8,0x8db8,0x85b8,0x8598,0x8598,0x85b8,0x8db8,0x8db8,0x8db8,0x8db8,0x8db8,0x8db8,0x8db8,0x8db8,0x8db8,0x95d9,0x95d9,0x95d9,0x95d9,0x95d9,
0x95d9,0x95d9,0x95d9,0x95d9,0x95d9,0x95d9,0x95d9,0x9e19,0x9e19,0x9e19,0xa619,0xb65a,0xc69a,0xcefb,0xdf3c,0xef5c,0xffbe,0xe75c,0xd6fb,0xc69a,0xae3a,0x9df9,0x8598,0x8578,
0x8578,0x8577,0x8577,0x8577,0x8598,0x8598,0x8598,0x8598,0x8598,0x8598,0x8d98,0x8d98,0x8d98,0x8598,0x8598,0x8598,0x8d98,0x8d98,0x8d98,0x8598,0x8598,0x8598,0x8db8,0x8db8,
0x8db8,0x8db8,0x8db8,0x8db8,0x8db8,0x8db8,0x8db8,0x8dd9,0x95d9,0x95d9,0x95f9,0x95f9,0x95f9,0x95f9,0x9df9,0x9df9,0x9df9,0x9df9,0x9df9,0x9df9,0x9e19,0x9e19,0x9e19,0x9e19,
0x9e19,0x9e19,0xa63a,0xa63a,0xa63a,0xae3a,0xae3a,0xae3a,0xae3a,0xae3a,0xae3a,0xae5a,0xae5a,0xae5a,0xae5a,0xae5a,0xae5a,0xae5a,0xae5a,0xae5a,0xb67a,0xb67a,0xb67a,0xae5a,
0xae5a,0xae5a,0xae7a,0xae7a,0xae7a,0xae5a,0xae5a,0xae5a,0xae7a,0xae7a,0xae7a,0xb67b,0xb67b,0xb67b,0xae5b,0xae5a,0xae5a,0xae5a,0xae3a,0xae3a,0xae5a,0xae5a,0xae5a,0xae5a,
0xae5a,0xae5a,0xae5a,0xa63a,0xa63a,0xa63a,0xa63a,0xa63a,0xa63a,0xa619,0xa619,0xa619,0xa619,0xa619,0xa619,0x9e19,0x9e19,0x9e19,0x9df9,0x9df9,0x9df9,0x95d8,0x95d8,0x95d8,
0x95f9,0x95f9,0x95f9,0x8db8,0x8db8,0x8db8,0x8db8,0x8db8,0x8db8,0x8db8,0x8db8,0x8db8,0x8598,0x8598,0x8598,0x8d98,0x8d98,0x8d98,0x8577,0x8577,0x8577,0x8598,0x8598,0x8598,
0x8db8,0x8db8,0x8db8,0x8d98,0x8d98,0x8d98,0x8db8,0x8db8,0x8db8,0x8db8,0x8db8,0x8db8,0x8598,0x8598,0x8598,0x8598,0x8598,0x8598,0x8598,0x8598,0x8598,0x85b8,0x8db8,0x8db8,
0x8db8,0x8db8,0x8db8,0x8db8,0x8db8,0x8db8,0x8db8,0x8db8,0x8db8,0x8db8,0x8dd8,0x8dd8,0x8dd8,0x95d9,0x95d9,0x95d9,0x8db8,0x8db8,0x8db8,0x8dd8,0x8dd8,0x8dd8,0x8db8,0x8db8,
0x8db8,0x8db8,0x8db8,0x8db8,0x8d98,0x8d98,0x8d98,0x8db8,0x8db8,0x8db8,0x8db8,0x8db8,0x8db8,0x8d98,0x8d98,0x8d98,0x8db8,0x8db8,0x8db8,0x8d98,0x8d98,0x8d98,0x8db8,0x8db8,
0x8db8,0x8d98,0x8d98,0x8d98,0x8598,0x8598,0x8598,0x8598,0x8598,0x8598,0x8db8,0x8db8,0x8db8,0x85b8,0x8598,0x8598,0x8db8,0x8db8,0x8db8,0x8db8,0x8db8,0x8db8,0x85b8,0x8598,
0x8598,0x85b8,0x8db8,0x8db8,0x8db8,0x8db8,0x8db8,0x8db8,0x8db8,0x8db8,0x8db8,0x95d9,0x95d9,0x95d9,0x95d9,0x95d9,0x95d9,0x95d9,0x95d9,0x95d9,0x95d9,0x95d9,0x95d9,0x9e19,
0x9e19,0x9e19,0xa619,0xb65a,0xc69a,0xcefb,0xdf3c,0xef5c,0xffbe,0xe75c,0xd71b,0xc6ba,0xae5a,0x9e19,0x85b8,0x8598,0x8598,0x8577,0x8577,0x8577,0x8d98,0x8d98,0x8d98,0x8d98,
0x8d98,0x8d98,0x8d98,0x8d98,0x8d98,0x8db8,0x8db8,0x8db8,0x8d98,0x8d98,0x8d98,0x8d98,0x8d98,0x8d98,0x8db8,0x8db8,0x8db8,0x8db8,0x8db8,0x8db8,0x8dd9,0x95f9,0x95f9,0x95f9,
0x95f9,0x95f9,0x95f9,0x95d9,0x95d9,0x95d9,0x95d8,0x95d8,0x95d8,0x9df9,0x9df9,0x9df9,0x9df9,0x9df9,0x9df9,0xa619,0xa619,0xa619,0xa63a,0xa63a,0xa63a,0xae5a,0xae5a,0xae5a,
0xae5a,0xae5a,0xae5a,0xae5a,0xae5a,0xae5a,0xae5a,0xae5a,0xae5a,0xae3a,0xae3a,0xae3a,0xae5a,0xae5a,0xae5a,0xae5a,0xae5a,0xae5a,0xae7a,0xae7a,0xae7a,0xa65a,0xa63a,0xa63a,
0xa63a,0xa63a,0xa63a,0xae5a,0xae5a,0xae5a,0xae5a,0xae5a,0xae5a,0xa65a,0xa63a,0xa63a,0xae5a,0xae5a,0xae5a,0xae3a,0xa619,0xa619,0xa63a,0xa63a,0xa63a,0xa63a,0x9e19,0x9e19,
0x9e19,0x9df9,0x9df9,0x9df9,0x9e19,0x9e19,0x9e19,0x95f9,0x95f9,0x95f9,0x95f9,0x95f9,0x95f9,0x8db8,0x8db8,0x8db8,0x8db8,0x8db8,0x8db8,0x8d98,0x8d98,0x8d98,0x8d98,0x8d98,
0x8d98,0x8d98,0x8d98,0x8d98,0x8598,0x8598,0x8598,0x8598,0x8598,0x8598,0x8598,0x8598,0x8598,0x8578,0x8578,0x8578,0x8598,0x8598,0x8598,0x8598,0x8598,0x8598,0x8db8,0x8db8,
0x8db8,0x8597,0x8577,0x8577,0x8598,0x8598,0x8598,0x8db8,0x8db8,0x8db8,0x85b8,0x8598,0x8598,0x8598,0x8598,0x8598,0x8598,0x8d98,0x8d98,0x8db8,0x8db8,0x8db8,0x8db8,0x8db8,
0x8db8,0x8db8,0x8d98,0x8d98,0x8d98,0x8db8,0x8db8,0x8db8,0x8db8,0x8db8,0x8db8,0x8d98,0x8d98,0x8d98,0x8d98,0x8d98,0x8d98,0x8db8,0x8db8,0x8db8,0x8db8,0x8db8,0x8db8,0x8db8,
0x8db8,0x8db8,0x8db8,0x8db8,0x8db8,0x8db8,0x8db8,0x8db8,0x8d98,0x8d98,0x8d98,0x8d98,0x8d98,0x8d98,0x8577,0x8577,0x8577,0x8db8,0x8db8,0x8db8,0x8598,0x8598,0x8598,0x8598,
0x8598,0x8598,0x8578,0x8577,0x8577,0x8d98,0x8db8,0x8db8,0x85b8,0x8598,0x8598,0x85b8,0x8db8,0x8db8,0x8db8,0x8db8,0x8db8,0x8dd9,0x95d9,0x95d9,0x95d9,0x8db8,0x8db8,0x8dd9,
0x95f9,0x95f9,0x95f9,0x95f9,0x95f9,0x95f9,0x95d8,0x95d8,0x95d8,0x9df9,0x9df9,0x9df9,0x9df9,0x9df9,0x9df9,0x9df9,0x9df9,0x9df9,0xa639,0xb67a,0xc6ba,0xcefb,0xdf3c,0xef5c,
0xffbe,0xe75c,0xd71b,0xc6ba,0xae5a,0x9e19,0x85b8,0x8598,0x8598,0x8577,0x8577,0x8577,0x8d98,0x8d98,0x8d98,0x8d98,0x8d98,0x8d98,0x8d98,0x8d98,0x8d98,0x8db8,0x8db8,0x8db8,
0x8d98,0x8d98,0x8d98,0x8d98,0x8d98,0x8d98,0x8db8,0x8db8,0x8db8,0x8db8,0x8db8,0x8db8,0x8dd9,0x95f9,0x95f9,0x95f9,0x95f9,0x95f9,0x95f9,0x95d9,0x95d9,0x95d9,0x95d8,0x95d8,
0x95d8,0x9df9,0x9df9,0x9df9,0x9df9,0x9df9,0x9df9,0xa619,0xa619,0xa619,0xa63a,0xa63a,0xa63a,0xae5a,0xae5a,0xae5a,0xae5a,0xae5a,0xae5a,0xae5a,0xae5a,0xae5a,0xae5a,0xae5a,
0xae5a,0xae3a,0xae3a,0xae3a,0xae5a,0xae5a,0xae5a,0xae5a,0xae5a,0xae5a,0xae7a,0xae7a,0xae7a,0xa65a,0xa63a,0xa63a,0xa63a,0xa63a,0xa63a,0xae5a,0xae5a,0xae5a,0xae5a,0xae5a,
0xae5a,0xa65a,0xa63a,0xa63a,0xae5a,0xae5a,0xae5a,0xae3a,0xa619,0xa619,0xa63a,0xa63a,0xa63a,0xa63a,0x9e19,0x9e19,0x9e19,0x9df9,0x9df9,0x9df9,0x9e19,0x9e19,0x9e19,0x95f9,
0x95f9,0x95f9,0x95f9,0x95f9,0x95f9,0x8db8,0x8db8,0x8db8,0x8db8,0x8db8,0x8db8,0x8d98,0x8d98,0x8d98,0x8d98,0x8d98,0x8d98,0x8d98,0x8d98,0x8d98,0x8598,0x8598,0x8598,0x8598,
0x8598,0x8598,0x8598,0x8598,0x8598,0x8578,0x8578,0x8578,0x8598,0x8598,0x8598,0x8598,0x8598,0x8598,0x8db8,0x8db8,0x8db8,0x8597,0x8577,0x8577,0x8598,0x8598,0x8598,0x8db8,
0x8db8,0x8db8,0x85b8,0x8598,0x8598,0x8598,0x8598,0x8598,0x8598,0x8d98,0x8d98,0x8db8,0x8db8,0x8db8,0x8db8,0x8db8,0x8db8,0x8db8,0x8d98,0x8d98,0x8d98,0x8db8,0x8db8,0x8db8,
0x8db8,0x8db8,0x8db8,0x8d98,0x8d98,0x8d98,0x8d98,0x8d98,0x8d98,0x8db8,0x8db8,0x8db8,0x8db8,0x8db8,0x8db8,0x8db8,0x8db8,0x8db8,0x8db8,0x8db8,0x8db8,0x8db8,0x8db8,0x8db8,
0x8d98,0x8d98,0x8d98,0x8d98,0x8d98,0x8d98,0x8577,0x8577,0x8577,0x8db8,0x8db8,0x8db8,0x8598,0x8598,0x8598,0x8598,0x8598,0x8598,0x8578,0x8577,0x8577,0x8d98,0x8db8,0x8db8,
0x85b8,0x8598,0x8598,0x85b8,0x8db8,0x8db8,0x8db8,0x8db8,0x8db8,0x8dd9,0x95d9,0x95d9,0x95d9,0x8db8,0x8db8,0x8dd9,0x95f9,0x95f9,0x95f9,0x95f9,0x95f9,0x95f9,0x95d8,0x95d8,
0x95d8,0x9df9,0x9df9,0x9df9,0x9df9,0x9df9,0x9df9,0x9df9,0x9df9,0x9df9,0xa639,0xb67a,0xc6ba,0xcefb,0xdf3c,0xef5c,0xffbe,0xe75c,0xd71b,0xc6ba,0xae5a,0x9e19,0x85b8,0x8598,
0x8598,0x8577,0x8577,0x8577,0x8d98,0x8d98,0x8d98,0x8d98,0x8d98,0x8d98,0x8d98,0x8d98,0x8d98,0x8db8,0x8db8,0x8db8,0x8d98,0x8d98,0x8d98,0x8d98,0x8d98,0x8d98,0x8db8,0x8db8,
0x8db8,0x8db8,0x8db8,0x8db8,0x8dd9,0x95f9,0x95f9,0x95f9,0x95f9,0x95f9,0x95f9,0x95d9,0x95d9,0x95d9,0x95d8,0x95d8,0x95d8,0x9df9,0x9df9,0x9df9,0x9df9,0x9df9,0x9df9,0xa619,
0xa619,0xa619,0xa63a,0xa63a,0xa63a,0xae5a,0xae5a,0xae5a,0xae5a,0xae5a,0xae5a,0xae5a,0xae5a,0xae5a,0xae5a,0xae5a,0xae5a,0xae3a,0xae3a,0xae3a,0xae5a,0xae5a,0xae5a,0xae5a,
0xae5a,0xae5a,0xae7a,0xae7a,0xae7a,0xa65a,0xa63a,0xa63a,0xa63a,0xa63a,0xa63a,0xae5a,0xae5a,0xae5a,0xae5a,0xae5a,0xae5a,0xa65a,0xa63a,0xa63a,0xae5a,0xae5a,0xae5a,0xae3a,
0xa619,0xa619,0xa63a,0xa63a,0xa63a,0xa63a,0x9e19,0x9e19,0x9e19,0x9df9,0x9df9,0x9df9,0x9e19,0x9e19,0x9e19,0x95f9,0x95f9,0x95f9,0x95f9,0x95f9,0x95f9,0x8db8,0x8db8,0x8db8,
0x8db8,0x8db8,0x8db8,0x8d98,0x8d98,0x8d98,0x8d98,0x8d98,0x8d98,0x8d98,0x8d98,0x8d98,0x8598,0x8598,0x8598,0x8598,0x8598,0x8598,0x8598,0x8598,0x8598,0x8578,0x8578,0x8578,
0x8598,0x8598,0x8598,0x8598,0x8598,0x8598,0x8db8,0x8db8,0x8db8,0x8597,0x8577,0x8577,0x8598,0x8598,0x8598,0x8db8,0x8db8,0x8db8,0x85b8,0x8598,0x8598,0x8598,0x8598,0x8598,
0x8598,0x8d98,0x8d98,0x8db8,0x8db8,0x8db8,0x8db8,0x8db8,0x8db8,0x8db8,0x8d98,0x8d98,0x8d98,0x8db8,0x8db8,0x8db8,0x8db8,0x8db8,0x8db8,0x8d98,0x8d98,0x8d98,0x8d98,0x8d98,
0x8d98,0x8db8,0x8db8,0x8db8,0x8db8,0x8db8,0x8db8,0x8db8,0x8db8,0x8db8,0x8db8,0x8db8,0x8db8,0x8db8,0x8db8,0x8db8,0x8d98,0x8d98,0x8d98,0x8d98,0x8d98,0x8d98,0x8577,0x8577,
0x8577,0x8db8,0x8db8,0x8db8,0x8598,0x8598,0x8598,0x8598,0x8598,0x8598,0x8578,0x8577,0x8577,0x8d98,0x8db8,0x8db8,0x85b8,0x8598,0x8598,0x85b8,0x8db8,0x8db8,0x8db8,0x8db8,
0x8db8,0x8dd9,0x95d9,0x95d9,0x95d9,0x8db8,0x8db8,0x8dd9,0x95f9,0x95f9,0x95f9,0x95f9,0x95f9,0x95f9,0x95d8,0x95d8,0x95d8,0x9df9,0x9df9,0x9df9,0x9df9,0x9df9,0x9df9,0x9df9,
0x9df9,0x9df9,0xa639,0xb67a,0xc6ba,0xcefb,0xdf3c,0xef5c,0xffbe,0xe75c,0xd71b,0xc6ba,0xb65a,0xa619,0x8dd8,0x8db8,0x8db8,0x8dd8,0x8dd8,0x8dd8,0x8db8,0x8db8,0x8db8,0x95d9,
0x95d9,0x95d9,0x8db8,0x8db8,0x8db8,0x95d9,0x95d9,0x95d9,0x8db9,0x8d98,0x8d98,0x95b8,0x95d8,0x95d8,0x95d9,0x95d9,0x95d9,0x95d9,0x95b8,0x95b8,0x95d9,0x95d9,0x95d9,0x95f9,
0x95f9,0x95f9,0x95f9,0x9df9,0x9df9,0x9df9,0x9df9,0x9df9,0x9df9,0xa619,0xa619,0xa619,0xa63a,0xa63a,0xa63a,0xa619,0xa619,0xa619,0xa639,0xa639,0xa639,0xae5a,0xae5a,0xae5a,
0xa619,0xa619,0xa619,0xa639,0xa639,0xa639,0xa63a,0xa63a,0xa63a,0xa63a,0xa63a,0xa63a,0xae5a,0xae5a,0xae5a,0xae5a,0xae5a,0xae5a,0xa63a,0xa63a,0xa63a,0xa619,0xa619,0xa619,
0xa63a,0xa63a,0xa63a,0xa639,0xa639,0xa639,0xae5a,0xae5a,0xae5a,0xa65a,0xa65a,0xa65a,0xa63a,0x9e19,0x9e19,0xa63a,0xa63a,0xa63a,0xa63a,0x9e19,0x9e19,0x9e19,0x9df9,0x9df9,
0x9df9,0x95d9,0x95d9,0x95d9,0x95d9,0x95d9,0x95d9,0x95d9,0x95d9,0x95d9,0x8d98,0x8d98,0x8d98,0x8db8,0x8db8,0x8db8,0x8598,0x8598,0x8598,0x8598,0x8598,0x8598,0x8598,0x8598,
0x8598,0x8598,0x8598,0x8598,0x8578,0x8578,0x8578,0x8577,0x8577,0x8577,0x7d77,0x7d77,0x7d77,0x7d57,0x7d57,0x7d57,0x8598,0x8598,0x8598,0x8598,0x8598,0x8598,0x8598,0x8598,
0x8598,0x8598,0x8598,0x8598,0x8578,0x8577,0x8577,0x8598,0x8598,0x8598,0x8db8,0x8db8,0x8db8,0x8db8,0x8d98,0x8d98,0x8598,0x8598,0x8598,0x8598,0x8d98,0x8d98,0x8d98,0x8598,
0x8598,0x8598,0x8d98,0x8d98,0x8d98,0x8d98,0x8d98,0x8d98,0x8d98,0x8d98,0x8d98,0x8db8,0x8db8,0x8db8,0x8db8,0x8db8,0x8db8,0x8db8,0x8db8,0x8db8,0x8db8,0x8db8,0x8db8,0x8db8,
0x8db8,0x8db8,0x8d98,0x8d98,0x8d98,0x8db8,0x8db8,0x8db8,0x8598,0x8598,0x8598,0x8db8,0x8db8,0x8db8,0x8598,0x8598,0x8598,0x8d98,0x8d98,0x8d98,0x8db8,0x8db8,0x8db8,0x8db8,
0x8db8,0x8db8,0x8db8,0x8db8,0x8db8,0x8dd8,0x8dd8,0x8dd8,0x8db8,0x8d98,0x8d98,0x8d98,0x8d98,0x8d98,0x8db8,0x8dd8,0x8dd8,0x8dd8,0x95d8,0x95d8,0x95f9,0x95f9,0x95f9,0x95f9,
0x95f9,0x95f9,0x95f9,0x95d9,0x95d9,0x95d9,0x9df9,0x9df9,0x9df9,0x9e19,0x9e19,0x9e19,0x9df9,0x9df9,0x9df9,0xa619,0xa619,0xa619,0xae5a,0xb69b,0xc6db,0xd6fb,0xdf3c,0xef5c,
0xffbe,0xe75c,0xd71b,0xc6ba,0xb65a,0xa619,0x8dd8,0x8db8,0x8db8,0x8dd8,0x8dd8,0x8dd8,0x8db8,0x8db8,0x8db8,0x95d9,0x95d9,0x95d9,0x8db8,0x8db8,0x8db8,0x95d9,0x95d9,0x95d9,
0x8db9,0x8d98,0x8d98,0x95b8,0x95d8,0x95d8,0x95d9,0x95d9,0x95d9,0x95d9,0x95b8,0x95b8,0x95d9,0x95d9,0x95d9,0x95f9,0x95f9,0x95f9,0x95f9,0x9df9,0x9df9,0x9df9,0x9df9,0x9df9,
0x9df9,0xa619,0xa619,0xa619,0xa63a,0xa63a,0xa63a,0xa619,0xa619,0xa619,0xa639,0xa639,0xa639,0xae5a,0xae5a,0xae5a,0xa619,0xa619,0xa619,0xa639,0xa639,0xa639,0xa63a,0xa63a,
0xa63a,0xa63a,0xa63a,0xa63a,0xae5a,0xae5a,0xae5a,0xae5a,0xae5a,0xae5a,0xa63a,0xa63a,0xa63a,0xa619,0xa619,0xa619,0xa63a,0xa63a,0xa63a,0xa639,0xa639,0xa639,0xae5a,0xae5a,
0xae5a,0xa65a,0xa65a,0xa65a,0x9e3a,0x9e19,0x9e19,0xa63a,0xa63a,0xa63a,0xa63a,0x9e19,0x9e19,0x9e19,0x9df9,0x9df9,0x9df9,0x95d9,0x95d9,0x95d9,0x95d9,0x95d9,0x95d9,0x95d9,
0x95d9,0x95d9,0x8d98,0x8d98,0x8d98,0x8db8,0x8db8,0x8db8,0x8598,0x8598,0x8598,0x8598,0x8598,0x8598,0x8598,0x8598,0x8598,0x8598,0x8598,0x8598,0x8578,0x8578,0x8578,0x8577,
0x8577,0x8577,0x7d77,0x7d77,0x7d77,0x7d57,0x7d57,0x7d57,0x8598,0x8598,0x8598,0x8598,0x8598,0x8598,0x8598,0x8598,0x8598,0x8598,0x8598,0x8598,0x8578,0x8577,0x8577,0x8598,
0x8598,0x8598,0x8db8,0x8db8,0x8db8,0x8db8,0x8d98,0x8d98,0x8598,0x8598,0x8598,0x8598,0x8d98,0x8d98,0x8d98,0x8598,0x8598,0x8598,0x8d98,0x8d98,0x8d98,0x8d98,0x8d98,0x8d98,
0x8d98,0x8d98,0x8d98,0x8db8,0x8db8,0x8db8,0x8db8,0x8db8,0x8db8,0x8db8,0x8db8,0x8db8,0x8db8,0x8db8,0x8db8,0x8db8,0x8db8,0x8db8,0x8d98,0x8d98,0x8d98,0x8db8,0x8db8,0x8db8,
0x8598,0x8598,0x8598,0x8db8,0x8db8,0x8db8,0x8598,0x8598,0x8598,0x8d98,0x8d98,0x8d98,0x8db8,0x8db8,0x8db8,0x8db8,0x8db8,0x8db8,0x8db8,0x8db8,0x8db8,0x8dd8,0x8dd8,0x8dd8,
0x8db8,0x8d98,0x8d98,0x8d98,0x8d98,0x8d98,0x8db8,0x8dd8,0x8dd8,0x8dd8,0x95d8,0x95d8,0x95f9,0x95f9,0x95f9,0x95f9,0x95f9,0x95f9,0x95f9,0x95d9,0x95d9,0x95d9,0x9df9,0x9df9,
0x9df9,0x9e19,0x9e19,0x9e19,0x9df9,0x9df9,0x9df9,0xa619,0xa619,0xa619,0xae5a,0xb69b,0xc6db,0xd6fb,0xdf3c,0xef5c,0xffbe,0xe75c,0xd71b,0xc6ba,0xb65a,0xa619,0x8dd8,0x8db8,
0x8db8,0x8dd8,0x8dd8,0x8dd8,0x8db8,0x8db8,0x8db8,0x95d9,0x95d9,0x95d9,0x8db8,0x8db8,0x8db8,0x95d9,0x95d9,0x95d9,0x8db9,0x8d98,0x8d98,0x95b8,0x95d8,0x95d8,0x95d9,0x95d9,
0x95d9,0x95d9,0x95b8,0x95b8,0x95d9,0x95d9,0x95d9,0x95f9,0x95f9,0x95f9,0x95f9,0x9df9,0x9df9,0x9df9,0x9df9,0x9df9,0x9df9,0xa619,0xa619,0xa619,0xa63a,0xa63a,0xa63a,0xa619,
0xa619,0xa619,0xa639,0xa639,0xa639,0xae5a,0xae5a,0xae5a,0xa619,0xa619,0xa619,0xa639,0xa639,0xa639,0xa63a,0xa63a,0xa63a,0xa63a,0xa63a,0xa63a,0xae5a,0xae5a,0xae5a,0xae5a,
0xae5a,0xae5a,0xa63a,0xa63a,0xa63a,0xa619,0xa619,0xa619,0xa63a,0xa63a,0xa63a,0xa639,0xa639,0xa639,0xae5a,0xae5a,0xae5a,0xa65a,0xa65a,0xa65a,0x9e3a,0x9e19,0x9e19,0xa63a,
0xa63a,0xa63a,0xa63a,0x9e19,0x9e19,0x9e19,0x9df9,0x9df9,0x9df9,0x95d9,0x95d9,0x95d9,0x95d9,0x95d9,0x95d9,0x95d9,0x95d9,0x95d9,0x8d98,0x8d98,0x8d98,0x8db8,0x8db8,0x8db8,
0x8598,0x8598,0x8598,0x8598,0x8598,0x8598,0x8598,0x8598,0x8598,0x8598,0x8598,0x8598,0x8578,0x8578,0x8578,0x8577,0x8577,0x8577,0x7d77,0x7d77,0x7d77,0x7d57,0x7d57,0x7d57,
0x8598,0x8598,0x8598,0x8598,0x8598,0x8598,0x8598,0x8598,0x8598,0x8598,0x8598,0x8598,0x8578,0x8577,0x8577,0x8598,0x8598,0x8598,0x8db8,0x8db8,0x8db8,0x8db8,0x8d98,0x8d98,
0x8598,0x8598,0x8598,0x8598,0x8d98,0x8d98,0x8d98,0x8598,0x8598,0x8598,0x8d98,0x8d98,0x8d98,0x8d98,0x8d98,0x8d98,0x8d98,0x8d98,0x8d98,0x8db8,0x8db8,0x8db8,0x8db8,0x8db8,
0x8db8,0x8db8,0x8db8,0x8db8,0x8db8,0x8db8,0x8db8,0x8db8,0x8db8,0x8db8,0x8d98,0x8d98,0x8d98,0x8db8,0x8db8,0x8db8,0x8598,0x8598,0x8598,0x8db8,0x8db8,0x8db8,0x8598,0x8598,
0x8598,0x8d98,0x8d98,0x8d98,0x8db8,0x8db8,0x8db8,0x8db8,0x8db8,0x8db8,0x8db8,0x8db8,0x8db8,0x8dd8,0x8dd8,0x8dd8,0x8db8,0x8d98,0x8d98,0x8d98,0x8d98,0x8d98,0x8db8,0x8dd8,
0x8dd8,0x8dd8,0x95d8,0x95d8,0x95f9,0x95f9,0x95f9,0x95f9,0x95f9,0x95f9,0x95f9,0x95d9,0x95d9,0x95d9,0x9df9,0x9df9,0x9df9,0x9e19,0x9e19,0x9e19,0x9df9,0x9df9,0x9df9,0xa619,
0xa619,0xa619,0xae5a,0xb69b,0xc6db,0xd6fb,0xdf3c,0xef5c,0xffbd,0xef5d,0xdf1c,0xc6ba,0xb65a,0xa619,0x8dd8,0x8db8,0x8db8,0x95d8,0x95d8,0x95d8,0x95d9,0x95d9,0x95d9,0x8db8,
0x8db8,0x8db8,0x95b8,0x95b8,0x95b8,0x95d9,0x95d9,0x95d9,0x95d9,0x95d8,0x95d8,0x95d8,0x95d8,0x95d8,0x95d8,0x95d8,0x95d8,0x9df9,0x9df9,0x9df9,0x9df9,0x95d9,0x95d9,0x95f9,
0x9df9,0x9df9,0x9e19,0x9e19,0x9e19,0x9e19,0x9df9,0x9df9,0x9e19,0xa63a,0xa63a,0xa63a,0xa63a,0xa63a,0xa63a,0xa63a,0xa63a,0xa63a,0xa63a,0xa63a,0xa63a,0xa63a,0xa63a,0xa63a,
0xa639,0xa639,0xa639,0xa619,0xa619,0xa619,0xa63a,0xa63a,0xa63a,0x9e19,0x9e19,0x9e19,0xa619,0xa619,0xa619,0xa63a,0xa63a,0xa63a,0xa63a,0xa63a,0xa63a,0xa619,0xa619,0xa619,
0xa63a,0xa63a,0xa63a,0xa63a,0xa63a,0xa63a,0xa63a,0x9e19,0x9e19,0xa619,0xa619,0xa619,0x9e19,0x9df9,0x9df9,0x9e19,0x9e19,0x9e19,0x9e19,0x9df9,0x9df9,0x9df9,0x9df9,0x9df9,
0x9df9,0x95d9,0x95d9,0x95d9,0x95d9,0x95d9,0x95d9,0x8db8,0x8db8,0x8db8,0x8598,0x8598,0x8598,0x8577,0x8577,0x8597,0x8598,0x8598,0x8598,0x8578,0x8578,0x8578,0x7d57,0x7d57,
0x7d57,0x7d57,0x7d57,0x7d57,0x8578,0x8578,0x8578,0x7d57,0x7d57,0x7d57,0x7d57,0x7d57,0x7d57,0x7d77,0x7d77,0x7d77,0x7d77,0x7d57,0x7d57,0x8578,0x8578,0x8578,0x8598,0x8598,
0x8598,0x8578,0x8577,0x8577,0x8577,0x8577,0x8577,0x8577,0x8577,0x8577,0x8578,0x8578,0x8578,0x8598,0x8598,0x8598,0x8598,0x8598,0x8598,0x8598,0x8598,0x8598,0x8598,0x8577,
0x8577,0x8577,0x8577,0x8577,0x8598,0x8db8,0x8db8,0x8db8,0x8577,0x8577,0x8578,0x8d98,0x8d98,0x8d98,0x8577,0x8577,0x8597,0x8598,0x8598,0x8598,0x8db8,0x8db8,0x8db8,0x8d98,
0x8d98,0x8d98,0x8db8,0x8db8,0x8db8,0x8d98,0x8d98,0x8d98,0x8598,0x8598,0x8598,0x8598,0x8598,0x8598,0x8db8,0x8db8,0x8db8,0x8d98,0x8d98,0x8d98,0x8598,0x8598,0x8598,0x8d98,
0x8d98,0x8d98,0x8db8,0x8db8,0x8db8,0x8db8,0x8db8,0x8db8,0x95d9,0x95d9,0x95d9,0x8db9,0x8db8,0x8db8,0x8dd9,0x95d9,0x95d9,0x95d9,0x95d9,0x95d9,0x95f9,0x95f9,0x95f9,0x95f9,
0x9df9,0x9df9,0x9df9,0x9df9,0x9df9,0x9df9,0x9df9,0x9df9,0x9e19,0xa63a,0xa63a,0xa63a,0xa63a,0xa63a,0xa63a,0xa65a,0xa65a,0xa65a,0xae39,0xb67a,0xc6ba,0xd71b,0xdf3c,0xef5c,
0xffbd,0xef5d,0xdf1c,0xc6ba,0xb65a,0xa619,0x8dd8,0x8db8,0x8db8,0x95d8,0x95d8,0x95d8,0x95d9,0x95d9,0x95d9,0x8db8,0x8db8,0x8db8,0x95b8,0x95b8,0x95b8,0x95d9,0x95d9,0x95d9,
0x95d9,0x95d8,0x95d8,0x95d8,0x95d8,0x95d8,0x95d8,0x95d8,0x95d8,0x9df9,0x9df9,0x9df9,0x9df9,0x95d9,0x95d9,0x95f9,0x9df9,0x9df9,0x9e19,0x9e19,0x9e19,0x9e19,0x9df9,0x9df9,
0x9e19,0xa63a,0xa63a,0xa63a,0xa63a,0xa63a,0xa63a,0xa63a,0xa63a,0xa63a,0xa63a,0xa63a,0xa63a,0xa63a,0xa63a,0xa63a,0xa639,0xa639,0xa639,0xa619,0xa619,0xa619,0xa63a,0xa63a,
0xa63a,0x9e19,0x9e19,0x9e19,0xa619,0xa619,0xa619,0xa63a,0xa63a,0xa63a,0xa63a,0xa63a,0xa63a,0xa619,0xa619,0xa619,0xa63a,0xa63a,0xa63a,0xa63a,0xa63a,0xa63a,0x9e1a,0x9e19,
0x9e19,0xa619,0xa619,0xa619,0x9e19,0x9df9,0x9df9,0x9e19,0x9e19,0x9e19,0x9e19,0x9df9,0x9df9,0x9df9,0x9df9,0x9df9,0x9df9,0x95d9,0x95d9,0x95d9,0x95d9,0x95d9,0x95d9,0x8db8,
0x8db8,0x8db8,0x8598,0x8598,0x8598,0x8577,0x8577,0x8577,0x8598,0x8598,0x8598,0x8578,0x8578,0x8578,0x7d57,0x7d57,0x7d57,0x7d57,0x7d57,0x7d57,0x8578,0x8578,0x8578,0x7d57,
0x7d57,0x7d57,0x7d57,0x7d57,0x7d57,0x7d77,0x7d77,0x7d77,0x7d57,0x7d57,0x7d57,0x8578,0x8578,0x8578,0x8598,0x8598,0x8598,0x8577,0x8577,0x8577,0x8577,0x8577,0x8577,0x8577,
0x8577,0x8577,0x8578,0x8578,0x8578,0x8598,0x8598,0x8598,0x8598,0x8598,0x8598,0x8598,0x8598,0x8598,0x8598,0x8577,0x8577,0x8577,0x8577,0x8577,0x8597,0x8db8,0x8db8,0x8db8,
0x8577,0x8577,0x8577,0x8d98,0x8d98,0x8d98,0x8577,0x8577,0x8577,0x8598,0x8598,0x8598,0x8db8,0x8db8,0x8db8,0x8d98,0x8d98,0x8d98,0x8db8,0x8db8,0x8db8,0x8d98,0x8d98,0x8d98,
0x8598,0x8598,0x8598,0x8598,0x8598,0x8598,0x8db8,0x8db8,0x8db8,0x8d98,0x8d98,0x8d98,0x8598,0x8598,0x8598,0x8d98,0x8d98,0x8d98,0x8db8,0x8db8,0x8db8,0x8db8,0x8db8,0x8db8,
0x95d9,0x95d9,0x95d9,0x8dd9,0x8db8,0x8db8,0x8dd9,0x95d9,0x95d9,0x95d9,0x95d9,0x95d9,0x95f9,0x95f9,0x95f9,0x95f9,0x9df9,0x9df9,0x9df9,0x9df9,0x9df9,0x9df9,0x9df9,0x9df9,
0x9e19,0xa63a,0xa63a,0xa63a,0xa63a,0xa63a,0xa63a,0xa65a,0xa65a,0xa65a,0xae39,0xb67a,0xc6ba,0xd71b,0xdf3c,0xef5c,0xffbd,0xef5d,0xdf1c,0xc6ba,0xb65a,0xa619,0x8dd8,0x8db8,
0x8db8,0x95d8,0x95d8,0x95d8,0x95d9,0x95d9,0x95d9,0x8db8,0x8db8,0x8db8,0x95b8,0x95b8,0x95b8,0x95d9,0x95d9,0x95d9,0x95d9,0x95d8,0x95d8,0x95d8,0x95d8,0x95d8,0x95d8,0x95d8,
0x95d8,0x9df9,0x9df9,0x9df9,0x9df9,0x95d9,0x95d9,0x95f9,0x9df9,0x9df9,0x9e19,0x9e19,0x9e19,0x9e19,0x9df9,0x9df9,0x9e19,0xa63a,0xa63a,0xa63a,0xa63a,0xa63a,0xa63a,0xa63a,
0xa63a,0xa63a,0xa63a,0xa63a,0xa63a,0xa63a,0xa63a,0xa63a,0xa639,0xa639,0xa639,0xa619,0xa619,0xa619,0xa63a,0xa63a,0xa63a,0x9e19,0x9e19,0x9e19,0xa619,0xa619,0xa619,0xa63a,
0xa63a,0xa63a,0xa63a,0xa63a,0xa63a,0xa619,0xa619,0xa619,0xa63a,0xa63a,0xa63a,0xa63a,0xa63a,0xa63a,0x9e1a,0x9e19,0x9e19,0xa619,0xa619,0xa619,0x9e19,0x9df9,0x9df9,0x9e19,
0x9e19,0x9e19,0x9e19,0x9df9,0x9df9,0x9df9,0x9df9,0x9df9,0x9df9,0x95d9,0x95d9,0x95d9,0x95d9,0x95d9,0x95d9,0x8db8,0x8db8,0x8db8,0x8598,0x8598,0x8598,0x8577,0x8577,0x8577,
0x8598,0x8598,0x8598,0x8578,0x8578,0x8578,0x7d57,0x7d57,0x7d57,0x7d57,0x7d57,0x7d57,0x8578,0x8578,0x8578,0x7d57,0x7d57,0x7d57,0x7d57,0x7d57,0x7d57,0x7d77,0x7d77,0x7d77,
0x7d57,0x7d57,0x7d57,0x8578,0x8578,0x8578,0x8598,0x8598,0x8598,0x8577,0x8577,0x8577,0x8577,0x8577,0x8577,0x8577,0x8577,0x8577,0x8578,0x8578,0x8578,0x8598,0x8598,0x8598,
0x8598,0x8598,0x8598,0x8598,0x8598,0x8598,0x8598,0x8577,0x8577,0x8577,0x8577,0x8577,0x8597,0x8db8,0x8db8,0x8db8,0x8577,0x8577,0x8577,0x8d98,0x8d98,0x8d98,0x8577,0x8577,
0x8577,0x8598,0x8598,0x8598,0x8db8,0x8db8,0x8db8,0x8d98,0x8d98,0x8d98,0x8db8,0x8db8,0x8db8,0x8d98,0x8d98,0x8d98,0x8598,0x8598,0x8598,0x8598,0x8598,0x8598,0x8db8,0x8db8,
0x8db8,0x8d98,0x8d98,0x8d98,0x8598,0x8598,0x8598,0x8d98,0x8d98,0x8d98,0x8db8,0x8db8,0x8db8,0x8db8,0x8db8,0x8db8,0x95d9,0x95d9,0x95d9,0x8dd9,0x8db8,0x8db8,0x8dd9,0x95d9,
0x95d9,0x95d9,0x95d9,0x95d9,0x95f9,0x95f9,0x95f9,0x95f9,0x9df9,0x9df9,0x9df9,0x9df9,0x9df9,0x9df9,0x9df9,0x9df9,0x9e19,0xa63a,0xa63a,0xa63a,0xa63a,0xa63a,0xa63a,0xa65a,
0xa65a,0xa65a,0xae39,0xb67a,0xc6ba,0xd71b,0xdf3c,0xef5c,0xffbd,0xef5d,0xdf1c,0xcedb,0xbe7b,0xae3a,0x95f9,0x95f9,0x95f9,0x95f9,0x95f9,0x95f9,0x95d9,0x95d9,0x95d9,0x95d9,
0x95d9,0x95d9,0x95d8,0x95d8,0x95d8,0x95f9,0x95f9,0x95f9,0x95d9,0x95d8,0x95d8,0x95d9,0x95d9,0x95d9,0x95d9,0x95d9,0x95d9,0x9df9,0x9df9,0x9df9,0x9df9,0x9e19,0x9e19,0x9df9,
0x9df9,0x9df9,0x9e19,0x9e19,0x9e19,0x9e19,0x9e19,0x9e19,0x9e19,0x9df9,0x9df9,0x9e19,0xa619,0xa619,0xa619,0x9e19,0x9e19,0x9e19,0xa63a,0xa63a,0xa63a,0x9e19,0x9e19,0x9e19,
0xa63a,0xa63a,0xa63a,0xa63a,0xa63a,0xa63a,0xa63a,0xa63a,0xa63a,0x9e19,0x9e19,0x9e19,0xa63a,0xa63a,0xa63a,0xa619,0xa619,0xa619,0xa63a,0xa63a,0xa63a,0x9e19,0x9df9,0x9df9,
0xa619,0xa619,0xa619,0x9e19,0x9e19,0x9e19,0x9e19,0x9df9,0x9df9,0x9e19,0x9e19,0x9e19,0x9df9,0x95d9,0x95d9,0x95f9,0x95f9,0x95f9,0x95f9,0x95d9,0x95d9,0x95d9,0x95d9,0x95d9,
0x95d9,0x8db8,0x8db8,0x8db8,0x8d98,0x8d98,0x8db8,0x8db8,0x8db8,0x8db8,0x8578,0x8578,0x8578,0x8578,0x8578,0x8578,0x8578,0x8578,0x8578,0x7d57,0x7d57,0x7d57,0x7d77,0x7d77,
0x7d77,0x7d57,0x7d57,0x7d57,0x7d57,0x7d57,0x7d57,0x7d57,0x7d57,0x7d57,0x8578,0x8578,0x8578,0x7d77,0x7d77,0x7d77,0x8577,0x8577,0x8577,0x8577,0x8577,0x8577,0x7d77,0x7d77,
0x7d77,0x8598,0x8598,0x8598,0x8598,0x8598,0x8598,0x8598,0x8598,0x8598,0x8598,0x8598,0x8598,0x8598,0x8577,0x8577,0x8577,0x8577,0x8577,0x8598,0x8598,0x8598,0x8598,0x8598,
0x8598,0x8598,0x8d98,0x8d98,0x8d98,0x8598,0x8598,0x8598,0x8598,0x8598,0x8598,0x8598,0x8598,0x8598,0x8598,0x8598,0x8598,0x8d98,0x8d98,0x8d98,0x8d98,0x8d98,0x8d98,0x8598,
0x8598,0x8598,0x8d98,0x8d98,0x8d98,0x8d98,0x8d98,0x8d98,0x8d98,0x8d98,0x8d98,0x8598,0x8598,0x8598,0x8d98,0x8d98,0x8d98,0x8db8,0x8db8,0x8db8,0x8598,0x8598,0x8598,0x8db8,
0x8db8,0x8db8,0x8d98,0x8d98,0x8d98,0x8db8,0x8db8,0x8db8,0x8dd8,0x8dd8,0x8dd8,0x95d9,0x95d9,0x95d9,0x95d9,0x8db8,0x8db8,0x95b8,0x95b8,0x95b8,0x95d9,0x9df9,0x9df9,0x9df9,
0x95d9,0x95d9,0x95d9,0x9df9,0x9df9,0x9df9,0x9e19,0x9e19,0x9e19,0xa63a,0xa63a,0xa63a,0xa619,0xa619,0xa639,0xa63a,0xa63a,0xa63a,0xae5a,0xb69b,0xc6bb,0xd6fb,0xdf3c,0xef5c,
0xffbd,0xef5d,0xdf1c,0xcedb,0xbe7b,0xae3a,0x95f9,0x95f9,0x95f9,0x95f9,0x95f9,0x95f9,0x95d9,0x95d9,0x95d9,0x95d9,0x95d9,0x95d9,0x95d8,0x95d8,0x95d8,0x95f9,0x95f9,0x95f9,
0x95d9,0x95d8,0x95d8,0x95d9,0x95d9,0x95d9,0x95d9,0x95d9,0x95d9,0x9df9,0x9df9,0x9df9,0x9e19,0x9e19,0x9e19,0x9e19,0x9df9,0x9df9,0x9e19,0x9e19,0x9e19,0x9e19,0x9e19,0x9e19,
0x9e19,0x9df9,0x9df9,0x9df9,0xa619,0xa619,0xa619,0x9e19,0x9e19,0x9e19,0xa63a,0xa63a,0xa63a,0x9e19,0x9e19,0x9e19,0xa63a,0xa63a,0xa63a,0xa63a,0xa63a,0xa63a,0xa63a,0xa63a,
0xa63a,0x9e19,0x9e19,0x9e19,0xa63a,0xa63a,0xa63a,0xa619,0xa619,0xa619,0xa63a,0xa63a,0xa63a,0x9e19,0x9df9,0x9df9,0xa619,0xa619,0xa619,0x9e19,0x9e19,0x9e19,0x9df9,0x9df9,
0x9df9,0x9e19,0x9e19,0x9e19,0x95f9,0x95d9,0x95d9,0x95f9,0x95f9,0x95f9,0x95f9,0x95d9,0x95d9,0x95d9,0x95d9,0x95d9,0x95d9,0x8db8,0x8db8,0x8db8,0x8d98,0x8d98,0x8d98,0x8db8,
0x8db8,0x8db8,0x8578,0x8578,0x8578,0x8578,0x8578,0x8578,0x8578,0x8578,0x8578,0x7d57,0x7d57,0x7d57,0x7d77,0x7d77,0x7d77,0x7d57,0x7d57,0x7d57,0x7d57,0x7d57,0x7d57,0x7d57,
0x7d57,0x7d57,0x8578,0x8578,0x8578,0x7d77,0x7d77,0x7d77,0x8577,0x8577,0x8577,0x8577,0x8577,0x8577,0x7d77,0x7d77,0x7d77,0x8598,0x8598,0x8598,0x8598,0x8598,0x8598,0x8598,
0x8598,0x8598,0x8598,0x8598,0x8598,0x8598,0x8577,0x8577,0x8577,0x8577,0x8577,0x8598,0x8598,0x8598,0x8598,0x8598,0x8598,0x8598,0x8d98,0x8d98,0x8d98,0x8598,0x8598,0x8598,
0x8598,0x8598,0x8598,0x8598,0x8598,0x8598,0x8598,0x8598,0x8598,0x8d98,0x8d98,0x8d98,0x8d98,0x8d98,0x8d98,0x8598,0x8598,0x8598,0x8d98,0x8d98,0x8d98,0x8d98,0x8d98,0x8d98,
0x8d98,0x8d98,0x8d98,0x8598,0x8598,0x8598,0x8d98,0x8d98,0x8d98,0x8db8,0x8db8,0x8db8,0x8598,0x8598,0x8598,0x8db8,0x8db8,0x8db8,0x8d98,0x8d98,0x8d98,0x8db8,0x8db8,0x8db8,
0x8dd8,0x8dd8,0x8dd8,0x95d9,0x95d9,0x95d9,0x95d9,0x8db8,0x8db8,0x8db8,0x95b8,0x95b8,0x95d9,0x9df9,0x9df9,0x9df9,0x95d9,0x95d9,0x95d9,0x9df9,0x9df9,0x9df9,0x9e19,0x9e19,
0x9e19,0xa63a,0xa63a,0xa63a,0xa619,0xa619,0xa619,0xa63a,0xa63a,0xa63a,0xae5a,0xb69b,0xc6db,0xd6fb,0xdf3c,0xef5c,0xffbd,0xef5d,0xdf1c,0xcedb,0xbe7b,0xae3a,0x95f9,0x95f9,
0x95f9,0x95f9,0x95f9,0x95f9,0x95d9,0x95d9,0x95d9,0x95d9,0x95d9,0x95d9,0x95d8,0x95d8,0x95d8,0x95f9,0x95f9,0x95f9,0x95d9,0x95d8,0x95d8,0x95d9,0x95d9,0x95d9,0x95d9,0x95d9,
0x95d9,0x9df9,0x9df9,0x9df9,0x9e19,0x9e19,0x9e19,0x9e19,0x9df9,0x9df9,0x9e19,0x9e19,0x9e19,0x9e19,0x9e19,0x9e19,0x9e19,0x9df9,0x9df9,0x9df9,0xa619,0xa619,0xa619,0x9e19,
0x9e19,0x9e19,0xa63a,0xa63a,0xa63a,0x9e19,0x9e19,0x9e19,0xa63a,0xa63a,0xa63a,0xa63a,0xa63a,0xa63a,0xa63a,0xa63a,0xa63a,0x9e19,0x9e19,0x9e19,0xa63a,0xa63a,0xa63a,0xa619,
0xa619,0xa619,0xa63a,0xa63a,0xa65a,0x9e19,0x9df9,0x9df9,0xa619,0xa619,0xa619,0x9e19,0x9e19,0x9e19,0x9df9,0x9df9,0x9df9,0x9e19,0x9e19,0x9e19,0x95f9,0x95d9,0x95d9,0x95f9,
0x95f9,0x95f9,0x95f9,0x95d9,0x95d9,0x95d9,0x95d9,0x95d9,0x95d9,0x8db8,0x8db8,0x8db8,0x8d98,0x8d98,0x8d98,0x8db8,0x8db8,0x8db8,0x8578,0x8578,0x8578,0x8578,0x8578,0x8578,
0x8578,0x8578,0x8578,0x7d57,0x7d57,0x7d57,0x7d77,0x7d77,0x7d77,0x7d57,0x7d57,0x7d57,0x7d57,0x7d57,0x7d57,0x7d57,0x7d57,0x7d57,0x8578,0x8578,0x8578,0x7d77,0x7d77,0x7d77,
0x8577,0x8577,0x8577,0x8577,0x8577,0x8577,0x7d77,0x7d77,0x7d77,0x8598,0x8598,0x8598,0x8598,0x8598,0x8598,0x8598,0x8598,0x8598,0x8598,0x8598,0x8598,0x8598,0x8577,0x8577,
0x8577,0x8577,0x8577,0x8598,0x8598,0x8598,0x8598,0x8598,0x8598,0x8598,0x8d98,0x8d98,0x8d98,0x8598,0x8598,0x8598,0x8598,0x8598,0x8598,0x8598,0x8598,0x8598,0x8598,0x8598,
0x8598,0x8d98,0x8d98,0x8d98,0x8d98,0x8d98,0x8d98,0x8598,0x8598,0x8598,0x8d98,0x8d98,0x8d98,0x8d98,0x8d98,0x8d98,0x8d98,0x8d98,0x8d98,0x8598,0x8598,0x8598,0x8d98,0x8d98,
0x8d98,0x8db8,0x8db8,0x8db8,0x8598,0x8598,0x8598,0x8db8,0x8db8,0x8db8,0x8d98,0x8d98,0x8d98,0x8db8,0x8db8,0x8db8,0x8dd8,0x8dd8,0x8dd8,0x95d9,0x95d9,0x95d9,0x95d9,0x8db8,
0x8db8,0x8db8,0x95b8,0x95b8,0x95d9,0x9df9,0x9df9,0x9df9,0x95d9,0x95d9,0x95d9,0x9df9,0x9df9,0x9df9,0x9e19,0x9e19,0x9e19,0xa63a,0xa63a,0xa63a,0xa619,0xa619,0xa619,0xa63a,
0xa63a,0xa63a,0xae5a,0xb69b,0xc6db,0xd6fb,0xdf3c,0xef5c,0xff9d,0xef7d,0xdf1c,0xcedb,0xbe9b,0xae5a,0x95f9,0x95f9,0x95f9,0x95f9,0x95f9,0x95f9,0x9df9,0x9df9,0x9df9,0x9df9,
0x9df9,0x9df9,0x9df9,0x9df9,0x9df9,0x95f9,0x95f9,0x95f9,0x9df9,0x9df9,0x9df9,0x95f9,0x95d8,0x95d8,0x9df9,0x9df9,0x9df9,0x9df9,0x9df9,0x9df9,0x9e19,0x9e19,0x9e19,0x9e19,
0x9df9,0x9df9,0x9e19,0x9e19,0x9e19,0x9e19,0x9df9,0x9df9,0x9df9,0x9df9,0x9df9,0x9df9,0x9e19,0x9e19,0x9e19,0x9df9,0x9df9,0x9e19,0xa63a,0xa63a,0xa63a,0xa63a,0xa63a,0xa63a,
0xa619,0xa619,0xa619,0x9e19,0x9e19,0x9e19,0x9e19,0x9e19,0x9e19,0x9e19,0x9e19,0x9e19,0x9e19,0x9e19,0x9e19,0x9e19,0x9df9,0x9df9,0x9df9,0x9df9,0x9e19,0x9df9,0x9df9,0x9df9,
0x9df9,0x95d9,0x95d9,0x9e19,0x9e19,0x9e19,0x9e19,0x9e19,0x9e19,0x9e19,0x9df9,0x9df9,0x95f9,0x95d9,0x95d9,0x95d9,0x95d9,0x95d9,0x95f9,0x95f9,0x95f9,0x95d9,0x8db8,0x8dd8,
0x8db8,0x8d98,0x8d98,0x8d98,0x8598,0x8598,0x8598,0x8598,0x8598,0x8598,0x8598,0x8598,0x8598,0x8577,0x8577,0x8577,0x7d77,0x7d77,0x7d77,0x8578,0x8578,0x8578,0x7d57,0x7d57,
0x7d57,0x7d57,0x7d57,0x7d57,0x7d57,0x7d57,0x7d57,0x7d57,0x7d57,0x7d57,0x7d57,0x7d57,0x7d57,0x7d57,0x7d57,0x7d57,0x7d77,0x7d77,0x7d77,0x8598,0x8598,0x8598,0x8578,0x8578,
0x8578,0x7d78,0x7d77,0x7d77,0x8598,0x8598,0x8598,0x8598,0x8598,0x8598,0x8598,0x8578,0x8578,0x8598,0x8598,0x8598,0x8598,0x8db8,0x8db8,0x8598,0x8577,0x8577,0x8598,0x8598,
0x8598,0x8598,0x8db8,0x8db8,0x8db8,0x8578,0x8578,0x8598,0x8598,0x8598,0x8598,0x8577,0x8577,0x8597,0x8db8,0x8db8,0x8db8,0x8598,0x8598,0x8598,0x8598,0x8598,0x8598,0x8598,
0x8598,0x8598,0x8598,0x8598,0x8598,0x8577,0x8577,0x8577,0x8598,0x8598,0x8598,0x8598,0x8598,0x8598,0x8db8,0x8db8,0x8db8,0x8598,0x8598,0x8598,0x8d98,0x8d98,0x8d98,0x8db8,
0x8db8,0x8db8,0x8d98,0x8d98,0x8d98,0x8db8,0x8db8,0x8db8,0x8db8,0x8db8,0x8db8,0x95d9,0x95d9,0x95d9,0x95d9,0x95d9,0x95d9,0x95d9,0x95d9,0x95d9,0x95d9,0x95f9,0x95f9,0x95f9,
0x9e19,0x9e19,0x9e19,0x9df9,0x9df9,0x9df9,0x9e19,0x9e19,0x9e19,0xa619,0xa619,0xa619,0xa619,0xa619,0xa619,0xa63a,0xa63a,0xa63a,0xae59,0xb69a,0xc6db,0xd71b,0xdf3c,0xef5c,
0xff9d,0xef7d,0xdf3c,0xcedb,0xbe9b,0xae5a,0x95f9,0x95f9,0x95f9,0x95f9,0x95f9,0x95f9,0x9df9,0x9df9,0x9df9,0x9df9,0x9df9,0x9df9,0x9df9,0x9df9,0x9df9,0x95f9,0x95f9,0x95f9,
0x9df9,0x9df9,0x9df9,0x95f9,0x95d8,0x95d8,0x9df9,0x9df9,0x9df9,0x9df9,0x9df9,0x9df9,0x9e19,0x9e19,0x9e19,0x9e19,0x9df9,0x9df9,0x9e19,0x9e19,0x9e19,0x9e19,0x9df9,0x9df9,
0x9df9,0x9df9,0x9df9,0x9df9,0x9e19,0x9e19,0x9e19,0x9df9,0x9df9,0x9df9,0xa63a,0xa63a,0xa63a,0xa63a,0xa63a,0xa63a,0xa619,0xa619,0xa619,0x9e19,0x9e19,0x9e19,0x9e19,0x9e19,
0x9e19,0x9e19,0x9e19,0x9e19,0x9e19,0x9e19,0x9e19,0x9df9,0x9df9,0x9df9,0x9df9,0x9df9,0x9df9,0x9df9,0x9df9,0x9df9,0x95d9,0x95d9,0x95d9,0x9e19,0x9e19,0x9e19,0x9e19,0x9e19,
0x9e19,0x9e19,0x9df9,0x9df9,0x95f9,0x95d9,0x95d9,0x95d9,0x95d9,0x95d9,0x95f9,0x95f9,0x95f9,0x95d9,0x8db8,0x8db8,0x8db8,0x8d98,0x8d98,0x8d98,0x8598,0x8598,0x8598,0x8598,
0x8598,0x8598,0x8598,0x8598,0x8598,0x8577,0x8577,0x8577,0x7d77,0x7d77,0x7d77,0x8578,0x8578,0x8578,0x7d57,0x7d57,0x7d57,0x7d57,0x7d57,0x7d57,0x7d57,0x7d57,0x7d57,0x7d57,
0x7d57,0x7d57,0x7d57,0x7d57,0x7d57,0x7d57,0x7d57,0x7d57,0x7d77,0x7d77,0x7d77,0x8598,0x8598,0x8598,0x8578,0x8578,0x8578,0x7d77,0x7d77,0x7d77,0x8598,0x8598,0x8598,0x8598,
0x8598,0x8598,0x8598,0x8578,0x8578,0x8598,0x8598,0x8598,0x85b8,0x8db8,0x8db8,0x8d98,0x8577,0x8577,0x8598,0x8598,0x8598,0x8598,0x8db8,0x8db8,0x8db8,0x8578,0x8578,0x8578,
0x8598,0x8598,0x8598,0x8577,0x8577,0x8577,0x8db8,0x8db8,0x8db8,0x8598,0x8598,0x8598,0x8598,0x8598,0x8598,0x8598,0x8598,0x8598,0x8598,0x8598,0x8598,0x8577,0x8577,0x8577,
0x8598,0x8598,0x8598,0x8598,0x8598,0x8598,0x8db8,0x8db8,0x8db8,0x8598,0x8598,0x8598,0x8d98,0x8d98,0x8d98,0x8db8,0x8db8,0x8db8,0x8d98,0x8d98,0x8d98,0x8db8,0x8db8,0x8db8,
0x8db8,0x8db8,0x8db8,0x95d9,0x95d9,0x95d9,0x95d9,0x95d9,0x95d9,0x95d9,0x95d9,0x95d9,0x95f9,0x95f9,0x95f9,0x95f9,0x9e19,0x9e19,0x9e19,0x9df9,0x9df9,0x9df9,0x9e19,0x9e19,
0x9e19,0xa619,0xa619,0xa619,0xa619,0xa619,0xa619,0xa63a,0xa63a,0xa63a,0xae59,0xb69a,0xc6da,0xd71b,0xdf3c,0xef5c,0xff9d,0xef7d,0xdf3c,0xcedb,0xbe9b,0xae5a,0x95f9,0x95f9,
0x95f9,0x95f9,0x95f9,0x95f9,0x9df9,0x9df9,0x9df9,0x9df9,0x9df9,0x9df9,0x9df9,0x9df9,0x9df9,0x95f9,0x95f9,0x95f9,0x9df9,0x9df9,0x9df9,0x95f9,0x95d8,0x95d8,0x9df9,0x9df9,
0x9df9,0x9df9,0x9df9,0x9df9,0x9e19,0x9e19,0x9e19,0x9e19,0x9df9,0x9df9,0x9e19,0x9e19,0x9e19,0x9e19,0x9df9,0x9df9,0x9df9,0x9df9,0x9df9,0x9df9,0x9e19,0x9e19,0x9e19,0x9df9,
0x9df9,0x9df9,0xa63a,0xa63a,0xa63a,0xa63a,0xa63a,0xa63a,0xa619,0xa619,0xa619,0x9e19,0x9e19,0x9e19,0x9e19,0x9e19,0x9e19,0x9e19,0x9e19,0x9e19,0x9e19,0x9e19,0x9e19,0x9df9,
0x9df9,0x9df9,0x9df9,0x9df9,0x9df9,0x9df9,0x9df9,0x9df9,0x95d9,0x95d9,0x95d9,0x9e19,0x9e19,0x9e19,0x9e19,0x9e19,0x9e19,0x9e19,0x9df9,0x9df9,0x95f9,0x95d9,0x95d9,0x95d9,
0x95d9,0x95d9,0x95f9,0x95f9,0x95f9,0x95d9,0x8db8,0x8db8,0x8db8,0x8d98,0x8d98,0x8d98,0x8598,0x8598,0x8598,0x8598,0x8598,0x8598,0x8598,0x8598,0x8598,0x8577,0x8577,0x8577,
0x7d77,0x7d77,0x7d77,0x8578,0x8578,0x8578,0x7d57,0x7d57,0x7d57,0x7d57,0x7d57,0x7d57,0x7d57,0x7d57,0x7d57,0x7d57,0x7d57,0x7d57,0x7d57,0x7d57,0x7d57,0x7d57,0x7d57,0x7d57,
0x7d77,0x7d77,0x7d77,0x8598,0x8598,0x8598,0x8578,0x8578,0x8578,0x7d77,0x7d77,0x7d77,0x8598,0x8598,0x8598,0x8598,0x8598,0x8598,0x8598,0x8578,0x8578,0x8598,0x8598,0x8598,
0x85b8,0x8db8,0x8dd8,0x8d98,0x8577,0x8577,0x8598,0x8598,0x8598,0x8598,0x8db8,0x8db8,0x8db8,0x8578,0x8578,0x8578,0x8598,0x8598,0x8598,0x8577,0x8577,0x8577,0x8db8,0x8db8,
0x8db8,0x8598,0x8598,0x8598,0x8598,0x8598,0x8598,0x8598,0x8598,0x8598,0x8598,0x8598,0x8598,0x8577,0x8577,0x8577,0x8598,0x8598,0x8598,0x8598,0x8598,0x8598,0x8db8,0x8db8,
0x8db8,0x8598,0x8598,0x8598,0x8d98,0x8d98,0x8d98,0x8db8,0x8db8,0x8db8,0x8d98,0x8d98,0x8d98,0x8db8,0x8db8,0x8db8,0x8db8,0x8db8,0x8db8,0x95d9,0x95d9,0x95d9,0x95d9,0x95d9,
0x95d9,0x95d9,0x95d9,0x95d9,0x95f9,0x95f9,0x95f9,0x95f9,0x9e19,0x9e19,0x9e19,0x9df9,0x9df9,0x9df9,0x9e19,0x9e19,0x9e19,0xa619,0xa619,0xa619,0xa619,0xa619,0xa619,0xa63a,
0xa63a,0xa63a,0xae59,0xb69a,0xc6da,0xd71b,0xdf3c,0xef5c,0xff9d,0xef7d,0xdf3c,0xcedb,0xbebb,0xae7a,0x9e19,0x9e19,0x9e19,0x9e19,0x9e19,0x9e19,0x9e19,0x9e19,0x9e19,0x9e19,
0x9e19,0x9e19,0x9df9,0x9df9,0x9df9,0x9e19,0x9e19,0x9e19,0x9e19,0x9e19,0x9e19,0x9df9,0x9df9,0x9df9,0x9df9,0x9e19,0x9e19,0x9e19,0x9df9,0x9df9,0x9df9,0x9df9,0x9df9,0x9e19,
0xa61a,0xa61a,0xa61a,0x9df9,0x9df9,0x9df9,0x9df9,0x9df9,0x9df9,0x9e19,0x9e19,0x9e19,0x9df9,0x9df9,0x9df9,0x9df9,0x9df9,0x9df9,0x9e19,0x9e19,0x9e19,0x9e19,0x9e19,0x9e19,
0x9e19,0x9e19,0x9e19,0xa61a,0xa61a,0xa61a,0x9df9,0x9df9,0x9df9,0x9df9,0x9df9,0x9df9,0x9df9,0x9df9,0x9df9,0x9df9,0x9df9,0x9df9,0x9e19,0x9e19,0x9e19,0x95f9,0x95d9,0x95d9,
0x9df9,0x9e19,0x9e19,0x95f9,0x95f9,0x95f9,0x9df9,0x9df9,0x9df9,0x9df9,0x95d8,0x95d8,0x95d8,0x95d8,0x95d8,0x95d9,0x95d9,0x95d9,0x95d9,0x8dd8,0x8dd8,0x8dd8,0x8db8,0x8db8,
0x8db8,0x8db8,0x8db8,0x8db8,0x8598,0x8598,0x8598,0x8578,0x8578,0x8598,0x8598,0x8598,0x8598,0x7d57,0x7d57,0x7d77,0x7d77,0x7d77,0x7d77,0x7d77,0x7d77,0x7d77,0x7d57,0x7d57,
0x7d57,0x7d57,0x7d57,0x7d57,0x7d57,0x7d57,0x7d57,0x7d57,0x7d57,0x7d57,0x7537,0x7537,0x7537,0x7d37,0x7d37,0x7d37,0x7d57,0x7d57,0x7d57,0x7d77,0x7d77,0x7d77,0x7d77,0x7d77,
0x7d77,0x8577,0x8577,0x8577,0x8578,0x8578,0x8578,0x8598,0x8598,0x8598,0x8598,0x8577,0x8577,0x8598,0x8598,0x8598,0x8598,0x8597,0x8577,0x8598,0x8db8,0x8db8,0x8db8,0x8db8,
0x8db8,0x8d98,0x8577,0x8597,0x8598,0x8598,0x8598,0x8598,0x8d98,0x8d98,0x8d98,0x8598,0x8598,0x8598,0x8598,0x8598,0x8598,0x8d98,0x8d98,0x8d98,0x8598,0x8598,0x8598,0x8d98,
0x8d98,0x8d98,0x8db8,0x8db8,0x8db8,0x8598,0x8598,0x8598,0x8598,0x8598,0x8598,0x8db8,0x8db8,0x8db8,0x8db8,0x8db8,0x8db8,0x8598,0x8598,0x8598,0x8d98,0x8d98,0x8d98,0x8db8,
0x8db8,0x8db8,0x8db8,0x8db8,0x8db8,0x8db8,0x8db8,0x8db8,0x8db8,0x8db8,0x8db8,0x95d9,0x95d9,0x95d9,0x95f9,0x95f9,0x95f9,0x95f9,0x95f9,0x95f9,0x95f9,0x95d9,0x95d9,0x95f9,
0x9df9,0x9df9,0x9df9,0x9df9,0x9df9,0x9e19,0xa63a,0xa63a,0xa63a,0xa619,0xa619,0xa619,0xa619,0xa619,0xa619,0xa63a,0xa63a,0xa63a,0xae5a,0xb69b,0xc6db,0xd71b,0xdf3c,0xef5c,
0xff9d,0xef7d,0xdf3c,0xcefb,0xbebb,0xae7a,0x9e19,0x9e19,0x9e19,0x9e19,0x9e19,0x9e19,0x9e19,0x9e19,0x9e19,0x9e19,0x9e19,0x9e19,0x9df9,0x9df9,0x9df9,0x9e19,0x9e19,0x9e19,
0x9e19,0x9e19,0x9e19,0x9e19,0x9df9,0x9df9,0x9e19,0x9e19,0x9e19,0x9e19,0x9df9,0x9df9,0x9df9,0x9df9,0x9df9,0x9e1a,0xa61a,0xa61a,0xa61a,0x9df9,0x9df9,0x9df9,0x9df9,0x9df9,
0x9df9,0x9e19,0x9e19,0x9e19,0x9df9,0x9df9,0x9df9,0x9df9,0x9df9,0x9df9,0x9df9,0x9df9,0x9df9,0x9df9,0x9df9,0x9df9,0x9e19,0x9e19,0x9e19,0xa61a,0xa61a,0xa61a,0x9df9,0x9df9,
0x9df9,0x9df9,0x9df9,0x9df9,0x9df9,0x9df9,0x9df9,0x9df9,0x9df9,0x9df9,0x9e19,0x9e19,0x9e19,0x95f9,0x95d9,0x95d9,0x9e19,0x9e19,0x9e19,0x95f9,0x95f9,0x95f9,0x9df9,0x9df9,
0x9df9,0x95f9,0x95d8,0x95d8,0x95d8,0x95d8,0x95d8,0x95d9,0x95d9,0x95d9,0x95d9,0x8dd8,0x8dd8,0x8dd8,0x8db8,0x8db8,0x8db8,0x8db8,0x8db8,0x8db8,0x8598,0x8598,0x8598,0x8578,
0x8578,0x8578,0x8598,0x8598,0x8598,0x7d57,0x7d57,0x7d57,0x7d77,0x7d77,0x7d77,0x7d77,0x7d77,0x7d77,0x7d57,0x7d57,0x7d57,0x7d57,0x7d57,0x7d57,0x7d57,0x7d57,0x7d57,0x7d57,
0x7d57,0x7d57,0x7537,0x7537,0x7537,0x7d37,0x7d37,0x7d37,0x7d57,0x7d57,0x7d57,0x7d57,0x7d57,0x7d57,0x7d77,0x7d77,0x7d77,0x8577,0x8577,0x8577,0x8578,0x8578,0x8578,0x8598,
0x8598,0x8598,0x8598,0x8577,0x8577,0x8598,0x8598,0x8598,0x8598,0x8577,0x8577,0x8598,0x8db8,0x8db8,0x8db8,0x8db8,0x8db8,0x8d98,0x8577,0x8577,0x8577,0x8598,0x8598,0x8598,
0x8d98,0x8d98,0x8d98,0x8598,0x8598,0x8598,0x8598,0x8598,0x8598,0x8d98,0x8d98,0x8d98,0x8598,0x8598,0x8598,0x8d98,0x8d98,0x8d98,0x8db8,0x8db8,0x8db8,0x8598,0x8598,0x8598,
0x8598,0x8598,0x8598,0x8db8,0x8db8,0x8db8,0x8db8,0x8db8,0x8db8,0x8598,0x8598,0x8598,0x8d98,0x8d98,0x8d98,0x8db8,0x8db8,0x8db8,0x8db8,0x8db8,0x8db8,0x8db8,0x8db8,0x8db8,
0x8db8,0x8db8,0x8db8,0x95d9,0x95d9,0x95d9,0x95f9,0x95f9,0x95f9,0x95f9,0x95f9,0x95f9,0x95f9,0x95d9,0x95d9,0x95d9,0x9df9,0x9df9,0x9df9,0x9df9,0x9df9,0x9e19,0xa63a,0xa63a,
0xa63a,0xa619,0xa619,0xa619,0xa619,0xa619,0xa619,0xa63a,0xa63a,0xa63a,0xae5a,0xb69b,0xc6db,0xd71b,0xdf3c,0xef5c,0xff9d,0xef7d,0xdf3c,0xcefb,0xbebb,0xae7a,0x9e19,0x9e19,
0x9e19,0x9e19,0x9e19,0x9e19,0x9e19,0x9e19,0x9e19,0x9e19,0x9e19,0x9e19,0x9df9,0x9df9,0x9df9,0x9e19,0x9e19,0x9e19,0x9e19,0x9e19,0x9e19,0x9e19,0x9df9,0x9df9,0x9e19,0x9e19,
0x9e19,0x9e19,0x9df9,0x9df9,0x9df9,0x9df9,0x9df9,0x9e1a,0xa61a,0xa61a,0xa61a,0x9df9,0x9df9,0x9df9,0x9df9,0x9df9,0x9df9,0x9e19,0x9e19,0x9e19,0x9df9,0x9df9,0x9df9,0x9df9,
0x9df9,0x9df9,0x9df9,0x9df9,0x9df9,0x9df9,0x9df9,0x9df9,0x9e19,0x9e19,0x9e19,0xa61a,0xa61a,0xa61a,0x9df9,0x9df9,0x9df9,0x9df9,0x9df9,0x9df9,0x9df9,0x9df9,0x9df9,0x9df9,
0x9df9,0x9df9,0x9e19,0x9e19,0x9e39,0x95f9,0x95d9,0x95d9,0x9e19,0x9e19,0x9e19,0x95f9,0x95f9,0x95f9,0x9df9,0x9df9,0x9df9,0x95f9,0x95d8,0x95d8,0x95d8,0x95d8,0x95d8,0x95d9,
0x95d9,0x95d9,0x95d9,0x8dd8,0x8dd8,0x8dd8,0x8db8,0x8db8,0x8db8,0x8db8,0x8db8,0x8db8,0x8598,0x8598,0x8598,0x8578,0x8578,0x8578,0x8598,0x8598,0x8598,0x7d57,0x7d57,0x7d57,
0x7d77,0x7d77,0x7d77,0x7d77,0x7d77,0x7d77,0x7d57,0x7d57,0x7d57,0x7d57,0x7d57,0x7d57,0x7d57,0x7d57,0x7d57,0x7d57,0x7d57,0x7d57,0x7537,0x7537,0x7537,0x7d37,0x7d37,0x7d37,
0x7d57,0x7d57,0x7d57,0x7d57,0x7d57,0x7d57,0x7d77,0x7d77,0x7d77,0x8577,0x8577,0x8577,0x8578,0x8578,0x8578,0x8598,0x8598,0x8598,0x8598,0x8577,0x8577,0x8598,0x8598,0x8598,
0x8598,0x8577,0x8577,0x8598,0x8db8,0x8db8,0x8db8,0x8db8,0x8db8,0x8d98,0x8577,0x8577,0x8577,0x8598,0x8598,0x8598,0x8d98,0x8d98,0x8d98,0x8598,0x8598,0x8598,0x8598,0x8598,
0x8598,0x8d98,0x8d98,0x8d98,0x8598,0x8598,0x8598,0x8d98,0x8d98,0x8d98,0x8db8,0x8db8,0x8db8,0x8598,0x8598,0x8598,0x8598,0x8598,0x8598,0x8db8,0x8db8,0x8db8,0x8db8,0x8db8,
0x8db8,0x8598,0x8598,0x8598,0x8d98,0x8d98,0x8d98,0x8db8,0x8db8,0x8db8,0x8db8,0x8db8,0x8db8,0x8db8,0x8db8,0x8db8,0x8db8,0x8db8,0x8db8,0x95d9,0x95d9,0x95d9,0x95f9,0x95f9,
0x95f9,0x95f9,0x95f9,0x95f9,0x95f9,0x95d9,0x95d9,0x95d9,0x9df9,0x9df9,0x9df9,0x9df9,0x9df9,0x9e19,0xa63a,0xa63a,0xa63a,0xa619,0xa619,0xa619,0xa619,0xa619,0xa619,0xa63a,
0xa63a,0xa63a,0xae5a,0xb69b,0xbedb,0xd71b,0xdf3c,0xef5c,0xff9d,0xef7d,0xdf3c,0xcefb,0xc6bb,0xb67a,0xa619,0xa619,0xa619,0x9e19,0x9e19,0x9e19,0x9e19,0x9e19,0x9e19,0x9e19,
0x9e19,0x9e19,0x9e19,0x9e19,0x9e19,0x9e19,0x9e19,0x9e19,0x9e19,0x9e19,0x9e19,0x9e19,0x9df9,0x9df9,0x9df9,0x9df9,0x9df9,0x9e19,0x9e19,0x9e19,0x9e19,0x9e19,0x9e19,0x9e19,
0x9e19,0x9e19,0x9e19,0x9df9,0x9df9,0x9df9,0x9df9,0x9df9,0x9df9,0xa619,0xa619,0xa619,0x9df9,0x9df9,0x9df9,0x9df9,0x9df9,0x9df9,0x9df9,0x9df9,0x9df9,0x9e19,0x9e19,0x9e19,
0x9e19,0x9e19,0x9e19,0x9df9,0x9df9,0x9df9,0x9e19,0x9e19,0x9e19,0x9e19,0x9e19,0x9e19,0x9df9,0x9df9,0x9df9,0x95f9,0x95d9,0x95d9,0x95f9,0x95f9,0x95f9,0x95d9,0x95d8,0x95d8,
0x95f9,0x95f9,0x95f9,0x95f9,0x95d9,0x95d9,0x95d9,0x95d9,0x95d9,0x95d9,0x95d8,0x95d8,0x95d8,0x8db8,0x8db8,0x8db8,0x8db8,0x8db8,0x8db8,0x8db8,0x8db8,0x8db8,0x8db8,0x8db8,
0x8db8,0x8598,0x8598,0x8598,0x8598,0x8598,0x8598,0x8578,0x8578,0x8578,0x7d77,0x7d77,0x7d77,0x7d57,0x7d57,0x7d57,0x7d57,0x7d57,0x7d57,0x7d57,0x7d57,0x7d57,0x7537,0x7537,
0x7537,0x7537,0x7537,0x7537,0x7537,0x7537,0x7537,0x7d57,0x7d57,0x7d57,0x7d57,0x7d57,0x7d57,0x7537,0x7537,0x7537,0x7d57,0x7d57,0x7d57,0x7d57,0x7d57,0x7d57,0x7d77,0x8577,
0x8577,0x8598,0x8598,0x8598,0x8598,0x8598,0x8598,0x8598,0x8577,0x8577,0x8577,0x8577,0x8577,0x8598,0x8598,0x8598,0x8598,0x8d98,0x8d98,0x8598,0x8598,0x8598,0x85b8,0x8db8,
0x8db8,0x8db8,0x8598,0x8598,0x8598,0x8577,0x8577,0x8598,0x8598,0x8598,0x8598,0x8598,0x8598,0x8598,0x8598,0x8598,0x8598,0x8d98,0x8d98,0x8d98,0x8578,0x8578,0x8578,0x8db8,
0x8db8,0x8db8,0x8d98,0x8d98,0x8d98,0x8598,0x8598,0x8598,0x8598,0x8598,0x8598,0x8598,0x8598,0x8598,0x8db8,0x8db8,0x8db8,0x8d98,0x8d98,0x8d98,0x8d98,0x8d98,0x8d98,0x8db8,
0x8db8,0x8db8,0x8db8,0x8db8,0x8db8,0x8db8,0x8db8,0x8db8,0x8db8,0x8db8,0x8db8,0x95d8,0x95d8,0x95d8,0x95f9,0x95f9,0x95f9,0x95f9,0x95f9,0x95f9,0x95f9,0x95d9,0x95d9,0x95f9,
0x9e19,0x9e19,0x9e19,0xa619,0xa619,0xa619,0xa619,0xa619,0xa63a,0xa63a,0xa63a,0xa63a,0xae5a,0xae5a,0xae3a,0xae3a,0xae3a,0xae3a,0xb67a,0xbe9b,0xc6bb,0xd6fb,0xdf3c,0xef5c,
0xff9d,0xef7d,0xdf3c,0xd6fb,0xc6bb,0xb67a,0xa619,0xa619,0xa619,0x9e19,0x9e19,0x9e19,0x9e19,0x9e19,0x9e19,0x9e19,0x9e19,0x9e19,0x9e19,0x9e19,0x9e19,0x9e19,0x9e19,0x9e19,
0x9e19,0x9e19,0x9e19,0x9e19,0x9df9,0x9df9,0x9df9,0x9df9,0x9df9,0x9e19,0x9e19,0x9e19,0x9e19,0x9e19,0x9e19,0x9e19,0x9e19,0x9e19,0x9e19,0x9df9,0x9df9,0x9df9,0x9df9,0x9df9,
0x9df9,0xa619,0xa619,0xa619,0x9df9,0x9df9,0x9df9,0x9df9,0x9df9,0x9df9,0x9df9,0x9df9,0x9df9,0x9e19,0x9e19,0x9e19,0x9e19,0x9e19,0x9e19,0x9df9,0x9df9,0x9df9,0x9e19,0x9e19,
0x9e19,0x9e19,0x9e19,0x9e19,0x9df9,0x9df9,0x9df9,0x95d9,0x95d9,0x95d9,0x95d9,0x95d9,0x95d9,0x95d8,0x95d8,0x95d8,0x95f9,0x95f9,0x95f9,0x95d9,0x95d9,0x95d9,0x95d9,0x95d9,
0x95d9,0x95d9,0x95d8,0x95d8,0x8dd8,0x8db8,0x8db8,0x8db8,0x8db8,0x8db8,0x8db8,0x8d98,0x8d98,0x8db8,0x8db8,0x8db8,0x8db8,0x8598,0x8598,0x8598,0x8598,0x8598,0x8598,0x8578,
0x8578,0x8578,0x7d77,0x7d77,0x7d77,0x7d57,0x7d57,0x7d57,0x7d57,0x7d57,0x7d57,0x7d57,0x7d57,0x7d57,0x7537,0x7537,0x7537,0x7537,0x7537,0x7537,0x7537,0x7537,0x7537,0x7d57,
0x7d57,0x7d57,0x7d57,0x7d57,0x7d57,0x7537,0x7537,0x7537,0x7d57,0x7d57,0x7d57,0x7d57,0x7d57,0x7d57,0x8577,0x8577,0x8577,0x8598,0x8598,0x8598,0x8598,0x8598,0x8598,0x8598,
0x8577,0x8577,0x8577,0x8577,0x8577,0x8598,0x8598,0x8598,0x8598,0x8d98,0x8d98,0x8d98,0x8598,0x8598,0x85b8,0x8db8,0x8db8,0x8db8,0x8598,0x8598,0x8598,0x8577,0x8577,0x8577,
0x8598,0x8598,0x8598,0x8598,0x8598,0x8598,0x8598,0x8598,0x8598,0x8d98,0x8d98,0x8d98,0x8578,0x8578,0x8578,0x8db8,0x8db8,0x8db8,0x8d98,0x8d98,0x8d98,0x8598,0x8598,0x8598,
0x8598,0x8598,0x8598,0x8598,0x8598,0x8598,0x8db8,0x8db8,0x8db8,0x8d98,0x8d98,0x8d98,0x8d98,0x8d98,0x8d98,0x8db8,0x8db8,0x8db8,0x8db8,0x8db8,0x8db8,0x8db8,0x8db8,0x8db8,
0x8db8,0x8db8,0x8db8,0x95d8,0x95d8,0x95d8,0x95f9,0x95f9,0x95f9,0x95f9,0x95f9,0x95f9,0x95f9,0x95d9,0x95d9,0x95f9,0x9e19,0x9e19,0x9e19,0xa619,0xa619,0xa619,0xa619,0xa619,
0xa619,0xa63a,0xa63a,0xa63a,0xae5a,0xae5a,0xae5a,0xae3a,0xae3a,0xae3a,0xb67a,0xbe9b,0xcebb,0xd6fb,0xdf3c,0xef5c,0xff9d,0xef7d,0xdf3c,0xd6fb,0xc6bb,0xb67a,0xa619,0xa619,
0xa619,0x9e19,0x9e19,0x9e19,0x9e19,0x9e19,0x9e19,0x9e19,0x9e19,0x9e19,0x9e19,0x9e19,0x9e19,0x9e19,0x9e19,0x9e19,0x9e19,0x9e19,0x9e19,0x9e19,0x9df9,0x9df9,0x9df9,0x9df9,
0x9df9,0x9e19,0x9e19,0x9e19,0x9e19,0x9e19,0x9e19,0x9e19,0x9e19,0x9e19,0x9e19,0x9df9,0x9df9,0x9df9,0x9df9,0x9df9,0x9df9,0xa619,0xa619,0xa619,0x9df9,0x9df9,0x9df9,0x9df9,
0x9df9,0x9df9,0x9df9,0x9df9,0x9df9,0x9e19,0x9e19,0x9e19,0x9e19,0x9e19,0x9e19,0x9df9,0x9df9,0x9df9,0x9e19,0x9e19,0x9e19,0x9e19,0x9e19,0x9e19,0x9df9,0x9df9,0x9df9,0x95d9,
0x95d9,0x95d9,0x95d9,0x95d9,0x95d9,0x95d8,0x95d8,0x95d8,0x95f9,0x95f9,0x95f9,0x95d9,0x95d9,0x95d9,0x95d9,0x95d9,0x95d9,0x95d9,0x95d8,0x95d8,0x8dd8,0x8db8,0x8db8,0x8db8,
0x8db8,0x8db8,0x8db8,0x8d98,0x8d98,0x8db8,0x8db8,0x8db8,0x8db8,0x8598,0x8598,0x8598,0x8598,0x8598,0x8598,0x8578,0x8578,0x8578,0x7d77,0x7d77,0x7d77,0x7d57,0x7d57,0x7d57,
0x7d57,0x7d57,0x7d57,0x7d57,0x7d57,0x7d57,0x7537,0x7537,0x7537,0x7537,0x7537,0x7537,0x7537,0x7537,0x7537,0x7d57,0x7d57,0x7d57,0x7d57,0x7d57,0x7d57,0x7537,0x7537,0x7537,
0x7d57,0x7d57,0x7d57,0x7d57,0x7d57,0x7d57,0x8577,0x8577,0x8577,0x8598,0x8598,0x8598,0x8598,0x8598,0x8598,0x8598,0x8577,0x8577,0x8577,0x8577,0x8577,0x8598,0x8598,0x8598,
0x8598,0x8d98,0x8d98,0x8d98,0x8598,0x8598,0x85b8,0x8db8,0x8db8,0x8db8,0x8598,0x8598,0x8598,0x8577,0x8577,0x8577,0x8598,0x8598,0x8598,0x8598,0x8598,0x8598,0x8598,0x8598,
0x8598,0x8d98,0x8d98,0x8d98,0x8578,0x8578,0x8578,0x8db8,0x8db8,0x8db8,0x8d98,0x8d98,0x8d98,0x8598,0x8598,0x8598,0x8598,0x8598,0x8598,0x8598,0x8598,0x8598,0x8db8,0x8db8,
0x8db8,0x8d98,0x8d98,0x8d98,0x8d98,0x8d98,0x8d98,0x8db8,0x8db8,0x8db8,0x8db8,0x8db8,0x8db8,0x8db8,0x8db8,0x8db8,0x8db8,0x8db8,0x8db8,0x95d8,0x95d8,0x95d8,0x95f9,0x95f9,
0x95f9,0x95f9,0x95f9,0x95f9,0x95f9,0x95d9,0x95d9,0x95f9,0x9e19,0x9e19,0x9e19,0xa619,0xa619,0xa619,0xa619,0xa619,0xa619,0xa63a,0xa63a,0xa63a,0xae5a,0xae5a,0xae5a,0xae3a,
0xae3a,0xae3a,0xb67a,0xbe9b,0xcebb,0xd6fb,0xdf3c,0xef5c,0xff9d,0xef7d,0xdf3c,0xcefb,0xbebb,0xae7a,0xa619,0x9e19,0x9e19,0xa619,0xa619,0xa619,0x9e19,0x9e19,0x9e19,0x9e19,
0x9e19,0x9e19,0x9e19,0x9df9,0x9df9,0x9df9,0x9df9,0x9df9,0x9df9,0x9df9,0x9df9,0x9df9,0x9df9,0x9df9,0x9df9,0x9e19,0x9e19,0x9e19,0xa619,0xa619,0xa619,0xa619,0xa619,0x9e19,
0x9e19,0x9e19,0x9e19,0x9e19,0x9e19,0x9e19,0x9df9,0x9df9,0x9df9,0xa619,0xa619,0xa619,0x9df9,0x9df9,0x9df9,0x9df9,0x9df9,0x9df9,0x9df9,0x9df9,0x9df9,0x9e19,0x9e19,0x9e19,
0x9e19,0x9e19,0x9e19,0x9df9,0x9df9,0x9df9,0x9df9,0x9df9,0x9df9,0x9df9,0x9df9,0x9df9,0x9e19,0x9e19,0x9e19,0x95f9,0x95f9,0x95f9,0x95d9,0x95d9,0x95d9,0x95f9,0x95f9,0x95f9,
0x95f9,0x95f9,0x95f9,0x95f9,0x95f9,0x95f9,0x95d9,0x95d9,0x95d9,0x95d9,0x95d9,0x95d9,0x8dd8,0x8db8,0x8db8,0x8db8,0x8db8,0x8db8,0x8d98,0x8577,0x8577,0x8d98,0x8db8,0x8db8,
0x8db8,0x8598,0x8598,0x8598,0x8577,0x8578,0x8578,0x8578,0x8578,0x8577,0x7d57,0x7d57,0x7d77,0x7d77,0x7d77,0x7d77,0x7d57,0x7d57,0x7d57,0x7536,0x7536,0x7537,0x7537,0x7537,
0x7537,0x7d57,0x7d57,0x7d57,0x7d57,0x7d57,0x7d57,0x7537,0x7536,0x7536,0x7537,0x7537,0x7537,0x7d57,0x7d57,0x7d57,0x7d37,0x7d37,0x7d37,0x7d57,0x7d57,0x7d57,0x7d77,0x7d77,
0x7d77,0x7d77,0x7d78,0x7d77,0x8578,0x8578,0x8578,0x8598,0x8598,0x8598,0x8598,0x8598,0x8598,0x8598,0x8598,0x8598,0x8598,0x8598,0x8598,0x8598,0x8598,0x8598,0x85b8,0x8db8,
0x8db8,0x8db8,0x8598,0x8598,0x8598,0x8598,0x8598,0x8598,0x8598,0x8598,0x8598,0x8598,0x8598,0x8598,0x8598,0x8598,0x8598,0x8598,0x8598,0x8598,0x8598,0x8598,0x8598,0x8598,
0x8598,0x8598,0x8d98,0x8d98,0x8d98,0x8598,0x8598,0x8598,0x8578,0x8578,0x8578,0x8db8,0x8db8,0x8db8,0x85b8,0x8598,0x8598,0x8598,0x8598,0x8598,0x8d98,0x8d98,0x8d98,0x8db8,
0x8db8,0x8db8,0x8dd9,0x95d9,0x95d9,0x95d9,0x95d9,0x95d9,0x8db8,0x8db8,0x8db8,0x95d8,0x95d8,0x95d8,0x95d9,0x95d9,0x95d9,0x95d9,0x95d9,0x95d9,0x95f9,0x9e19,0x9df9,0x9e19,
0xa63a,0xa63a,0xa63a,0x9e19,0x9e19,0xa619,0xa63a,0xa63a,0xa63a,0xa63a,0xa63a,0xa63a,0xae5a,0xae5a,0xae5a,0xae5a,0xae5a,0xae5a,0xb67a,0xbe9b,0xcedb,0xd71b,0xdf3c,0xef5c,
0xff9d,0xef7d,0xdf3c,0xcefb,0xbebb,0xae7a,0x9e19,0x9e19,0x9e19,0xa619,0xa619,0xa619,0x9e19,0x9e19,0x9e19,0x9e19,0x9e19,0x9e19,0x9df9,0x9df9,0x9df9,0x9df9,0x9df9,0x9df9,
0x9df9,0x9df9,0x9df9,0x9df9,0x9df9,0x9df9,0x9e19,0x9e19,0x9e19,0xa619,0xa619,0xa619,0xa619,0xa619,0xa619,0xa619,0x9e19,0x9e19,0x9e19,0x9e19,0x9e19,0x9e19,0x9df9,0x9df9,
0x9df9,0xa619,0xa619,0xa619,0x9df9,0x9df9,0x9df9,0x9df9,0x9df9,0x9df9,0x9df9,0x9df9,0x9df9,0x9e19,0x9e19,0x9e19,0x9e19,0x9e19,0x9e19,0x9df9,0x9df9,0x9df9,0x9df9,0x9df9,
0x9df9,0x9df9,0x9df9,0x9df9,0x9e19,0x9e19,0x9e19,0x95f9,0x95f9,0x95f9,0x95d8,0x95d8,0x95d8,0x95f9,0x95f9,0x95f9,0x95f9,0x95f9,0x95f9,0x95f9,0x95f9,0x95f9,0x95d9,0x95d9,
0x95d9,0x95d9,0x95d9,0x95d9,0x8dd9,0x8db8,0x8db8,0x8db8,0x8db8,0x8db8,0x8598,0x8577,0x8577,0x8598,0x8db8,0x8db8,0x8db8,0x8598,0x8598,0x8598,0x8577,0x8577,0x8577,0x8577,
0x8577,0x8577,0x7d57,0x7d57,0x7d57,0x7d77,0x7d77,0x7d77,0x7d57,0x7d57,0x7d57,0x7536,0x7536,0x7536,0x7537,0x7537,0x7537,0x7d57,0x7d57,0x7d57,0x7d57,0x7d57,0x7d57,0x7536,
0x7536,0x7536,0x7537,0x7537,0x7537,0x7d57,0x7d57,0x7d57,0x7d37,0x7d37,0x7d37,0x7d57,0x7d57,0x7d57,0x7d77,0x7d77,0x7d77,0x7d57,0x7d57,0x7d57,0x8578,0x8578,0x8578,0x8598,
0x8598,0x8598,0x8598,0x8598,0x8598,0x8598,0x8598,0x8598,0x8598,0x8598,0x8598,0x8598,0x8598,0x8598,0x85b8,0x8db8,0x8db8,0x8db8,0x8598,0x8598,0x8598,0x8598,0x8598,0x8598,
0x8598,0x8598,0x8598,0x8598,0x8598,0x8598,0x8598,0x8598,0x8598,0x8598,0x8598,0x8598,0x8598,0x8598,0x8598,0x8598,0x8598,0x8598,0x8d98,0x8d98,0x8d98,0x8598,0x8598,0x8598,
0x8578,0x8578,0x8578,0x8db8,0x8db8,0x8db8,0x8598,0x8598,0x8598,0x8598,0x8598,0x8598,0x8d98,0x8d98,0x8d98,0x8db8,0x8db8,0x8db8,0x95d9,0x95d9,0x95d9,0x95d9,0x95d9,0x95d9,
0x8dd9,0x8db8,0x8db8,0x95d8,0x95d8,0x95d8,0x95d9,0x95d9,0x95d9,0x95d9,0x95d9,0x95d9,0x95f9,0x9e39,0x9e19,0xa61a,0xa63a,0xa63a,0xa63a,0x9e19,0x9e19,0x9e19,0xa63a,0xa63a,
0xa63a,0xa63a,0xa63a,0xa63a,0xae5a,0xae5a,0xae5a,0xae5a,0xae5a,0xae5a,0xb67a,0xbe9b,0xcedb,0xd71b,0xdf3c,0xef5c,0xff9d,0xef7d,0xdf3c,0xcefb,0xbebb,0xae7a,0x9e19,0x9e19,
0x9e19,0xa619,0xa619,0xa619,0x9e19,0x9e19,0x9e19,0x9e19,0x9e19,0x9e19,0x9df9,0x9df9,0x9df9,0x9df9,0x9df9,0x9df9,0x9df9,0x9df9,0x9df9,0x9df9,0x9df9,0x9df9,0x9e19,0x9e19,
0x9e19,0xa619,0xa619,0xa619,0xa619,0xa619,0xa619,0xa619,0x9e19,0x9e19,0x9e19,0x9e19,0x9e19,0x9e19,0x9df9,0x9df9,0x9df9,0xa619,0xa619,0xa619,0x9df9,0x9df9,0x9df9,0x9df9,
0x9df9,0x9df9,0x9df9,0x9df9,0x9df9,0x9e19,0x9e19,0x9e19,0x9e19,0x9e19,0x9e19,0x9df9,0x9df9,0x9df9,0x9df9,0x9df9,0x9df9,0x9df9,0x9df9,0x9df9,0x9e19,0x9e19,0x9e19,0x95f9,
0x95f9,0x95f9,0x95d8,0x95d8,0x95d8,0x95f9,0x95f9,0x95f9,0x95f9,0x95f9,0x95f9,0x95f9,0x95f9,0x95f9,0x95d9,0x95d9,0x95d9,0x95d9,0x95d9,0x95d9,0x8dd9,0x8db8,0x8db8,0x8db8,
0x8db8,0x8db8,0x8598,0x8577,0x8577,0x8598,0x8dd8,0x8db8,0x8db8,0x8598,0x8598,0x8598,0x8577,0x8577,0x8577,0x8577,0x8577,0x8577,0x7d57,0x7d57,0x7d57,0x7d77,0x7d77,0x7d77,
0x7d57,0x7d57,0x7d57,0x7536,0x7536,0x7536,0x7537,0x7537,0x7537,0x7d57,0x7d57,0x7d57,0x7d57,0x7d57,0x7d57,0x7536,0x7536,0x7536,0x7537,0x7537,0x7537,0x7d57,0x7d57,0x7d57,
0x7d37,0x7d37,0x7d37,0x7d57,0x7d57,0x7d57,0x7d77,0x7d77,0x7d77,0x7d57,0x7d57,0x7d57,0x8578,0x8578,0x8578,0x8598,0x8598,0x8598,0x8598,0x8598,0x8598,0x8598,0x8598,0x8598,
0x8598,0x8598,0x8598,0x8598,0x8598,0x8598,0x85b8,0x8db8,0x8db8,0x8db8,0x8598,0x8598,0x8598,0x8598,0x8598,0x8598,0x8598,0x8598,0x8598,0x8598,0x8598,0x8598,0x8598,0x8598,
0x8598,0x8598,0x8598,0x8598,0x8598,0x8598,0x8598,0x8598,0x8598,0x8598,0x8d98,0x8d98,0x8d98,0x8598,0x8598,0x8598,0x8578,0x8578,0x8578,0x8db8,0x8db8,0x8db8,0x8598,0x8598,
0x8598,0x8598,0x8598,0x8598,0x8d98,0x8d98,0x8d98,0x8db8,0x8db8,0x8db8,0x95d9,0x95d9,0x95d9,0x95d9,0x95d9,0x95d9,0x8dd9,0x8db8,0x8db8,0x95d8,0x95d8,0x95d8,0x95d9,0x95d9,
0x95d9,0x95d9,0x95d9,0x95d9,0x95f9,0x9e19,0x9e19,0x9e1a,0xa63a,0xa63a,0xa63a,0x9e19,0x9e19,0x9e19,0xa63a,0xa63a,0xa63a,0xa63a,0xa63a,0xa63a,0xae5a,0xae5a,0xae5a,0xae5a,
0xae5a,0xae5a,0xb67a,0xbe9b,0xcedb,0xd71b,0xdf3c,0xef5c,0xff9d,0xef7d,0xdf3c,0xcefb,0xbebb,0xae7a,0xa63a,0xa63a,0xa63a,0xa63a,0xa63a,0xa63a,0xa63a,0xa63a,0xa63a,0xa63a,
0xa63a,0xa63a,0xa619,0xa619,0xa619,0xa61a,0xa61a,0xa61a,0xa619,0xa619,0xa619,0xa61a,0xa61a,0xa61a,0xa619,0xa619,0xa619,0xa619,0xa63a,0xa63a,0xa619,0xa619,0xa619,0xa619,
0xa619,0xa619,0xa619,0xa619,0xa619,0x9e19,0x9e19,0x9e19,0x9e19,0xa63a,0xa63a,0xa61a,0x9df9,0x9df9,0x9df9,0x9df9,0x9df9,0x9df9,0xa61a,0xa61a,0xa61a,0x9e19,0x9e19,0x9e19,
0x9e19,0x9e19,0x9e19,0x95f9,0x95f9,0x95f9,0x9df9,0x9df9,0x9df9,0x9df9,0x9df9,0x9df9,0x9e19,0x9e19,0x9e19,0x9df9,0x9df9,0x9df9,0x95d8,0x95d8,0x95d8,0x95d9,0x95f9,0x95f9,
0x95f9,0x95f9,0x95f8,0x95f9,0x95f9,0x95f9,0x95d9,0x95d8,0x95d9,0x95d9,0x8dd9,0x8dd9,0x8db8,0x8db8,0x8db8,0x8db8,0x8db8,0x8db8,0x8598,0x8598,0x8598,0x8598,0x8598,0x8598,
0x8598,0x8598,0x8598,0x8598,0x7d57,0x7d77,0x7d77,0x7d77,0x7d77,0x7d57,0x7537,0x7537,0x7557,0x7d77,0x7d77,0x7d77,0x7537,0x7537,0x7537,0x7537,0x7537,0x7537,0x7537,0x7537,
0x7537,0x7537,0x7537,0x7537,0x7d57,0x7d57,0x7d57,0x7537,0x7537,0x7537,0x7537,0x7537,0x7537,0x7d57,0x7d77,0x7d77,0x7537,0x7537,0x7537,0x7d57,0x7d57,0x7d57,0x7d77,0x8577,
0x8577,0x8577,0x8577,0x8577,0x8577,0x8578,0x8577,0x8598,0x8598,0x8598,0x8598,0x8db8,0x8db8,0x8598,0x8577,0x8597,0x8598,0x8598,0x8598,0x8598,0x8598,0x8598,0x8598,0x8597,
0x8598,0x8598,0x8598,0x8598,0x8598,0x8598,0x8598,0x8598,0x8db8,0x8db8,0x8598,0x8578,0x8598,0x8598,0x8598,0x8598,0x8598,0x8598,0x8598,0x8598,0x8598,0x8598,0x8598,0x8598,
0x8598,0x8598,0x8598,0x8598,0x8598,0x8598,0x8598,0x8598,0x8598,0x8598,0x8598,0x8d98,0x8db8,0x8db8,0x8598,0x8598,0x8598,0x8598,0x8598,0x8598,0x8d98,0x8d98,0x8d98,0x8db9,
0x8dd9,0x8dd9,0x8dd9,0x8dd9,0x8dd9,0x95d9,0x95d9,0x95d9,0x95d9,0x95d9,0x95d9,0x95d8,0x95d8,0x95d8,0x95d8,0x95d9,0x95d9,0x95d9,0x95d9,0x95d8,0x95f9,0x9e19,0x9e19,0x9e19,
0x9e3a,0x9e3a,0xa619,0xa619,0xa619,0xa619,0xa63a,0xa63a,0xa63a,0xa63a,0xa63a,0xa63a,0xa65a,0xa65a,0xae5a,0xae5a,0xae5a,0xae5a,0xb67a,0xbe9b,0xcedb,0xd71b,0xdf3c,0xef5c,
0xff9d,0xef7d,0xdf3c,0xd6fb,0xc6bb,0xb67a,0xa63a,0xa63a,0xa63a,0xa63a,0xa63a,0xa63a,0xa63a,0xa63a,0xa63a,0xa63a,0xa63a,0xa63a,0xa619,0xa619,0xa619,0xa63a,0xa63a,0xa63a,
0xa61a,0xa619,0xa619,0xa63a,0xa63a,0xa63a,0xa63a,0xa619,0xa619,0xa63a,0xa63a,0xa63a,0xa63a,0xa619,0xa619,0xa619,0xa619,0xa619,0xa619,0xa619,0xa619,0xa619,0x9e19,0x9e19,
0x9e19,0xa63a,0xa63a,0xa63a,0x9df9,0x9df9,0x9df9,0x9df9,0x9df9,0x9df9,0xa61a,0xa61a,0xa61a,0x9e19,0x9e19,0x9e19,0x9e19,0x9e19,0x9e19,0x95d9,0x95d9,0x95d9,0x9df9,0x9df9,
0x9df9,0x9df9,0x9df9,0x9df9,0x9df9,0x9df9,0x9df9,0x9df9,0x9df9,0x9df9,0x95d8,0x95d8,0x95d8,0x95d9,0x95d9,0x95d9,0x95d8,0x95d8,0x95d8,0x95d9,0x95d9,0x95d9,0x95d9,0x95d8,
0x95d8,0x8dd8,0x8db8,0x8db8,0x8db8,0x8db8,0x8db8,0x8db8,0x8db8,0x8db8,0x85b8,0x8598,0x8598,0x8598,0x8577,0x8577,0x8598,0x8598,0x8598,0x8578,0x7d57,0x7d57,0x7d57,0x7d57,
0x7d57,0x7d57,0x7537,0x7537,0x7537,0x7d77,0x7d77,0x7d77,0x7537,0x7537,0x7537,0x7537,0x7537,0x7537,0x7537,0x7537,0x7537,0x7537,0x7537,0x7537,0x7d57,0x7d57,0x7d57,0x7537,
0x7537,0x7537,0x7537,0x7537,0x7537,0x7d77,0x7d77,0x7d77,0x7537,0x7537,0x7537,0x7d57,0x7d57,0x7d57,0x8577,0x8577,0x8577,0x8577,0x8577,0x8577,0x8577,0x8577,0x8577,0x8598,
0x8598,0x8598,0x8db8,0x8db8,0x8db8,0x8598,0x8577,0x8577,0x8598,0x8598,0x8598,0x8598,0x8598,0x8598,0x8598,0x8577,0x8577,0x8578,0x8598,0x8598,0x8598,0x8598,0x8598,0x8598,
0x8db8,0x8db8,0x8db8,0x8577,0x8577,0x8577,0x8598,0x8598,0x8598,0x8598,0x8598,0x8598,0x8598,0x8598,0x8598,0x8598,0x8598,0x8598,0x8577,0x8577,0x8577,0x8578,0x8578,0x8578,
0x8598,0x8598,0x8598,0x8d98,0x8d98,0x8d98,0x8577,0x8577,0x8577,0x8598,0x8598,0x8598,0x8d98,0x8d98,0x8d98,0x8dd9,0x8dd9,0x8dd9,0x8db9,0x8db8,0x8db8,0x95d8,0x95d8,0x95d8,
0x95d9,0x95d9,0x95d9,0x95d9,0x95b8,0x95b8,0x95d8,0x95d8,0x95d8,0x95d8,0x95d8,0x95d8,0x95f9,0x9df9,0x9df9,0x9df9,0x9e19,0x9e19,0x9e19,0xa619,0xa619,0xa619,0xa619,0xa619,
0xa619,0xa63a,0xa63a,0xa63a,0xa63a,0xa63a,0xa63a,0xae5a,0xae5a,0xae5a,0xb67a,0xbe9b,0xcedb,0xd71b,0xdf3c,0xef5c,0xff9d,0xef7d,0xdf3c,0xd6fb,0xc6bb,0xb67a,0xa63a,0xa63a,
0xa63a,0xa63a,0xa63a,0xa63a,0xa63a,0xa63a,0xa63a,0xa63a,0xa63a,0xa63a,0xa619,0xa619,0xa619,0xa63a,0xa63a,0xa63a,0xa619,0xa619,0xa619,0xa63a,0xa63a,0xa63a,0xa63a,0xa619,
0xa619,0xa63a,0xa63a,0xa63a,0xa63a,0xa619,0xa619,0xa619,0xa619,0xa619,0xa619,0xa619,0xa619,0xa619,0x9e19,0x9e19,0x9e19,0xa63a,0xa63a,0xa63a,0x9df9,0x9df9,0x9df9,0x9df9,
0x9df9,0x9df9,0xa61a,0xa61a,0xa61a,0x9e19,0x9e19,0x9e19,0x9e19,0x9e19,0x9e19,0x95d9,0x95d9,0x95d9,0x9df9,0x9df9,0x9df9,0x9df9,0x9df9,0x9df9,0x9df9,0x9df9,0x9df9,0x9df9,
0x9df9,0x9df9,0x95d8,0x95d8,0x95d8,0x95d9,0x95d9,0x95d9,0x95d8,0x95d8,0x95d8,0x95d9,0x95d9,0x95d9,0x95d9,0x95d8,0x95d8,0x8dd8,0x8db8,0x8db8,0x8db8,0x8db8,0x8db8,0x8db8,
0x8db8,0x8db8,0x85b8,0x8598,0x8598,0x8598,0x8577,0x8577,0x8598,0x8598,0x8598,0x8578,0x7d57,0x7d57,0x7d57,0x7d57,0x7d57,0x7d57,0x7537,0x7537,0x7537,0x7d77,0x7d77,0x7d77,
0x7537,0x7537,0x7537,0x7537,0x7537,0x7537,0x7537,0x7537,0x7537,0x7537,0x7537,0x7537,0x7d57,0x7d57,0x7d57,0x7537,0x7537,0x7537,0x7537,0x7537,0x7537,0x7d77,0x7d77,0x7d77,
0x7537,0x7537,0x7537,0x7d57,0x7d57,0x7d57,0x8577,0x8577,0x8577,0x8577,0x8577,0x8577,0x8577,0x8577,0x8577,0x8598,0x8598,0x8598,0x8db8,0x8db8,0x8db8,0x8598,0x8577,0x8577,
0x8598,0x8598,0x8598,0x8598,0x8598,0x8598,0x8598,0x8577,0x8577,0x8578,0x8598,0x8598,0x8598,0x8598,0x8598,0x8598,0x8db8,0x8db8,0x8db8,0x8577,0x8577,0x8577,0x8598,0x8598,
0x8598,0x8598,0x8598,0x8598,0x8598,0x8598,0x8598,0x8598,0x8598,0x8598,0x8577,0x8577,0x8577,0x8578,0x8578,0x8578,0x8598,0x8598,0x8598,0x8d98,0x8d98,0x8d98,0x8577,0x8577,
0x8577,0x8598,0x8598,0x8598,0x8d98,0x8d98,0x8d98,0x8dd9,0x8dd9,0x8dd9,0x8db9,0x8db8,0x8db8,0x95d8,0x95d8,0x95d8,0x95d9,0x95d9,0x95d9,0x95b9,0x95b8,0x95b8,0x95b8,0x95d8,
0x95d8,0x95d8,0x95d8,0x95d8,0x95f9,0x9df9,0x9df9,0x9df9,0x9e19,0x9e19,0x9e19,0xa619,0xa619,0xa619,0xa619,0xa619,0xa619,0xa63a,0xa63a,0xa63a,0xa63a,0xa63a,0xa63a,0xae5a,
0xae5a,0xae5a,0xb67a,0xbe9b,0xcedb,0xd71b,0xdf3c,0xef5c,0xff9d,0xef7d,0xdf3c,0xd6fb,0xc6bb,0xb67a,0xae5a,0xae5a,0xae5a,0xa63a,0xa63a,0xa63a,0xa63a,0xa63a,0xa63a,0xa63a,
0xa63a,0xa63a,0xa63a,0xa63a,0xa63a,0xa63a,0xa63a,0xa63a,0xa63a,0xa63a,0xa63a,0xa63a,0xa63a,0xa63a,0xa63a,0xa63a,0xa63a,0xa63a,0xa63a,0xa63a,0xa63a,0xa619,0xa619,0xa619,
0xa619,0xa619,0xa619,0xa619,0xa619,0xa619,0xa63a,0xa63a,0xa63a,0x9e1a,0x9e1a,0xa61a,0xa61a,0xa61a,0x9e1a,0x9df9,0x9df9,0x9df9,0x9e1a,0x9e1a,0x9e1a,0x9e19,0x9e19,0x9e19,
0x9e19,0x9e19,0x9e19,0x9df9,0x9df9,0x9df9,0x9df9,0x9df9,0x9df9,0x9df9,0x9df9,0x9df9,0x9df9,0x95f9,0x95f9,0x95f9,0x95f9,0x95f9,0x95f9,0x95f9,0x95f9,0x95d9,0x95d9,0x95d9,
0x95d8,0x95d8,0x95d8,0x95d9,0x95d9,0x95d9,0x95d9,0x95d9,0x95d9,0x8db8,0x8db8,0x8d98,0x8db8,0x8dd8,0x8dd8,0x8db8,0x8db8,0x8db8,0x8598,0x8578,0x8598,0x8598,0x8598,0x8598,
0x8598,0x8598,0x8598,0x8578,0x7d57,0x7d57,0x7d57,0x7d77,0x7d77,0x7d57,0x7557,0x7d57,0x7d57,0x7d77,0x7d77,0x7d57,0x7537,0x7537,0x7537,0x7537,0x7537,0x7537,0x7537,0x7537,
0x7537,0x7557,0x7557,0x7557,0x7537,0x7537,0x7537,0x7517,0x7517,0x7517,0x7537,0x7d57,0x7d57,0x7d57,0x7d77,0x7d77,0x7537,0x7537,0x7537,0x7d57,0x7d57,0x7d57,0x7d77,0x7d77,
0x7d77,0x8577,0x8577,0x8577,0x8578,0x8578,0x8578,0x8578,0x8598,0x8598,0x8598,0x85b8,0x85b8,0x8598,0x8d98,0x8d98,0x8598,0x8598,0x8598,0x8598,0x8598,0x8598,0x8598,0x8d98,
0x8d98,0x8598,0x8578,0x8598,0x8598,0x8598,0x8598,0x8598,0x85b8,0x85b8,0x8598,0x8577,0x8577,0x8577,0x8598,0x8598,0x8598,0x8598,0x8598,0x8598,0x8598,0x8598,0x8598,0x8598,
0x8598,0x8598,0x8598,0x8598,0x8598,0x8d98,0x8d98,0x8d98,0x8598,0x8598,0x8598,0x8598,0x8598,0x8598,0x8598,0x8598,0x8598,0x8598,0x8d98,0x8598,0x8db8,0x8db8,0x8db8,0x8db9,
0x8dd9,0x8dd9,0x8db8,0x8db8,0x8db8,0x95d8,0x95d8,0x95d8,0x95d9,0x95f9,0x95f9,0x95d9,0x95d9,0x95d9,0x95d9,0x9df9,0x9df9,0x9df9,0x9df9,0x9df9,0x9df9,0x9df9,0x9df9,0x9df9,
0x9e19,0x9e19,0x9e19,0xa63a,0xa63a,0xa63a,0xae3a,0xae3a,0xae3a,0xae5a,0xae5a,0xae5a,0xae5a,0xae5a,0xae5a,0xae5a,0xae5a,0xae5a,0xb67a,0xbe9b,0xcedb,0xd71b,0xdf3c,0xef5c,
0xff9d,0xef7d,0xdf3c,0xd6fb,0xc6bb,0xb67a,0xae5a,0xae5a,0xae5a,0xa63a,0xa63a,0xa63a,0xa63a,0xa63a,0xa63a,0xa63a,0xa63a,0xa63a,0xa63a,0xa63a,0xa63a,0xa63a,0xa63a,0xa63a,
0xa63a,0xa63a,0xa63a,0xa63a,0xa619,0xa619,0xa63a,0xa63a,0xa63a,0xa63a,0xa63a,0xa63a,0xa63a,0xa619,0xa619,0xa619,0xa619,0xa619,0xa619,0xa619,0xa619,0xa61a,0xa63a,0xa63a,
0xa63a,0x9df9,0x9df9,0x9e19,0xa65a,0xa63a,0xa63a,0x9df9,0x9df9,0x9df9,0x9df9,0x9df9,0x9df9,0x9e19,0x9e19,0x9e19,0x9df9,0x9df9,0x9df9,0x9df9,0x9df9,0x9df9,0x9df9,0x9df9,
0x9df9,0x9df9,0x9df9,0x9df9,0x95d9,0x95d9,0x95d9,0x95f9,0x95f9,0x95f9,0x95f9,0x95f9,0x95f9,0x95d8,0x95d8,0x95d8,0x95d8,0x95d8,0x95d8,0x95d9,0x95d9,0x95d9,0x95d9,0x95d9,
0x95d9,0x8db9,0x8d98,0x8d98,0x8db8,0x8dd8,0x8dd8,0x8dd8,0x8db8,0x8db8,0x8598,0x8577,0x8577,0x8598,0x8598,0x8598,0x8598,0x8598,0x8598,0x8578,0x7d57,0x7d57,0x7d57,0x7d77,
0x7d77,0x7d77,0x7d57,0x7d57,0x7d57,0x7d57,0x7d57,0x7d57,0x7537,0x7537,0x7537,0x7537,0x7537,0x7537,0x7537,0x7537,0x7537,0x7557,0x7557,0x7557,0x7516,0x7516,0x7516,0x7516,
0x7516,0x7516,0x7d57,0x7d57,0x7d57,0x7d57,0x7d57,0x7d57,0x7537,0x7537,0x7537,0x7d57,0x7d57,0x7d57,0x7d77,0x7d77,0x7d77,0x8577,0x8577,0x8577,0x8578,0x8578,0x8578,0x8578,
0x8577,0x8577,0x8598,0x8598,0x8598,0x85b8,0x8db8,0x8db8,0x85b8,0x8598,0x8598,0x8598,0x8598,0x8598,0x85b8,0x8db8,0x8dd8,0x8d98,0x8577,0x8577,0x8577,0x8598,0x8598,0x8598,
0x8598,0x8598,0x8598,0x8577,0x8577,0x8577,0x8598,0x8598,0x8598,0x8598,0x8598,0x8598,0x8577,0x8577,0x8577,0x8577,0x8577,0x8577,0x8598,0x8598,0x8598,0x8db8,0x8db8,0x8db8,
0x8577,0x8577,0x8577,0x8577,0x8577,0x8577,0x8598,0x8598,0x8598,0x8d98,0x8d98,0x8d98,0x8db8,0x8db8,0x8db8,0x8db8,0x8db8,0x8db8,0x8db8,0x8db8,0x8db8,0x95d8,0x95d8,0x95d8,
0x95f9,0x95f9,0x95f9,0x95f9,0x95f9,0x95f9,0x9df9,0x9df9,0x9df9,0x9e19,0x9e19,0x9e19,0x9e19,0x9df9,0x9df9,0x9df9,0x9e19,0x9e19,0x9e19,0xa63a,0xa63a,0xa65a,0xae5a,0xae5a,
0xae5a,0xae5a,0xae5a,0xae5a,0xae5a,0xae5a,0xae5a,0xae5a,0xae5a,0xae5a,0xb67a,0xbe9b,0xcedb,0xd71b,0xdf3c,0xef5c,0xff9d,0xef7d,0xdf3c,0xd6fb,0xc6bb,0xb67a,0xae5a,0xae5a,
0xae5a,0xa63a,0xa63a,0xa63a,0xa63a,0xa63a,0xa63a,0xa63a,0xa63a,0xa63a,0xa63a,0xa63a,0xa63a,0xa63a,0xa63a,0xa63a,0xa63a,0xa63a,0xa63a,0xa63a,0xa619,0xa619,0xa63a,0xa63a,
0xa63a,0xa63a,0xa63a,0xa63a,0xa63a,0xa619,0xa619,0xa619,0xa619,0xa619,0xa619,0xa619,0xa619,0xa61a,0xa63a,0xa63a,0xa63a,0x9df9,0x9df9,0x9e19,0xa63a,0xa63a,0xa63a,0x9df9,
0x9df9,0x9df9,0x9df9,0x9df9,0x9df9,0x9e19,0x9e19,0x9e19,0x9df9,0x9df9,0x9df9,0x9df9,0x9df9,0x9df9,0x9df9,0x9df9,0x9df9,0x9df9,0x9df9,0x9df9,0x95d9,0x95d9,0x95d9,0x95f9,
0x95f9,0x95f9,0x95f9,0x95f9,0x95f9,0x95d8,0x95d8,0x95d8,0x95d8,0x95d8,0x95d8,0x95d9,0x95d9,0x95d9,0x95d9,0x95d9,0x95d9,0x8db9,0x8d98,0x8d98,0x8db8,0x8dd8,0x8dd8,0x8dd8,
0x8db8,0x8db8,0x8598,0x8577,0x8577,0x8598,0x8598,0x8598,0x8598,0x8598,0x8598,0x8578,0x7d57,0x7d57,0x7d57,0x7d77,0x7d77,0x7d77,0x7d57,0x7d57,0x7d57,0x7d57,0x7d57,0x7d57,
0x7537,0x7537,0x7537,0x7537,0x7537,0x7537,0x7537,0x7537,0x7537,0x7557,0x7557,0x7557,0x7516,0x7516,0x7516,0x7516,0x7516,0x7516,0x7d57,0x7d57,0x7d57,0x7d57,0x7d57,0x7d57,
0x7537,0x7537,0x7537,0x7d57,0x7d57,0x7d57,0x7d77,0x7d77,0x7d77,0x8577,0x8577,0x8577,0x8578,0x8578,0x8578,0x8578,0x8577,0x8577,0x8598,0x8598,0x8598,0x85b8,0x8db8,0x8db8,
0x85b8,0x8598,0x8598,0x8598,0x8598,0x8598,0x85b8,0x8db8,0x8db8,0x8d98,0x8577,0x8577,0x8577,0x8598,0x8598,0x8598,0x8598,0x8598,0x8598,0x8577,0x8577,0x8577,0x8598,0x8598,
0x8598,0x8598,0x8598,0x8598,0x8577,0x8577,0x8577,0x8577,0x8577,0x8577,0x8598,0x8598,0x8598,0x8db8,0x8db8,0x8db8,0x8577,0x8577,0x8577,0x8577,0x8577,0x8577,0x8598,0x8598,
0x8598,0x8d98,0x8d98,0x8d98,0x8db8,0x8db8,0x8db8,0x8db8,0x8db8,0x8db8,0x8db8,0x8db8,0x8db8,0x95d8,0x95d8,0x95d8,0x95f9,0x95f9,0x95f9,0x95f9,0x95f9,0x95f9,0x9df9,0x9df9,
0x9df9,0x9e19,0x9e19,0x9e19,0x9e19,0x9df9,0x9df9,0x9df9,0x9e19,0x9e19,0x9e19,0xa63a,0xa63a,0xa63a,0xae5a,0xae5a,0xae5a,0xae5a,0xae5a,0xae5a,0xae5a,0xae5a,0xae5a,0xae5a,
0xae5a,0xae5a,0xb67a,0xbe9b,0xcedb,0xd71b,0xdf3c,0xe75c,0xff9d,0xef7d,0xdf3c,0xd6fb,0xc6bb,0xb67a,0xae5a,0xae5a,0xae5a,0xae5a,0xae5a,0xae5a,0xa63a,0xa63a,0xa63a,0xa63a,
0xa63a,0xa63a,0xa63a,0xa63a,0xa63a,0xa63a,0xa63a,0xa63a,0xa63a,0xa63a,0xa63a,0xa63a,0xa639,0xa639,0xa639,0xa63a,0xa63a,0xa63a,0xa63a,0xa63a,0xa63a,0xa619,0xa619,0xa619,
0xa619,0xa619,0xa619,0xa619,0xa619,0xa619,0xa63a,0xa63a,0xa61a,0xa61a,0xa61a,0xa61a,0xa63a,0xa63a,0xa61a,0xa61a,0xa61a,0xa61a,0x9df9,0x9df9,0x9df9,0x9e19,0x9e19,0x9e19,
0x9e19,0x9e19,0x9e19,0x9df9,0x9df9,0x9df9,0x9df9,0x9df9,0x9df9,0x9df9,0x9df9,0x9df9,0x95f9,0x95f9,0x95f9,0x9df9,0x9df9,0x9df9,0x95f9,0x95f9,0x95f9,0x95f9,0x95f9,0x95f9,
0x95f9,0x95f9,0x95f9,0x95d9,0x95d9,0x95d9,0x95d9,0x8dd9,0x95d9,0x8db8,0x8db8,0x8db8,0x8db8,0x8dd8,0x8dd8,0x8db8,0x8db8,0x8db8,0x8d98,0x8598,0x8d98,0x8598,0x8598,0x8598,
0x8598,0x8598,0x8598,0x8578,0x7d78,0x8578,0x7d78,0x7d77,0x7d77,0x7d57,0x7537,0x7537,0x7537,0x7537,0x7537,0x7537,0x7537,0x7537,0x7537,0x7537,0x7537,0x7537,0x7537,0x7537,
0x7537,0x7557,0x7557,0x7557,0x7517,0x7517,0x7517,0x7517,0x7517,0x7517,0x7d57,0x7d57,0x7d57,0x7d57,0x7d57,0x7d57,0x7d57,0x7557,0x7557,0x7d57,0x7d57,0x7d57,0x7d78,0x7d78,
0x7d78,0x8598,0x8598,0x8598,0x8598,0x8598,0x8598,0x8598,0x8598,0x8598,0x8598,0x8598,0x8598,0x8598,0x85b8,0x85b8,0x85b8,0x85b8,0x8db8,0x8598,0x8578,0x8598,0x8598,0x85b8,
0x85b8,0x8598,0x8598,0x8598,0x8598,0x8598,0x8598,0x8598,0x8598,0x8598,0x8578,0x8577,0x8577,0x8577,0x8598,0x8598,0x8598,0x8598,0x8598,0x8598,0x8598,0x8598,0x8598,0x8598,
0x8598,0x8598,0x8598,0x8598,0x8598,0x8598,0x8598,0x8598,0x8598,0x8598,0x8598,0x8578,0x8578,0x8578,0x8598,0x8598,0x8598,0x8598,0x8598,0x8598,0x8db8,0x8db8,0x8db8,0x8db8,
0x8db8,0x8db8,0x8db8,0x8db8,0x8db8,0x95d9,0x95d9,0x95d9,0x95f9,0x95f9,0x95f9,0x95f9,0x95f9,0x95f9,0x9df9,0x9df9,0x9df9,0x9df9,0x9e19,0x9df9,0x9e19,0xa61a,0xa61a,0xa61a,
0xa619,0x9e19,0xa639,0xae5a,0xae5a,0xae5a,0xae5a,0xae5a,0xae5a,0xae5a,0xae5a,0xae5a,0xae5a,0xae5a,0xae5a,0xb67a,0xb67a,0xb67a,0xb67a,0xbe9b,0xcedb,0xdf1b,0xe73c,0xef5c,
0xff9d,0xef7d,0xdf3c,0xd6fb,0xc6bb,0xb67a,0xa63a,0xa63a,0xa63a,0xae5a,0xae5a,0xae5a,0xa63a,0xa63a,0xa63a,0xa639,0xa639,0xa639,0xa63a,0xa63a,0xa63a,0xa63a,0xa63a,0xa63a,
0xa63a,0xa63a,0xa63a,0xa63a,0xa639,0xa639,0xa639,0xa619,0xa619,0xa63a,0xa63a,0xa63a,0xa63a,0xa619,0xa619,0xa619,0xa619,0xa619,0xa619,0xa619,0xa619,0xa619,0xa619,0xa619,
0xa619,0xa63a,0xa63a,0xa63a,0xa61a,0xa61a,0xa61a,0xa61a,0xa61a,0xa61a,0x9df9,0x9df9,0x9df9,0x9e19,0x9e19,0x9e19,0x9e19,0x9e19,0x9e19,0x9df9,0x9df9,0x9df9,0x9df9,0x9df9,
0x9df9,0x9df9,0x9df9,0x9df9,0x95f9,0x95f9,0x95f9,0x9df9,0x9df9,0x9df9,0x95d8,0x95d8,0x95d8,0x95f9,0x95f9,0x95f9,0x95f9,0x95f9,0x95f9,0x95d8,0x95d8,0x95d8,0x8db8,0x8db8,
0x8db8,0x8db8,0x8db8,0x8db8,0x8db8,0x8db8,0x8db8,0x8db8,0x8db8,0x8db8,0x8db8,0x8d98,0x8d98,0x8d98,0x8577,0x8577,0x8577,0x8577,0x8577,0x8578,0x8578,0x8578,0x8578,0x7d57,
0x7d57,0x7d57,0x7537,0x7537,0x7537,0x7537,0x7537,0x7537,0x7537,0x7537,0x7537,0x7537,0x7537,0x7537,0x7537,0x7537,0x7537,0x7557,0x7557,0x7557,0x7537,0x7537,0x7537,0x7537,
0x7537,0x7537,0x7d57,0x7d57,0x7d57,0x7d57,0x7d57,0x7d57,0x7d57,0x7d57,0x7d57,0x7d57,0x7d57,0x7d57,0x8578,0x8578,0x8578,0x8598,0x8598,0x8598,0x8598,0x8598,0x8598,0x8598,
0x8598,0x8598,0x8598,0x8598,0x8598,0x8598,0x8598,0x8598,0x85b8,0x8db8,0x8db8,0x8d98,0x8577,0x8577,0x8598,0x8598,0x8598,0x8598,0x8598,0x8598,0x8598,0x8598,0x8598,0x8598,
0x8577,0x8577,0x8577,0x8577,0x8577,0x8577,0x8598,0x8598,0x8598,0x8578,0x8578,0x8578,0x8598,0x8598,0x8598,0x8598,0x8598,0x8598,0x8577,0x8577,0x8577,0x8577,0x8577,0x8577,
0x8598,0x8598,0x8598,0x8578,0x8578,0x8578,0x8598,0x8598,0x8598,0x8598,0x8598,0x8598,0x8db8,0x8db8,0x8db8,0x8db8,0x8db8,0x8db8,0x8db8,0x8db8,0x8db8,0x95d9,0x95d9,0x95d9,
0x95f9,0x95f9,0x95f9,0x95f9,0x95d8,0x95d8,0x9df9,0x9df9,0x9df9,0x9df9,0x9df9,0x9df9,0x9e1a,0xa65a,0xa63a,0xa63a,0xa619,0xa619,0xa639,0xae5a,0xae5a,0xae5a,0xae5a,0xae5a,
0xae5a,0xae5a,0xae5a,0xae5a,0xae5a,0xae5a,0xae5a,0xb67a,0xb67a,0xb67a,0xb67a,0xbe9b,0xcedb,0xdf1b,0xef3c,0xf75c,0xff9d,0xef7d,0xdf3c,0xd6fb,0xc6bb,0xb67a,0xa63a,0xa63a,
0xa63a,0xae5a,0xae5a,0xae5a,0xa63a,0xa63a,0xa63a,0xa639,0xa639,0xa639,0xa63a,0xa63a,0xa63a,0xa63a,0xa63a,0xa63a,0xa63a,0xa63a,0xa63a,0xa63a,0xa639,0xa639,0xa639,0xa619,
0xa619,0xa63a,0xa63a,0xa63a,0xa63a,0xa619,0xa619,0xa619,0xa619,0xa619,0xa619,0xa619,0xa619,0xa619,0xa619,0xa619,0xa619,0xa63a,0xa63a,0xa63a,0xa61a,0xa61a,0xa61a,0xa61a,
0xa61a,0xa61a,0x9df9,0x9df9,0x9df9,0x9e19,0x9e19,0x9e19,0x9e19,0x9e19,0x9e19,0x9df9,0x9df9,0x9df9,0x9df9,0x9df9,0x9df9,0x9df9,0x9df9,0x9df9,0x95f9,0x95f9,0x95f9,0x9df9,
0x9df9,0x9df9,0x95d8,0x95d8,0x95d8,0x95f9,0x95f9,0x95f9,0x95f9,0x95f9,0x95f9,0x95d8,0x95d8,0x95d8,0x8db8,0x8db8,0x8db8,0x8db8,0x8db8,0x8db8,0x8db8,0x8db8,0x8db8,0x8db8,
0x8db8,0x8db8,0x8db8,0x8d98,0x8d98,0x8d98,0x8577,0x8577,0x8577,0x8577,0x8577,0x8578,0x8578,0x8578,0x8578,0x7d57,0x7d57,0x7d57,0x7537,0x7537,0x7537,0x7537,0x7537,0x7537,
0x7537,0x7537,0x7537,0x7537,0x7537,0x7537,0x7537,0x7537,0x7537,0x7557,0x7557,0x7557,0x7537,0x7537,0x7537,0x7537,0x7537,0x7537,0x7d57,0x7d57,0x7d57,0x7d57,0x7d57,0x7d57,
0x7d57,0x7d57,0x7d57,0x7d57,0x7d57,0x7d57,0x8578,0x8578,0x8578,0x8598,0x8598,0x8598,0x8598,0x8598,0x8598,0x8598,0x8598,0x8598,0x8598,0x8598,0x8598,0x8598,0x8598,0x8598,
0x85b8,0x8db8,0x8dd8,0x8d98,0x8577,0x8577,0x8598,0x8598,0x8598,0x8598,0x8598,0x8598,0x8598,0x8598,0x8598,0x8598,0x8577,0x8577,0x8577,0x8577,0x8577,0x8577,0x8598,0x8598,
0x8598,0x8578,0x8578,0x8578,0x8598,0x8598,0x8598,0x8598,0x8598,0x8598,0x8577,0x8577,0x8577,0x8577,0x8577,0x8577,0x8598,0x8598,0x8598,0x8578,0x8578,0x8578,0x8598,0x8598,
0x8598,0x8598,0x8598,0x8598,0x8db8,0x8db8,0x8db8,0x8db8,0x8db8,0x8db8,0x8db8,0x8db8,0x8db8,0x95d9,0x95d9,0x95d9,0x95f9,0x95f9,0x95f9,0x95f9,0x95d8,0x95d8,0x9df9,0x9df9,
0x9df9,0x9df9,0x9df9,0x9df9,0x9e1a,0xa63a,0xa63a,0xa63a,0xa619,0xa619,0xa639,0xae5a,0xae5a,0xae5a,0xae5a,0xae5a,0xae5a,0xae5a,0xae5a,0xae5a,0xae5a,0xae5a,0xae5a,0xb67a,
0xb67a,0xb67a,0xb67a,0xbe9b,0xcedb,0xdf1b,0xe73c,0xf75c,0xff9d,0xef7d,0xdf3c,0xd6fb,0xc6bb,0xb67a,0xa63a,0xa63a,0xa63a,0xae5a,0xae5a,0xae5a,0xa63a,0xa63a,0xa63a,0xa63a,
0xae5a,0xae5a,0xae5a,0xae5a,0xae5a,0xa63a,0xa63a,0xa63a,0xa63a,0xa63a,0xa63a,0xa63a,0xa63a,0xa63a,0xa63a,0xa63a,0xa63a,0xa63a,0xa63a,0xa63a,0xa63a,0xa63a,0xa63a,0xa639,
0xa619,0xa619,0xa619,0xa619,0xa619,0xa619,0xa619,0xa619,0xa619,0xa63a,0xa63a,0xa63a,0xa61a,0xa61a,0xa61a,0xa61a,0xa61a,0xa61a,0x9e19,0x9e19,0x9e19,0x9e19,0x9e19,0x9e19,
0x9e19,0x9e19,0x9e19,0x9df9,0x9df9,0x9df9,0x9df9,0x9df9,0x9df9,0x9df9,0x9df9,0x9df9,0x9e19,0x9e19,0x9e19,0x9df9,0x9df9,0x9df9,0x95d8,0x95d8,0x95d8,0x95f9,0x9df9,0x9df9,
0x95f9,0x95f9,0x95f9,0x95d9,0x95d9,0x95d9,0x95d9,0x8dd9,0x8dd9,0x8dd9,0x8dd9,0x95d9,0x8db8,0x8db8,0x8db8,0x8db8,0x8db8,0x8db8,0x8d98,0x8598,0x8d98,0x8578,0x8578,0x8578,
0x8577,0x8577,0x8577,0x8578,0x8578,0x8578,0x8578,0x7d77,0x7d77,0x7d57,0x7557,0x7557,0x7557,0x7537,0x7537,0x7537,0x7537,0x7537,0x7537,0x7537,0x7537,0x7537,0x7537,0x7537,
0x7537,0x7557,0x7557,0x7557,0x7537,0x7537,0x7537,0x7537,0x7537,0x7537,0x7d57,0x7d57,0x7d57,0x7d57,0x7d77,0x7d77,0x7d57,0x7d57,0x7d57,0x7d58,0x7d78,0x7d78,0x7d78,0x7d78,
0x7d78,0x7d78,0x7d78,0x7d78,0x8598,0x8598,0x8598,0x8598,0x8598,0x8598,0x8598,0x8598,0x8598,0x8598,0x8598,0x8598,0x8598,0x8d98,0x8d98,0x8598,0x8577,0x8577,0x8598,0x8598,
0x8598,0x8598,0x8598,0x8598,0x8598,0x8598,0x8598,0x8598,0x8598,0x8598,0x8578,0x8578,0x8578,0x8578,0x8598,0x8598,0x8598,0x8598,0x8598,0x8598,0x8598,0x8598,0x8598,0x8598,
0x8598,0x8598,0x8598,0x8598,0x8598,0x8598,0x8598,0x8598,0x8598,0x8598,0x8598,0x8598,0x8598,0x8598,0x8598,0x85b8,0x85b8,0x8598,0x8598,0x8598,0x8db8,0x8db8,0x8db8,0x8db8,
0x8dd8,0x8dd8,0x8dd8,0x95d8,0x8dd8,0x95d9,0x95d9,0x95d9,0x95d9,0x95d9,0x95d9,0x95d9,0x95f9,0x95f9,0x9df9,0x9df9,0x9df9,0x9df9,0x9e19,0x9df9,0x9e1a,0xa63a,0xa63a,0xa63a,
0xa63a,0xa63a,0xa63a,0xae5a,0xae5a,0xae5a,0xae5a,0xae5a,0xae5a,0xae5a,0xae5a,0xae5a,0xae5a,0xae5a,0xae5a,0xb67a,0xb67a,0xb67a,0xb67a,0xbe9b,0xcedb,0xdf1b,0xe73c,0xf75c,
0xff9d,0xef7d,0xdf3c,0xd6fb,0xc6bb,0xb67a,0xa63a,0xa63a,0xa63a,0xa63a,0xa63a,0xa63a,0xa63a,0xa63a,0xa63a,0xae5a,0xae5a,0xae5a,0xae5a,0xae5a,0xae5a,0xa63a,0xa63a,0xa63a,
0xa63a,0xa63a,0xa63a,0xa63a,0xa63a,0xa63a,0xa63a,0xa63a,0xa63a,0xa63a,0xa63a,0xa63a,0xa65a,0xa65a,0xa67a,0xa63a,0xa619,0xa619,0xa619,0xa619,0xa619,0xa619,0xa619,0xa619,
0xa619,0xa619,0xa619,0xa619,0x9e19,0x9e19,0x9e19,0x9e19,0x9e19,0x9e19,0x9e19,0x9e19,0x9e19,0x9df9,0x9df9,0x9df9,0x9df9,0x9df9,0x9df9,0x9df9,0x9df9,0x9df9,0x9df9,0x9df9,
0x9df9,0x9df9,0x9df9,0x9df9,0x9e19,0x9e19,0x9e19,0x95f9,0x95f9,0x95f9,0x95d8,0x95d8,0x95d8,0x9df9,0x9df9,0x9df9,0x95d8,0x95d8,0x95d8,0x95d9,0x95d9,0x95d9,0x95d9,0x95d9,
0x95d9,0x95d9,0x95d9,0x95d9,0x8dd9,0x8db8,0x8db8,0x8db8,0x8db8,0x8db8,0x8598,0x8577,0x8577,0x8578,0x8578,0x8578,0x8578,0x8577,0x8577,0x8578,0x8578,0x8578,0x8578,0x7d77,
0x7d77,0x7d77,0x7d77,0x7d77,0x7d77,0x7d57,0x7d57,0x7d57,0x7d57,0x7d57,0x7d57,0x7537,0x7537,0x7537,0x7537,0x7537,0x7537,0x7557,0x7557,0x7557,0x7536,0x7536,0x7536,0x7537,
0x7537,0x7537,0x7d57,0x7d57,0x7d57,0x7d77,0x7d77,0x7d77,0x7d57,0x7d57,0x7d57,0x7d78,0x7d78,0x7d78,0x7d57,0x7d57,0x7d57,0x7d57,0x7d57,0x7d57,0x8578,0x8578,0x8578,0x8578,
0x8577,0x8577,0x8577,0x8577,0x8577,0x8598,0x8598,0x8598,0x8598,0x8577,0x8577,0x8577,0x8577,0x8577,0x8598,0x8598,0x8598,0x8598,0x8598,0x8598,0x8598,0x8598,0x8598,0x8598,
0x8598,0x8598,0x8598,0x8578,0x8578,0x8578,0x8577,0x8577,0x8577,0x8598,0x8598,0x8598,0x8598,0x8598,0x8598,0x8598,0x8598,0x8598,0x8598,0x8598,0x8598,0x8db8,0x8db8,0x8db8,
0x8598,0x8598,0x8598,0x8598,0x8598,0x8598,0x8db8,0x8db8,0x8db8,0x8598,0x8598,0x8598,0x8d98,0x8d98,0x8d98,0x8dd8,0x8dd8,0x8dd8,0x95d8,0x95d8,0x95d8,0x95d8,0x95d8,0x95d8,
0x95d8,0x95b8,0x95b8,0x95d9,0x95f9,0x95f9,0x9df9,0x9df9,0x9df9,0x9e19,0x9e19,0x9e19,0x9e3a,0xa63a,0xa63a,0xa63a,0xa63a,0xa63a,0xa63a,0xa63a,0xa63a,0xa63a,0xa63a,0xa63a,
0xa63a,0xae5a,0xae5a,0xae5a,0xae5a,0xae5a,0xae5a,0xae5a,0xae5a,0xae5a,0xb67a,0xbe9b,0xcedb,0xdf1b,0xe73c,0xf75c,0xff9d,0xef7d,0xdf3c,0xd6fb,0xc6bb,0xb67a,0xa63a,0xa63a,
0xa63a,0xa63a,0xa63a,0xa63a,0xa63a,0xa63a,0xa63a,0xae5a,0xae5a,0xae5a,0xae5a,0xae5a,0xae5a,0xa63a,0xa63a,0xa63a,0xa63a,0xa63a,0xa63a,0xa63a,0xa63a,0xa63a,0xa63a,0xa63a,
0xa63a,0xa63a,0xa63a,0xa63a,0xa65a,0xa65a,0xa65a,0xa63a,0xa619,0xa619,0xa619,0xa619,0xa619,0xa619,0xa619,0xa619,0xa619,0xa619,0xa619,0xa619,0x9e19,0x9e19,0x9e19,0x9e19,
0x9e19,0x9e19,0x9e19,0x9e19,0x9e19,0x9df9,0x9df9,0x9df9,0x9df9,0x9df9,0x9df9,0x9df9,0x9df9,0x9df9,0x9df9,0x9df9,0x9df9,0x9df9,0x9df9,0x9df9,0x9e19,0x9e19,0x9e19,0x95f9,
0x95f9,0x95f9,0x95d8,0x95d8,0x95d8,0x9df9,0x9df9,0x9df9,0x95d8,0x95d8,0x95d8,0x95d9,0x95d9,0x95d9,0x95d9,0x95d9,0x95d9,0x95d9,0x95d9,0x95d9,0x8dd9,0x8db8,0x8db8,0x8db8,
0x8db8,0x8db8,0x8598,0x8577,0x8577,0x8578,0x8578,0x8578,0x8578,0x8577,0x8577,0x8578,0x8578,0x8578,0x8578,0x7d77,0x7d77,0x7d77,0x7d77,0x7d77,0x7d77,0x7d57,0x7d57,0x7d57,
0x7d57,0x7d57,0x7d57,0x7537,0x7537,0x7537,0x7537,0x7537,0x7537,0x7557,0x7557,0x7557,0x7536,0x7536,0x7536,0x7537,0x7537,0x7537,0x7d57,0x7d57,0x7d57,0x7d77,0x7d77,0x7d77,
0x7d57,0x7d57,0x7d57,0x7d78,0x7d78,0x7d78,0x7d57,0x7d57,0x7d57,0x7d57,0x7d57,0x7d57,0x8578,0x8578,0x8578,0x8578,0x8577,0x8577,0x8577,0x8577,0x8577,0x8598,0x8598,0x8598,
0x8598,0x8577,0x8577,0x8577,0x8577,0x8577,0x8598,0x8598,0x8598,0x8598,0x8598,0x8598,0x8598,0x8598,0x8598,0x8598,0x8598,0x8598,0x8598,0x8578,0x8578,0x8578,0x8577,0x8577,
0x8577,0x8598,0x8598,0x8598,0x8598,0x8598,0x8598,0x8598,0x8598,0x8598,0x8598,0x8598,0x8598,0x8db8,0x8db8,0x8db8,0x8598,0x8598,0x8598,0x8598,0x8598,0x8598,0x8db8,0x8db8,
0x8db8,0x8598,0x8598,0x8598,0x8d98,0x8d98,0x8d98,0x8dd8,0x8dd8,0x8dd8,0x95d8,0x95d8,0x95d8,0x95d8,0x95d8,0x95d8,0x95d8,0x95b8,0x95b8,0x95d9,0x95f9,0x95f9,0x9df9,0x9df9,
0x9df9,0x9e19,0x9e19,0x9e19,0x9e3a,0xa63a,0xa63a,0xa63a,0xa63a,0xa63a,0xa63a,0xa63a,0xa63a,0xa63a,0xa63a,0xa63a,0xa63a,0xae5a,0xae5a,0xae5a,0xae5a,0xae5a,0xae5a,0xae5a,
0xae5a,0xae5a,0xb67a,0xbe9b,0xcedb,0xdf1b,0xe73c,0xf75c,0xff9d,0xef7d,0xdf3c,0xd6fb,0xc6bb,0xb67a,0xa63a,0xa63a,0xa63a,0xa63a,0xa63a,0xa63a,0xa63a,0xa63a,0xa63a,0xae5a,
0xae5a,0xae5a,0xae5a,0xae5a,0xae5a,0xa63a,0xa63a,0xa63a,0xa63a,0xa63a,0xa63a,0xa63a,0xa65a,0xae5a,0xa63a,0xa63a,0xa63a,0xa63a,0xa63a,0xa63a,0xa63a,0xa65a,0xa65a,0xa63a,
0xa61a,0xa63a,0xa63a,0xa63a,0xa63a,0xa63a,0xa63a,0xa63a,0xa619,0xa619,0xa619,0xa619,0x9e19,0x9e19,0x9e19,0x9e19,0x9e19,0x9e19,0x9e19,0x9e19,0x9e19,0x9df9,0x9df9,0x9df9,
0x9df9,0x9df9,0x9df9,0x9e19,0x9e19,0x9e19,0x9df9,0x9df9,0x9df9,0x9e19,0x9e19,0x9e19,0x9df9,0x9df9,0x9df9,0x95f9,0x95f9,0x95f9,0x95d9,0x95d9,0x95d9,0x9df9,0x9df9,0x9df9,
0x95d8,0x95d8,0x95d8,0x95d9,0x95d9,0x95d9,0x95d9,0x95f9,0x95f9,0x95d9,0x95d9,0x95d9,0x8db8,0x8db8,0x8db8,0x8db8,0x8db8,0x8db8,0x8d98,0x8598,0x8598,0x8598,0x8598,0x8598,
0x8578,0x8577,0x8577,0x8578,0x8598,0x8598,0x8578,0x7d77,0x7d77,0x7d77,0x7d77,0x7d77,0x7d77,0x7d78,0x7d78,0x7d58,0x7d57,0x7d57,0x7d57,0x7537,0x7537,0x7537,0x7537,0x7537,
0x7537,0x7557,0x7557,0x7557,0x7537,0x7537,0x7537,0x7537,0x7537,0x7537,0x7d57,0x7d57,0x7d57,0x7d77,0x7d77,0x7d77,0x7d57,0x7d57,0x7d57,0x7d78,0x7d78,0x7d78,0x7d57,0x7d57,
0x7d57,0x7d57,0x7d57,0x7d57,0x8578,0x8598,0x8598,0x8598,0x8598,0x8598,0x8598,0x8598,0x8598,0x8598,0x85b8,0x85b8,0x8598,0x8577,0x8577,0x8577,0x8598,0x8598,0x8598,0x8598,
0x8598,0x8598,0x8598,0x8598,0x8598,0x8598,0x8598,0x8598,0x8598,0x8598,0x8598,0x8578,0x8578,0x8578,0x8577,0x8577,0x8577,0x8598,0x8598,0x8598,0x8598,0x8598,0x8598,0x8598,
0x8598,0x8598,0x8598,0x8598,0x8598,0x8db8,0x8db8,0x8db8,0x8598,0x8598,0x8598,0x8598,0x8598,0x8598,0x8598,0x8db8,0x85b8,0x85b8,0x85b8,0x85b8,0x8db8,0x8db8,0x8d98,0x8dd8,
0x8dd9,0x8dd9,0x95d9,0x95d9,0x95d9,0x95d8,0x95d8,0x95d8,0x95d8,0x95d9,0x95b9,0x95d9,0x95f9,0x95f9,0x95f9,0x9df9,0x9df9,0x9df9,0x9e19,0x9e19,0x9e19,0xa63a,0xa63a,0xa63a,
0xa63a,0xa63a,0xa63a,0xa63a,0xa63a,0xa63a,0xa63a,0xa63a,0xa63a,0xae5a,0xae5a,0xae5a,0xae5a,0xae5a,0xae5a,0xae5a,0xae5a,0xae5a,0xb67a,0xbebb,0xcedb,0xdf1c,0xe73c,0xf75c,
0xff9d,0xef7d,0xdf3c,0xd71b,0xc6db,0xbe9a,0xa63a,0xa63a,0xa63a,0xa639,0xa639,0xa639,0xae3a,0xae3a,0xae3a,0xae5a,0xae5a,0xae5a,0xae3a,0xae3a,0xae3a,0xa63a,0xa63a,0xa63a,
0xa61a,0xa619,0xa619,0xae3a,0xae5a,0xae5a,0xa65a,0xa63a,0xa63a,0xa63a,0xa63a,0xa63a,0xa63a,0xa639,0xa639,0xa63a,0xa63a,0xa63a,0xa63a,0xa63a,0xa63a,0xa63a,0xa63a,0xa63a,
0xa63a,0xa619,0xa619,0xa619,0x9e19,0x9e19,0x9e19,0x9df9,0x9df9,0x9df9,0x9e19,0x9e19,0x9e19,0x9dd9,0x9dd9,0x9dd9,0x9df9,0x9df9,0x9df9,0x9e19,0x9e19,0x9e19,0x9df9,0x9df9,
0x9df9,0x9e19,0x9e19,0x9e19,0x95d9,0x95d9,0x95d9,0x95d9,0x95d9,0x95d9,0x95d9,0x95d9,0x95d9,0x9df9,0x9df9,0x9df9,0x95d8,0x95d8,0x95d8,0x95d9,0x95d9,0x95d9,0x95f9,0x95f9,
0x95f9,0x8dd9,0x8db8,0x8db8,0x8db8,0x8db8,0x8db8,0x8db8,0x8d98,0x8d98,0x8db8,0x8db8,0x8db8,0x8db8,0x8598,0x8598,0x8598,0x8577,0x8577,0x8578,0x8598,0x8598,0x8598,0x7d57,
0x7d57,0x7d57,0x7d57,0x7d57,0x7d57,0x7d78,0x7d78,0x7d78,0x7d57,0x7d57,0x7d57,0x7d57,0x7d57,0x7d57,0x7d57,0x7d57,0x7d57,0x7537,0x7537,0x7537,0x7537,0x7537,0x7537,0x7d57,
0x7d57,0x7d57,0x7537,0x7537,0x7537,0x7d77,0x7d77,0x7d77,0x7d57,0x7d57,0x7d57,0x7d77,0x7d77,0x7d77,0x7d57,0x7d57,0x7d57,0x7d57,0x7d57,0x7d57,0x8578,0x8598,0x8598,0x8598,
0x8598,0x8598,0x8598,0x8598,0x8598,0x85b8,0x8db8,0x8db8,0x8598,0x8577,0x8577,0x8598,0x8598,0x8598,0x8598,0x8598,0x8598,0x8598,0x8598,0x8598,0x8598,0x8577,0x8577,0x8577,
0x8577,0x8577,0x8577,0x8578,0x8578,0x8578,0x8577,0x8577,0x8577,0x8598,0x8598,0x8598,0x8577,0x8577,0x8577,0x8598,0x8598,0x8598,0x8598,0x8598,0x8598,0x8598,0x8598,0x8598,
0x8598,0x8598,0x8598,0x8577,0x8577,0x8577,0x8598,0x8598,0x8598,0x8db8,0x8db8,0x8db8,0x8db8,0x8db8,0x8db8,0x95d9,0x95d9,0x95d9,0x95d9,0x95d9,0x95d9,0x95d9,0x95d8,0x95d8,
0x95d9,0x95d9,0x95d9,0x95f9,0x95f9,0x95f9,0x95f9,0x95d8,0x95d8,0x95f9,0x9df9,0x9df9,0x9e19,0x9e19,0x9e19,0x9e19,0x9e19,0x9e19,0x9e19,0xa619,0xa619,0xa619,0xa619,0xa619,
0xa619,0xa63a,0xa63a,0xa63a,0xae5a,0xae5a,0xae5a,0xae5a,0xae5a,0xae5a,0xb69a,0xbebb,0xcedb,0xdf1c,0xe73c,0xf75c,0xff9d,0xef7d,0xdf3c,0xd71b,0xc6db,0xbe9a,0xa63a,0xa63a,
0xa63a,0xa639,0xa639,0xa639,0xae3a,0xae3a,0xae3a,0xae5a,0xae5a,0xae5a,0xae3a,0xae3a,0xae3a,0xa63a,0xa63a,0xa63a,0xa61a,0xa619,0xa619,0xae3a,0xae5a,0xae5a,0xa65a,0xa63a,
0xa63a,0xa63a,0xa63a,0xa63a,0xa63a,0xa639,0xa639,0xa63a,0xa63a,0xa63a,0xa63a,0xa63a,0xa63a,0xa63a,0xa63a,0xa63a,0xa63a,0xa619,0xa619,0xa619,0x9e19,0x9e19,0x9e19,0x9df9,
0x9df9,0x9df9,0x9e19,0x9e19,0x9e19,0x9dd9,0x9dd9,0x9dd9,0x9df9,0x9df9,0x9df9,0x9e19,0x9e19,0x9e19,0x9df9,0x9df9,0x9df9,0x9e19,0x9e19,0x9e19,0x95d9,0x95d9,0x95d9,0x95d9,
0x95d9,0x95d9,0x95d9,0x95d9,0x95d9,0x9df9,0x9df9,0x9df9,0x95d8,0x95d8,0x95d8,0x95d9,0x95d9,0x95d9,0x95f9,0x95f9,0x9619,0x8dd9,0x8db8,0x8db8,0x8db8,0x8db8,0x8db8,0x8db8,
0x8d98,0x8d98,0x8db8,0x8db8,0x8db8,0x8db8,0x8598,0x8598,0x8598,0x8577,0x8577,0x8578,0x8598,0x8598,0x8598,0x7d57,0x7d57,0x7d57,0x7d57,0x7d57,0x7d57,0x7d78,0x7d78,0x7d78,
0x7d57,0x7d57,0x7d57,0x7d57,0x7d57,0x7d57,0x7d57,0x7d57,0x7d57,0x7537,0x7537,0x7537,0x7537,0x7537,0x7537,0x7d57,0x7d57,0x7d57,0x7537,0x7537,0x7537,0x7d77,0x7d77,0x7d77,
0x7d57,0x7d57,0x7d57,0x7d77,0x7d77,0x7d77,0x7d57,0x7d57,0x7d57,0x7d57,0x7d57,0x7d57,0x8578,0x8598,0x8598,0x8598,0x8598,0x8598,0x8598,0x8598,0x8598,0x85b8,0x8db8,0x8db8,
0x8598,0x8577,0x8577,0x8598,0x8598,0x8598,0x8598,0x8598,0x8598,0x8598,0x8598,0x8598,0x8598,0x8577,0x8577,0x8577,0x8577,0x8577,0x8577,0x8578,0x8578,0x8578,0x8577,0x8577,
0x8577,0x8598,0x8598,0x8598,0x8577,0x8577,0x8577,0x8598,0x8598,0x8598,0x8598,0x8598,0x8598,0x8598,0x8598,0x8598,0x8598,0x8598,0x8598,0x8577,0x8577,0x8577,0x8598,0x8598,
0x8598,0x8db8,0x8db8,0x8db8,0x8db8,0x8db8,0x8db8,0x95d9,0x95d9,0x95d9,0x95d9,0x95d9,0x95d9,0x95d9,0x95d8,0x95d8,0x95d9,0x95d9,0x95d9,0x95f9,0x95f9,0x95f9,0x95f9,0x95d8,
0x95d8,0x95f9,0x9df9,0x9df9,0x9e19,0x9e19,0x9e19,0x9e19,0x9e19,0x9e19,0x9e19,0xa619,0xa619,0xa619,0xa619,0xa619,0xa619,0xa63a,0xa63a,0xa63a,0xae5a,0xae5a,0xae5a,0xae5a,
0xae5a,0xae5a,0xb69a,0xbebb,0xcedb,0xdf1c,0xef3c,0xf75c,0xff9d,0xef7d,0xdf3c,0xd71b,0xc6db,0xbe9a,0xa63a,0xa63a,0xa63a,0xa63a,0xa63a,0xa63a,0xae3a,0xae3a,0xae3a,0xae5a,
0xae5a,0xae5a,0xae3a,0xae3a,0xae3a,0xa63a,0xa63a,0xa63a,0xa63a,0xa61a,0xa619,0xa63a,0xae5a,0xae5a,0xa63a,0xa63a,0xa63a,0xa63a,0xa63a,0xa63a,0xa63a,0xa639,0xa639,0xa63a,
0xa63a,0xa63a,0xa63a,0xa63a,0xa63a,0xa63a,0xa63a,0xa63a,0xa63a,0xa619,0xa619,0xa619,0x9e19,0x9e19,0x9e19,0x9df9,0x9df9,0x9e19,0x9e19,0x9e19,0x9e19,0x9df9,0x9df9,0x9df9,
0x9df9,0x9df9,0x9df9,0x9e19,0x9e19,0x9e19,0x9df9,0x9df9,0x9df9,0x9e19,0x9e19,0x9e19,0x95f9,0x95f9,0x95f9,0x95f9,0x95d9,0x95d9,0x95d9,0x95d9,0x95d9,0x9df9,0x9df9,0x9df9,
0x95d9,0x95d9,0x95d8,0x95d9,0x95d9,0x95d9,0x95d9,0x95d9,0x95f9,0x95d9,0x8db8,0x8db9,0x8db8,0x8db8,0x8db8,0x8db8,0x8d98,0x8d98,0x8db8,0x8db8,0x8db8,0x8598,0x8598,0x8598,
0x8598,0x8577,0x8578,0x8598,0x8598,0x8598,0x8598,0x7d57,0x7d57,0x7d57,0x7d57,0x7d57,0x7d57,0x7d78,0x7d78,0x7d78,0x7d57,0x7d57,0x7d57,0x7d57,0x7d57,0x7d57,0x7d57,0x7d57,
0x7d57,0x7557,0x7557,0x7557,0x7537,0x7537,0x7537,0x7d57,0x7d57,0x7d57,0x7557,0x7558,0x7558,0x7d77,0x7d77,0x7d77,0x7d77,0x7d58,0x7d58,0x7d77,0x7d77,0x7d77,0x7d77,0x7d58,
0x7d58,0x7d78,0x7d78,0x7d77,0x8578,0x8598,0x8598,0x8598,0x8598,0x8598,0x8598,0x8598,0x8598,0x8598,0x8db8,0x8db8,0x8598,0x8577,0x8577,0x8598,0x8598,0x8598,0x8598,0x8598,
0x8598,0x8598,0x8598,0x8598,0x8598,0x8577,0x8578,0x8578,0x8578,0x8578,0x8578,0x8578,0x8578,0x8578,0x8578,0x8578,0x8598,0x8598,0x8598,0x8598,0x8578,0x8578,0x8578,0x8598,
0x8598,0x8598,0x8598,0x8598,0x8598,0x8598,0x8598,0x8598,0x8598,0x8598,0x8598,0x8598,0x8578,0x8578,0x8598,0x8598,0x8598,0x8db8,0x8db8,0x8db8,0x8db8,0x8db8,0x8db8,0x8dd9,
0x95d9,0x95d9,0x95d9,0x95d9,0x95d9,0x95d9,0x95d9,0x95d8,0x95d9,0x95d9,0x95d9,0x95f9,0x95f9,0x95f9,0x95f9,0x95d8,0x95d8,0x95f9,0x9e19,0x9df9,0x9e19,0x9e1a,0x9e1a,0x9e19,
0x9e19,0x9e19,0x9e19,0xa61a,0xa61a,0xa63a,0xa63a,0xa63a,0xa63a,0xa63a,0xa63a,0xa63a,0xae5a,0xae5a,0xae5a,0xae5a,0xae5a,0xae5a,0xb69a,0xbebb,0xcedb,0xdf1c,0xe73c,0xef5c,
0xff9d,0xef7d,0xdf3c,0xd71b,0xc6db,0xbe9a,0xa63a,0xa63a,0xa63a,0xa63a,0xa63a,0xa63a,0xae3a,0xae3a,0xae3a,0xa63a,0xa63a,0xa63a,0xa639,0xa639,0xa639,0xa63a,0xa63a,0xa63a,
0xa63a,0xa63a,0xa63a,0xa63a,0xa639,0xa639,0xa639,0xa619,0xa619,0xa63a,0xa63a,0xa63a,0xa63a,0xa63a,0xa63a,0xa63a,0xa63a,0xa63a,0xa63a,0xa63a,0xa63a,0xa63a,0xa63a,0xa63a,
0xa63a,0xa619,0xa619,0xa619,0xa619,0xa619,0xa619,0xa619,0xa619,0xa619,0x9e19,0x9e19,0x9e19,0x9e19,0x9e19,0x9e19,0x9e19,0x9e19,0x9e19,0x9e19,0x9e19,0x9e19,0x9e19,0x9e19,
0x9e19,0x9df9,0x9df9,0x9df9,0x9e19,0x9e19,0x9e19,0x9e19,0x9df9,0x9df9,0x9df9,0x9df9,0x9df9,0x95d8,0x95d8,0x95d8,0x95d9,0x95d9,0x95d9,0x95d8,0x95d8,0x95d8,0x95b8,0x95b8,
0x95b8,0x95d9,0x95d9,0x95d9,0x8dd9,0x8dd8,0x8dd8,0x8dd8,0x8db8,0x8db8,0x85b8,0x8598,0x8598,0x8598,0x8577,0x8577,0x8598,0x8598,0x8598,0x8598,0x8598,0x8598,0x8598,0x7d57,
0x7d57,0x7d57,0x7d57,0x7d57,0x7d57,0x8578,0x8578,0x8578,0x7d57,0x7d57,0x7d57,0x7d77,0x7d77,0x7d77,0x7d77,0x7d77,0x7d77,0x7d77,0x7d77,0x7d77,0x7d57,0x7d57,0x7d57,0x7d77,
0x7d77,0x7d77,0x7d78,0x7d78,0x7d78,0x7d57,0x7d57,0x7d57,0x8578,0x8578,0x8578,0x7d77,0x7d77,0x7d77,0x8578,0x8578,0x8578,0x8598,0x8598,0x8598,0x8578,0x8577,0x8577,0x8577,
0x8577,0x8577,0x8598,0x8598,0x8598,0x8598,0x8598,0x8598,0x8598,0x8598,0x8598,0x8598,0x8598,0x8598,0x8598,0x8578,0x8578,0x8578,0x8598,0x8598,0x8598,0x8598,0x8598,0x8598,
0x8598,0x8598,0x8598,0x8578,0x8578,0x8578,0x8598,0x8598,0x8598,0x8598,0x8598,0x8598,0x8578,0x8578,0x8578,0x8598,0x8598,0x8598,0x8598,0x8598,0x8598,0x8598,0x8598,0x8598,
0x8577,0x8577,0x8577,0x8598,0x8598,0x8598,0x8db8,0x8db8,0x8db8,0x8db8,0x8db8,0x8db8,0x8d98,0x8d98,0x8d98,0x8db8,0x8db8,0x8db8,0x95d9,0x95d9,0x95d9,0x95d9,0x95d9,0x95d9,
0x95d9,0x95d9,0x95d9,0x95f9,0x95f9,0x95f9,0x95f9,0x95d8,0x95d8,0x95f9,0x9e19,0x9e19,0x9e1a,0xa61a,0xa61a,0xa61a,0x9e19,0x9e19,0x9e19,0xa63a,0xa63a,0xa63a,0xa65a,0xa65a,
0xa65a,0xa639,0xa639,0xa639,0xa639,0xa639,0xa639,0xae5a,0xae5a,0xae5a,0xb69a,0xbebb,0xcedb,0xd71b,0xdf3c,0xe75c,0xff9d,0xef7d,0xdf3c,0xd71b,0xc6db,0xbe9a,0xa63a,0xa63a,
0xa63a,0xa63a,0xa63a,0xa63a,0xae3a,0xae3a,0xae3a,0xa63a,0xa63a,0xa63a,0xa639,0xa639,0xa639,0xa63a,0xa63a,0xa63a,0xa63a,0xa63a,0xa63a,0xa63a,0xa639,0xa639,0xa639,0xa619,
0xa619,0xa63a,0xa63a,0xa63a,0xa63a,0xa63a,0xa63a,0xa63a,0xa63a,0xa63a,0xa63a,0xa63a,0xa63a,0xa63a,0xa63a,0xa63a,0xa63a,0xa619,0xa619,0xa619,0xa619,0xa619,0xa619,0xa619,
0xa619,0xa619,0x9e19,0x9e19,0x9e19,0x9e19,0x9e19,0x9e19,0x9e19,0x9e19,0x9e19,0x9e19,0x9e19,0x9e19,0x9e19,0x9e19,0x9e19,0x9df9,0x9df9,0x9df9,0x9e19,0x9e19,0x9e19,0x9df9,
0x9df9,0x9df9,0x9df9,0x9df9,0x9df9,0x95d8,0x95d8,0x95d8,0x95d9,0x95d9,0x95d9,0x95d8,0x95d8,0x95d8,0x95b8,0x95b8,0x95b8,0x95d9,0x95d9,0x95d9,0x8dd9,0x8dd8,0x8dd8,0x8dd8,
0x8db8,0x8db8,0x85b8,0x8598,0x8598,0x8598,0x8577,0x8577,0x8598,0x8598,0x8598,0x8598,0x8598,0x8598,0x8598,0x7d57,0x7d57,0x7d57,0x7d57,0x7d57,0x7d57,0x8578,0x8578,0x8578,
0x7d57,0x7d57,0x7d57,0x7d77,0x7d77,0x7d77,0x7d77,0x7d77,0x7d77,0x7d77,0x7d77,0x7d77,0x7d57,0x7d57,0x7d57,0x7d77,0x7d77,0x7d77,0x7d78,0x7d78,0x7d78,0x7d57,0x7d57,0x7d57,
0x8578,0x8578,0x8578,0x7d77,0x7d77,0x7d77,0x8578,0x8578,0x8578,0x8598,0x8598,0x8598,0x8578,0x8577,0x8577,0x8577,0x8577,0x8577,0x8598,0x8598,0x8598,0x8598,0x8598,0x8598,
0x8598,0x8598,0x8598,0x8598,0x8598,0x8598,0x8598,0x8578,0x8578,0x8578,0x8598,0x8598,0x8598,0x8598,0x8598,0x8598,0x8598,0x8598,0x8598,0x8578,0x8578,0x8578,0x8598,0x8598,
0x8598,0x8598,0x8598,0x8598,0x8578,0x8578,0x8578,0x8598,0x8598,0x8598,0x8598,0x8598,0x8598,0x8598,0x8598,0x8598,0x8577,0x8577,0x8577,0x8598,0x8598,0x8598,0x8db8,0x8db8,
0x8db8,0x8db8,0x8db8,0x8db8,0x8d98,0x8d98,0x8d98,0x8db8,0x8db8,0x8db8,0x95d9,0x95d9,0x95d9,0x95d9,0x95d9,0x95d9,0x95d9,0x95d9,0x95d9,0x95f9,0x95f9,0x95f9,0x95f9,0x95d8,
0x95d8,0x95f9,0x9e19,0x9e19,0x9e1a,0xa61a,0xa61a,0xa61a,0x9e19,0x9e19,0x9e19,0xa63a,0xa63a,0xa63a,0xa65a,0xa65a,0xa65a,0xa639,0xa639,0xa639,0xa639,0xa639,0xa639,0xae5a,
0xae5a,0xae5a,0xb69a,0xbebb,0xcedb,0xd71b,0xdf3c,0xef5c,0xff9d,0xef7d,0xdf3c,0xd6fb,0xc6db,0xbe9a,0xae5a,0xa63a,0xa63a,0xa63a,0xa63a,0xa63a,0xae3a,0xae3a,0xae3a,0xa63a,
0xa63a,0xa63a,0xa63a,0xa639,0xa639,0xa63a,0xa63a,0xa63a,0xa63a,0xa63a,0xa63a,0xa63a,0xa639,0xa639,0xa639,0xa639,0xa639,0xa63a,0xa63a,0xa63a,0xa63a,0xa63a,0xa63a,0xa63a,
0xa63a,0xa63a,0xa63a,0xa63a,0xa63a,0xa63a,0xa63a,0xa63a,0xa63a,0xa619,0xa619,0xa619,0xa619,0xa619,0xa619,0xa619,0xa619,0xa619,0x9e19,0x9e19,0x9e19,0x9e19,0x9e19,0x9e19,
0x9e19,0x9e19,0x9e19,0x9e19,0x9e19,0x9e19,0x9e19,0x9e19,0x9e19,0x9df9,0x9df9,0x9df9,0x9e19,0x9e19,0x9e19,0x9e19,0x9df9,0x9df9,0x9df9,0x9df9,0x9df9,0x9df9,0x95f8,0x95f8,
0x95d9,0x95d9,0x95d9,0x95d9,0x95d8,0x95d8,0x95d8,0x95d8,0x95d8,0x95d9,0x95d9,0x95d9,0x8dd8,0x8dd8,0x8dd8,0x8dd8,0x8db9,0x8db9,0x8db8,0x8598,0x8598,0x8598,0x8597,0x8597,
0x8598,0x8598,0x8598,0x8598,0x8598,0x8598,0x8598,0x7d77,0x7d77,0x7d77,0x7d77,0x7d77,0x7d78,0x8578,0x8578,0x8578,0x7d57,0x7d57,0x7d77,0x7d77,0x7d77,0x7d77,0x7d77,0x7d77,
0x7d77,0x7d77,0x7d77,0x7d77,0x7d57,0x7d57,0x7d57,0x7d77,0x7d77,0x7d77,0x7d78,0x7d78,0x7d78,0x7d78,0x7d57,0x7d57,0x8578,0x8578,0x8578,0x7d77,0x7d77,0x7d77,0x8578,0x8578,
0x8578,0x8578,0x8598,0x8578,0x8578,0x8577,0x8578,0x8577,0x8577,0x8577,0x8598,0x8598,0x8598,0x8598,0x8598,0x8598,0x8598,0x8598,0x8598,0x8598,0x8598,0x8598,0x8598,0x8578,
0x8578,0x8598,0x8598,0x8598,0x8598,0x8598,0x8598,0x8598,0x8598,0x8598,0x8598,0x8578,0x8578,0x8578,0x8598,0x8598,0x8598,0x8598,0x8598,0x8598,0x8578,0x8578,0x8578,0x8598,
0x8598,0x8598,0x8598,0x8598,0x8598,0x8598,0x8598,0x8598,0x8578,0x8577,0x8577,0x8598,0x8598,0x8598,0x8db8,0x8db8,0x8db8,0x8db8,0x8db8,0x8db8,0x8d98,0x8d98,0x8d98,0x8db8,
0x8db8,0x8db8,0x8dd9,0x95d9,0x95d9,0x95d9,0x95d9,0x95d9,0x95d9,0x95d9,0x95d9,0x95f9,0x95f9,0x95f9,0x95f9,0x95d8,0x95d8,0x9df9,0x9e19,0x9e19,0x9e19,0xa61a,0xa61a,0xa61a,
0x9e19,0x9e19,0x9e19,0xa63a,0xa63a,0xa63a,0xa65a,0xa65a,0xa63a,0xa639,0xa639,0xa639,0xa639,0xa639,0xa63a,0xae5a,0xae5a,0xae5a,0xb69a,0xbebb,0xcedb,0xd71b,0xdf3c,0xef5c,
0xff9d,0xef7d,0xdf3c,0xd6fb,0xc6bb,0xb67a,0xae5a,0xae5a,0xae5a,0xae5a,0xae5a,0xae5a,0xa63a,0xa63a,0xa63a,0xae3a,0xae3a,0xae3a,0xa63a,0xa63a,0xa63a,0xae5a,0xae5a,0xae5a,
0xa63a,0xa63a,0xa63a,0xa63a,0xa63a,0xa63a,0xae5a,0xae5a,0xae5a,0xae5a,0xa63a,0xa63a,0xa63a,0xa63a,0xa63a,0xa63a,0xa63a,0xa63a,0xa63a,0xa63a,0xa63a,0xa63a,0xa63a,0xa63a,
0xa63a,0xa63a,0xa63a,0xa63a,0x9e19,0x9e19,0x9e19,0x9df9,0x9df9,0x9df9,0x9e19,0x9e19,0x9e19,0x9e19,0x9e19,0x9e19,0x9df9,0x9df9,0x9df9,0x9e19,0x9e19,0x9e19,0x9e19,0x9e19,
0x9e19,0x9e19,0x9e19,0x9e19,0x9df9,0x9df9,0x9df9,0x9e19,0x9e19,0x9e19,0x9df9,0x9df9,0x9df9,0x9e19,0x9e19,0x9e19,0x95f9,0x95f9,0x95f9,0x9df9,0x9df9,0x9df9,0x95f9,0x95f9,
0x9619,0x8dd9,0x8db8,0x8db8,0x8db8,0x8db8,0x8db8,0x8dd9,0x8dd9,0x8dd9,0x8dd9,0x8db8,0x8db8,0x8db8,0x8db8,0x8db8,0x8db8,0x8d98,0x8d98,0x8d98,0x8577,0x8577,0x8577,0x8598,
0x8598,0x8598,0x8598,0x8598,0x8598,0x8577,0x8577,0x8577,0x8578,0x8578,0x8578,0x7d77,0x7d77,0x7d77,0x8578,0x8578,0x8578,0x8578,0x8578,0x8578,0x7d57,0x7d57,0x7d57,0x8578,
0x8578,0x8578,0x7d77,0x7d77,0x7d77,0x8578,0x8578,0x8578,0x7d57,0x7d57,0x7d57,0x7d77,0x7d77,0x7d77,0x8577,0x8577,0x8577,0x7d57,0x7d57,0x7d57,0x8578,0x8598,0x8598,0x8598,
0x8577,0x8577,0x8598,0x8598,0x8598,0x8598,0x8598,0x8598,0x8598,0x8598,0x8598,0x8598,0x8598,0x8598,0x8598,0x8598,0x8598,0x8598,0x8598,0x8598,0x8598,0x8598,0x8598,0x8598,
0x8577,0x8577,0x8577,0x8577,0x8577,0x8577,0x8577,0x8577,0x8577,0x8578,0x8578,0x8578,0x8577,0x8577,0x8577,0x8577,0x8577,0x8577,0x8577,0x8577,0x8577,0x8598,0x8598,0x8598,
0x8598,0x8598,0x8598,0x8598,0x8598,0x8598,0x8598,0x8598,0x8598,0x8db8,0x8db8,0x8db8,0x8d98,0x8d98,0x8d98,0x8db8,0x8db8,0x8db8,0x8db8,0x8db8,0x8db8,0x8db8,0x8db8,0x8db8,
0x95d8,0x95d8,0x95d8,0x95f9,0x95f9,0x95f9,0x9df9,0x9df9,0x9df9,0x9df9,0x9df9,0x9df9,0x9df9,0x9df9,0x9df9,0x9df9,0x9e19,0x9e19,0x9e19,0x9e19,0x9e19,0x9e19,0xa619,0xa619,
0xa619,0xa63a,0xa63a,0xa63a,0xa63a,0xa63a,0xa63a,0xa63a,0xa63a,0xa63a,0xb67a,0xbe9b,0xcebb,0xd6fb,0xdf3c,0xef5c,0xff9d,0xef7d,0xdf3c,0xd6fb,0xc6bb,0xb67a,0xae5a,0xae5a,
0xae5a,0xae5a,0xae5a,0xae5a,0xa63a,0xa63a,0xa63a,0xae3a,0xae3a,0xae3a,0xa63a,0xa63a,0xa63a,0xae5a,0xae5a,0xae5a,0xa63a,0xa63a,0xa63a,0xa63a,0xa63a,0xa63a,0xae5a,0xae5a,
0xae5a,0xae5a,0xa63a,0xa63a,0xa63a,0xa63a,0xa63a,0xa63a,0xa63a,0xa63a,0xa63a,0xa63a,0xa63a,0xa63a,0xa63a,0xa63a,0xa63a,0xa63a,0xa63a,0xa63a,0x9e19,0x9e19,0x9e19,0x9df9,
0x9df9,0x9df9,0x9e19,0x9e19,0x9e19,0x9e19,0x9e19,0x9e19,0x9df9,0x9df9,0x9df9,0x9e19,0x9e19,0x9e19,0x9e19,0x9e19,0x9e19,0x9e19,0x9e19,0x9e19,0x9df9,0x9df9,0x9df9,0x9e19,
0x9e19,0x9e19,0x9df9,0x9df9,0x9df9,0x9e19,0x9e19,0x9e19,0x95f9,0x95f9,0x95f9,0x9df9,0x9df9,0x9df9,0x95f9,0x95f9,0x95f9,0x8dd9,0x8db8,0x8db8,0x8db8,0x8db8,0x8db8,0x8dd9,
0x8dd9,0x8dd9,0x8dd9,0x8db8,0x8db8,0x8db8,0x8db8,0x8db8,0x8db8,0x8d98,0x8d98,0x8d98,0x8577,0x8577,0x8577,0x8598,0x8598,0x8598,0x8598,0x8598,0x8598,0x8577,0x8577,0x8577,
0x8578,0x8578,0x8578,0x7d77,0x7d77,0x7d77,0x8578,0x8578,0x8578,0x8578,0x8578,0x8578,0x7d57,0x7d57,0x7d57,0x8578,0x8578,0x8578,0x7d77,0x7d77,0x7d77,0x8578,0x8578,0x8578,
0x7d57,0x7d57,0x7d57,0x7d77,0x7d77,0x7d77,0x8577,0x8577,0x8577,0x7d57,0x7d57,0x7d57,0x8578,0x8598,0x8598,0x8598,0x8577,0x8577,0x8598,0x8598,0x8598,0x8598,0x8598,0x8598,
0x8598,0x8598,0x8598,0x8598,0x8598,0x8598,0x8598,0x8598,0x8598,0x8598,0x8598,0x8598,0x8598,0x8598,0x8598,0x8598,0x8577,0x8577,0x8577,0x8577,0x8577,0x8577,0x8577,0x8577,
0x8577,0x8578,0x8578,0x8578,0x8577,0x8577,0x8577,0x8577,0x8577,0x8577,0x8577,0x8577,0x8577,0x8598,0x8598,0x8598,0x8598,0x8598,0x8598,0x8598,0x8598,0x8598,0x8598,0x8598,
0x8598,0x8db8,0x8db8,0x8db8,0x8d98,0x8d98,0x8d98,0x8db8,0x8db8,0x8db8,0x8db8,0x8db8,0x8db8,0x8db8,0x8db8,0x8db8,0x95d8,0x95d8,0x95d8,0x95f9,0x95f9,0x95f9,0x9df9,0x9df9,
0x9df9,0x9df9,0x9df9,0x9df9,0x9df9,0x9df9,0x9df9,0x9df9,0x9e19,0x9e19,0x9e19,0x9e19,0x9e19,0x9e19,0xa619,0xa619,0xa619,0xa63a,0xa63a,0xa63a,0xa63a,0xa63a,0xa63a,0xa63a,
0xa63a,0xa63a,0xb67a,0xbe9b,0xcebb,0xd6fb,0xdf3c,0xef5c,0xff9d,0xef7d,0xdf3c,0xd6fb,0xc6bb,0xb67a,0xae5a,0xae5a,0xae5a,0xae5a,0xae5a,0xae5a,0xa63a,0xa63a,0xa63a,0xae3a,
0xae3a,0xae3a,0xa63a,0xa63a,0xa63a,0xae5a,0xae5a,0xae5a,0xa63a,0xa63a,0xa63a,0xa63a,0xa63a,0xa63a,0xae3a,0xae5a,0xae5a,0xa63a,0xa63a,0xa63a,0xa63a,0xa63a,0xa63a,0xa63a,
0xa63a,0xa63a,0xa63a,0xa63a,0xa63a,0xa63a,0xa63a,0xa63a,0xa63a,0xa63a,0xa63a,0xa63a,0x9e19,0x9e19,0x9e19,0x9e19,0x9e19,0x9e19,0x9e19,0x9e19,0x9e19,0x9e19,0x9e19,0x9e19,
0x9df9,0x9df9,0x9df9,0x9e19,0x9e19,0x9e19,0x9e19,0x9e19,0x9e19,0x9e19,0x9e19,0x9e19,0x9df9,0x9df9,0x9df9,0x9e19,0x9e19,0x9e19,0x9df9,0x9df9,0x9df9,0x9e19,0x9e19,0x9e19,
0x95f9,0x95f9,0x95f9,0x9df9,0x9df9,0x9df9,0x9df9,0x95f9,0x95f9,0x95d9,0x8db8,0x8db8,0x8db8,0x8db8,0x8db8,0x8dd9,0x8dd9,0x8dd9,0x8dd9,0x8db8,0x8db8,0x8db8,0x8db8,0x8db8,
0x8db8,0x8d98,0x8d98,0x8d98,0x8577,0x8577,0x8577,0x8598,0x8598,0x8598,0x8598,0x8598,0x8598,0x8577,0x8577,0x8577,0x8578,0x8578,0x8578,0x7d77,0x7d77,0x7d77,0x8578,0x8578,
0x8578,0x8578,0x8578,0x8578,0x7d57,0x7d57,0x7d57,0x8578,0x8578,0x8578,0x7d77,0x7d77,0x7d77,0x8578,0x8578,0x8578,0x7d77,0x7d77,0x7d77,0x7d77,0x7d77,0x7d77,0x8577,0x8577,
0x8577,0x7d77,0x7d57,0x7d57,0x8578,0x8598,0x8598,0x8577,0x8577,0x8577,0x8578,0x8598,0x8598,0x8598,0x8598,0x8598,0x8598,0x8598,0x8598,0x8598,0x8598,0x8598,0x8598,0x8598,
0x8598,0x8598,0x8598,0x8598,0x8598,0x8598,0x8598,0x8598,0x8577,0x8577,0x8577,0x8577,0x8577,0x8577,0x8577,0x8577,0x8578,0x8578,0x8578,0x8578,0x8577,0x8577,0x8577,0x8577,
0x8577,0x8577,0x8577,0x8577,0x8577,0x8598,0x8598,0x8598,0x8598,0x8598,0x8598,0x8598,0x8598,0x8598,0x8598,0x8598,0x8598,0x8db8,0x8db8,0x8db8,0x8db8,0x8d98,0x8d98,0x8db8,
0x8db8,0x8db8,0x8db8,0x8db8,0x8db8,0x8db8,0x8db8,0x8db8,0x95d8,0x95d8,0x95d8,0x95f9,0x95f9,0x95f9,0x9df9,0x9df9,0x9df9,0x9df9,0x9df9,0x9df9,0x9df9,0x9df9,0x9df9,0x9df9,
0x9e19,0x9e19,0x9e19,0x9e19,0x9e19,0x9e19,0xa619,0xa619,0xa619,0xa63a,0xa63a,0xa63a,0xa63a,0xa63a,0xa63a,0xa63a,0xa63a,0xae5a,0xb67a,0xbe9b,0xcebb,0xd6fb,0xdf3c,0xef5c,
0xff9d,0xef7d,0xdf3c,0xd6fb,0xc6db,0xbeba,0xae5a,0xae5a,0xae5a,0xae3a,0xae3a,0xae3a,0xae5a,0xae5a,0xae5a,0xa63a,0xa63a,0xa63a,0xae5a,0xae5a,0xae5a,0xa63a,0xa63a,0xa63a,
0xa61a,0xa619,0xa619,0xa619,0xa619,0xa619,0xa619,0xa619,0xa619,0xa619,0xa619,0xa619,0xa63a,0xa63a,0xa63a,0xa63a,0xa619,0xa619,0xa63a,0xa63a,0xa63a,0xa63a,0xa619,0xa619,
0xa619,0xa619,0xa619,0xa619,0x9e19,0x9e19,0x9e19,0xa63a,0xa63a,0xa63a,0xa619,0xa619,0xa619,0xa619,0xa619,0xa619,0x9df9,0x9df9,0x9df9,0xa63a,0xa63a,0xa63a,0x9df9,0x9df9,
0x9df9,0xa619,0xa619,0xa619,0x9e19,0x9e19,0x9e19,0x9df9,0x9df9,0x9df9,0x9e19,0x9e19,0x9e19,0x9e19,0x9e19,0x9e19,0x95f9,0x95d9,0x95d9,0x9df9,0x9df9,0x9df9,0x9df9,0x9df9,
0x9df9,0x9df9,0x95d8,0x95d8,0x8dd8,0x8db8,0x8db8,0x95d9,0x95d9,0x95d9,0x95b9,0x8d98,0x8d98,0x8d98,0x8d98,0x8d98,0x8db8,0x8db8,0x8db8,0x8d98,0x8577,0x8577,0x8577,0x8598,
0x8598,0x8598,0x8598,0x8598,0x8598,0x8577,0x8577,0x8577,0x8578,0x8578,0x8578,0x8577,0x8577,0x8577,0x7d77,0x7d77,0x7d77,0x8598,0x8598,0x8598,0x8578,0x8578,0x8578,0x8577,
0x8577,0x8577,0x8598,0x8598,0x8598,0x8577,0x8577,0x8577,0x8598,0x8598,0x8598,0x8577,0x8577,0x8577,0x8598,0x8598,0x8598,0x8577,0x8577,0x8577,0x8577,0x8577,0x8577,0x7d77,
0x7d57,0x7d57,0x8578,0x8578,0x8578,0x8598,0x8598,0x8598,0x8598,0x8577,0x8577,0x8577,0x8577,0x8577,0x8598,0x8598,0x8598,0x8598,0x8577,0x8577,0x8577,0x8598,0x8598,0x8598,
0x8598,0x8598,0x8598,0x8577,0x8577,0x8577,0x8578,0x8578,0x8578,0x8598,0x8598,0x8598,0x8577,0x8577,0x8577,0x8598,0x8598,0x8598,0x8577,0x8577,0x8577,0x8598,0x8598,0x8598,
0x8598,0x8598,0x8598,0x8598,0x8598,0x8598,0x8598,0x8598,0x8598,0x8db8,0x8db8,0x8db8,0x8db8,0x8db8,0x8db8,0x95d9,0x95d9,0x95d9,0x95d9,0x95d9,0x95d9,0x95d9,0x95d9,0x95d9,
0x95d9,0x95d8,0x95d8,0x95d9,0x95d9,0x95d9,0x9df9,0x9df9,0x9df9,0x9df9,0x95d9,0x95d9,0x95d9,0x95d9,0x95d9,0x95f9,0x9e19,0x9e19,0x9e19,0x9e19,0x9e19,0x9e19,0xa619,0xa619,
0xa619,0xa63a,0xa63a,0xa63a,0xa63a,0xa63a,0xa63a,0xae5a,0xae5a,0xae5a,0xb67a,0xbe9b,0xcebb,0xd6fb,0xdf3c,0xef5c,0xff9d,0xef7d,0xdf3c,0xd6fb,0xc6db,0xbeba,0xae5a,0xae5a,
0xae5a,0xae3a,0xae3a,0xae3a,0xae5a,0xae5a,0xae5a,0xa63a,0xa63a,0xa63a,0xae5a,0xae5a,0xae5a,0xa63a,0xa63a,0xa63a,0xa61a,0xa619,0xa619,0xa619,0xa619,0xa619,0xa619,0xa619,
0xa619,0xa619,0xa619,0xa619,0xa63a,0xa63a,0xa63a,0xa63a,0xa619,0xa619,0xa63a,0xa63a,0xa63a,0xa63a,0xa619,0xa619,0xa619,0xa619,0xa619,0xa619,0x9e19,0x9e19,0x9e19,0xa63a,
0xa63a,0xa63a,0xa619,0xa619,0xa619,0xa619,0xa619,0xa619,0x9df9,0x9df9,0x9df9,0xa63a,0xa63a,0xa63a,0x9df9,0x9df9,0x9df9,0xa619,0xa619,0xa619,0x9e19,0x9e19,0x9e19,0x9df9,
0x9df9,0x9df9,0x9e19,0x9e19,0x9e19,0x9e19,0x9e19,0x9e19,0x95f9,0x95d9,0x95d9,0x9df9,0x9df9,0x9df9,0x9df9,0x9df9,0x9df9,0x95f9,0x95d8,0x95d8,0x8dd8,0x8db8,0x8db8,0x95d9,
0x95d9,0x95d9,0x95b9,0x8d98,0x8d98,0x8d98,0x8d98,0x8d98,0x8db8,0x8db8,0x8db8,0x8d98,0x8577,0x8577,0x8577,0x8598,0x8598,0x8598,0x8598,0x8598,0x8598,0x8577,0x8577,0x8577,
0x8578,0x8578,0x8578,0x8577,0x8577,0x8577,0x7d77,0x7d77,0x7d77,0x8598,0x8598,0x8598,0x8578,0x8578,0x8578,0x8577,0x8577,0x8577,0x8598,0x8598,0x8598,0x8577,0x8577,0x8577,
0x8598,0x8598,0x8598,0x8577,0x8577,0x8577,0x8598,0x8598,0x8598,0x8577,0x8577,0x8577,0x8577,0x8577,0x8577,0x7d77,0x7d57,0x7d57,0x8578,0x8578,0x8578,0x8598,0x8598,0x8598,
0x8598,0x8577,0x8577,0x8577,0x8577,0x8577,0x8598,0x8598,0x8598,0x8598,0x8577,0x8577,0x8577,0x8598,0x8598,0x8598,0x8598,0x8598,0x8598,0x8577,0x8577,0x8577,0x8578,0x8578,
0x8578,0x8598,0x8598,0x8598,0x8577,0x8577,0x8577,0x8598,0x8598,0x8598,0x8577,0x8577,0x8577,0x8598,0x8598,0x8598,0x8598,0x8598,0x8598,0x8598,0x8598,0x8598,0x8598,0x8598,
0x8598,0x8db8,0x8db8,0x8db8,0x8db8,0x8db8,0x8db8,0x95d9,0x95d9,0x95d9,0x95d9,0x95d9,0x95d9,0x95d9,0x95d9,0x95d9,0x95d9,0x95d8,0x95d8,0x95d9,0x95d9,0x95d9,0x9df9,0x9df9,
0x9df9,0x9df9,0x95d9,0x95d9,0x95d9,0x95d9,0x95d9,0x95f9,0x9e19,0x9e19,0x9e19,0x9e19,0x9e19,0x9e19,0xa619,0xa619,0xa619,0xa63a,0xa63a,0xa63a,0xa63a,0xa63a,0xa63a,0xae5a,
0xae5a,0xae5a,0xb67a,0xbe9b,0xcebb,0xd6fb,0xdf3c,0xef5c,0xff9d,0xef7d,0xdf3c,0xd6fb,0xc6db,0xbeba,0xae5a,0xae5a,0xae5a,0xae5a,0xae3a,0xae3a,0xae5a,0xae5a,0xae5a,0xa63a,
0xa63a,0xa63a,0xae5a,0xae5a,0xae5a,0xa63a,0xa63a,0xa63a,0xa63a,0xa619,0xa619,0xa619,0xa619,0xa619,0xa619,0xa619,0xa619,0xa619,0xa639,0xa639,0xa63a,0xa63a,0xa63a,0xa63a,
0xa619,0xa619,0xa639,0xa63a,0xa63a,0xa63a,0xa619,0xa619,0xa619,0xa619,0xa619,0xa619,0x9e19,0x9e19,0x9e19,0xa63a,0xa63a,0xa63a,0xa619,0xa619,0xa619,0xa619,0xa619,0xa619,
0x9df9,0x9df9,0x9df9,0xa63a,0xa63a,0xa63a,0x9e19,0x9e19,0x9e19,0xa619,0xa619,0xa619,0x9e19,0x9e19,0x9e19,0x9df9,0x9df9,0x9df9,0x9e19,0x9e19,0x9e19,0x9e19,0x9e19,0x9e19,
0x95f9,0x95f9,0x95f9,0x9df9,0x9df9,0x9df9,0x9df9,0x9df9,0x9df9,0x95f9,0x95d8,0x95d8,0x95d8,0x8db8,0x8db8,0x95d9,0x95d9,0x95d9,0x95b9,0x8d98,0x8d98,0x8d98,0x8d98,0x8d98,
0x8db8,0x8db8,0x8db8,0x8d98,0x8577,0x8577,0x8598,0x8598,0x8598,0x8598,0x8598,0x8598,0x8598,0x8577,0x8577,0x8577,0x8578,0x8578,0x8578,0x8577,0x8577,0x8577,0x7d77,0x7d77,
0x7d77,0x8598,0x8598,0x8598,0x8578,0x8578,0x8578,0x8577,0x8577,0x8577,0x8598,0x8598,0x8598,0x8597,0x8577,0x8577,0x8598,0x8598,0x8598,0x8598,0x8577,0x8577,0x8598,0x8598,
0x8598,0x8598,0x8597,0x8597,0x8577,0x8577,0x8577,0x7d77,0x7d77,0x7d77,0x8578,0x8598,0x8598,0x8598,0x8598,0x8598,0x8598,0x8577,0x8577,0x8577,0x8577,0x8577,0x8598,0x8598,
0x8598,0x8598,0x8577,0x8577,0x8577,0x8598,0x8598,0x8598,0x8598,0x8598,0x8598,0x8577,0x8577,0x8577,0x8578,0x8578,0x8578,0x8598,0x8598,0x8598,0x8577,0x8577,0x8577,0x8598,
0x8598,0x8598,0x8577,0x8577,0x8577,0x8598,0x8598,0x8598,0x8598,0x8598,0x8598,0x8598,0x8598,0x8598,0x8598,0x8598,0x8598,0x8db8,0x8db8,0x8db8,0x8db8,0x8db8,0x8db8,0x95d9,
0x95d9,0x95d9,0x95d9,0x95d9,0x95d9,0x95d9,0x95d9,0x95d9,0x95d9,0x95d8,0x95d8,0x95d9,0x95d9,0x95d9,0x9df9,0x9df9,0x9df9,0x9df9,0x95d9,0x95d9,0x95d9,0x95f9,0x95d9,0x9df9,
0x9e19,0x9e19,0x9e19,0x9e19,0x9e19,0x9e19,0xa619,0xa619,0xa619,0xa63a,0xa63a,0xa63a,0xa63a,0xa63a,0xa63a,0xae5a,0xae5a,0xae5a,0xb67a,0xbe9b,0xc6bb,0xd6fb,0xdf3c,0xef5c,
0xff9d,0xef7d,0xe73c,0xd6fb,0xc6db,0xbeba,0xae5a,0xae5a,0xae5a,0xae5a,0xae5a,0xae5a,0xae5a,0xae5a,0xae5a,0xae3a,0xae3a,0xae3a,0xa639,0xa639,0xa639,0xae5a,0xae5a,0xae5a,
0xa63a,0xa63a,0xa63a,0xa63a,0xa63a,0xa63a,0xa63a,0xa639,0xa639,0xa65a,0xa65a,0xa65a,0xa65a,0xa65a,0xa65a,0xa63a,0xa619,0xa619,0xa619,0x9e19,0x9e19,0x9e19,0xa619,0xa619,
0xa619,0xa63a,0xa63a,0xa63a,0x9e19,0x9e19,0x9e19,0xa63a,0xa63a,0xa63a,0xa619,0xa619,0xa619,0x9df9,0x9df9,0x9df9,0xa619,0xa619,0xa619,0xa619,0xa619,0xa619,0xa63a,0xa63a,
0xa63a,0xa63a,0xa63a,0xa63a,0x9df9,0x9df9,0x9df9,0x9df9,0x9df9,0x9df9,0x9e19,0x9e19,0x9e19,0x9df9,0x9df9,0x9df9,0x9e19,0x9e19,0x9e39,0x95f9,0x95d9,0x95d9,0x9df9,0x9df9,
0x9df9,0x95f9,0x95d9,0x95d9,0x95d9,0x95b8,0x95b8,0x95d9,0x95d9,0x95d9,0x95d9,0x8db8,0x8db8,0x8db8,0x8db8,0x8db8,0x8db8,0x8d98,0x8d98,0x8d98,0x8d98,0x8d98,0x8d98,0x8db8,
0x8db8,0x8db8,0x8d98,0x8d98,0x8d98,0x8598,0x8598,0x8598,0x8598,0x8598,0x8598,0x8577,0x8577,0x8577,0x8598,0x8598,0x8598,0x8598,0x8598,0x8598,0x8577,0x8577,0x8577,0x8598,
0x8598,0x8598,0x8598,0x8598,0x8598,0x8598,0x8598,0x8598,0x8598,0x8598,0x8598,0x8598,0x8598,0x8598,0x8598,0x8598,0x8598,0x8db8,0x8db8,0x8dd8,0x8598,0x8577,0x8577,0x8598,
0x8598,0x8598,0x8db8,0x8db8,0x8db8,0x85b8,0x8598,0x8598,0x8598,0x8598,0x8598,0x8598,0x8598,0x8598,0x8598,0x8577,0x8577,0x8577,0x8577,0x8577,0x8577,0x8577,0x8577,0x8577,
0x8577,0x8577,0x8577,0x8577,0x8577,0x8577,0x8578,0x8578,0x8578,0x8598,0x8598,0x8598,0x8577,0x8577,0x8577,0x8598,0x8598,0x8598,0x8598,0x8598,0x8598,0x8db8,0x8db8,0x8db8,
0x8db8,0x8db8,0x8db8,0x8598,0x8598,0x8598,0x8db8,0x8db8,0x8db8,0x8db8,0x8db8,0x8db8,0x8db8,0x8db8,0x8db8,0x8db8,0x8db8,0x8db8,0x8db8,0x8db8,0x8db8,0x95d9,0x95d9,0x95d9,
0x95d9,0x95d8,0x95d8,0x95f9,0x95f9,0x95f9,0x9df9,0x9df9,0x9df9,0x9df9,0x9df9,0x9df9,0x9e19,0x9e19,0x9e19,0x9e19,0x9e19,0x9e19,0x9e19,0x9df9,0x9df9,0x9df9,0x9df9,0x9df9,
0x9df9,0xa619,0xa619,0xa619,0xa619,0xa619,0xa619,0xa63a,0xa63a,0xa63a,0xae59,0xb69a,0xbeda,0xd6fb,0xdf3c,0xef5c,0xff9d,0xef7d,0xe73c,0xd6fb,0xc6db,0xbeba,0xae5a,0xae5a,
0xae5a,0xae5a,0xae5a,0xae5a,0xae5a,0xae5a,0xae5a,0xae3a,0xae3a,0xae3a,0xa639,0xa639,0xa639,0xae5a,0xae5a,0xae5a,0xa63a,0xa63a,0xa63a,0xa63a,0xa63a,0xa63a,0xa63a,0xa639,
0xa639,0xa65a,0xa65a,0xa65a,0xa65a,0xa65a,0xa65a,0xa63a,0xa619,0xa619,0xa619,0x9e19,0x9e19,0x9e19,0xa619,0xa619,0xa619,0xa63a,0xa63a,0xa63a,0x9e19,0x9e19,0x9e19,0xa63a,
0xa63a,0xa63a,0xa619,0xa619,0xa619,0x9df9,0x9df9,0x9df9,0xa619,0xa619,0xa619,0xa619,0xa619,0xa619,0xa63a,0xa63a,0xa63a,0xa63a,0xa63a,0xa63a,0x9df9,0x9df9,0x9df9,0x9df9,
0x9df9,0x9df9,0x9e19,0x9e19,0x9e19,0x9df9,0x9df9,0x9df9,0x9e19,0x9e19,0x9e19,0x95f9,0x95d9,0x95d9,0x9df9,0x9df9,0x9df9,0x95f9,0x95d9,0x95d9,0x95d9,0x95b8,0x95b8,0x95d9,
0x95d9,0x95d9,0x95d9,0x8db8,0x8db8,0x8db8,0x8db8,0x8db8,0x8db8,0x8d98,0x8d98,0x8d98,0x8d98,0x8d98,0x8d98,0x8db8,0x8db8,0x8db8,0x8d98,0x8d98,0x8d98,0x8598,0x8598,0x8598,
0x8598,0x8598,0x8598,0x8577,0x8577,0x8577,0x8598,0x8598,0x8598,0x8598,0x8598,0x8598,0x8577,0x8577,0x8577,0x8598,0x8598,0x8598,0x8598,0x8598,0x8598,0x8598,0x8598,0x8598,
0x8598,0x8598,0x8598,0x8598,0x8598,0x8598,0x8598,0x8598,0x8598,0x8db8,0x8db8,0x8db8,0x8598,0x8577,0x8577,0x8598,0x8598,0x8598,0x8db8,0x8db8,0x8db8,0x85b8,0x8598,0x8598,
0x8598,0x8598,0x8598,0x8598,0x8598,0x8598,0x8598,0x8577,0x8577,0x8577,0x8577,0x8577,0x8577,0x8577,0x8577,0x8577,0x8577,0x8577,0x8577,0x8577,0x8577,0x8577,0x8578,0x8578,
0x8578,0x8598,0x8598,0x8598,0x8577,0x8577,0x8577,0x8598,0x8598,0x8598,0x8598,0x8598,0x8598,0x8db8,0x8db8,0x8db8,0x8db8,0x8db8,0x8db8,0x8598,0x8598,0x8598,0x8db8,0x8db8,
0x8db8,0x8db8,0x8db8,0x8db8,0x8db8,0x8db8,0x8db8,0x8db8,0x8db8,0x8db8,0x8db8,0x8db8,0x8db8,0x95d9,0x95d9,0x95d9,0x95d9,0x95d8,0x95d8,0x95f9,0x95f9,0x95f9,0x9df9,0x9df9,
0x9df9,0x9df9,0x9df9,0x9df9,0x9e19,0x9e19,0x9e19,0x9e19,0x9e19,0x9e19,0x9e19,0x9df9,0x9df9,0x9df9,0x9df9,0x9df9,0x9df9,0xa619,0xa619,0xa619,0xa619,0xa619,0xa619,0xa63a,
0xa63a,0xa63a,0xae59,0xb69a,0xc6da,0xd6fb,0xdf3c,0xef5c,0xff9d,0xef7d,0xe73c,0xd6fb,0xc6db,0xbeba,0xae5a,0xae5a,0xae5a,0xae5a,0xae5a,0xae5a,0xae5a,0xae5a,0xae5a,0xae3a,
0xae3a,0xae3a,0xa63a,0xa639,0xa639,0xae5a,0xae5a,0xae5a,0xa63a,0xa63a,0xa63a,0xa63a,0xa63a,0xa63a,0xa63a,0xa639,0xa639,0xa65a,0xa65a,0xa65a,0xa65a,0xa65a,0xa65a,0xa63a,
0xa619,0xa619,0xa619,0x9e19,0x9e19,0xa619,0xa619,0xa619,0xa61a,0xa63a,0xa63a,0xa63a,0x9e19,0x9e19,0x9e19,0xa63a,0xa63a,0xa63a,0xa619,0xa619,0xa619,0x9df9,0x9df9,0x9df9,
0xa619,0xa619,0xa619,0xa619,0xa619,0xa619,0xa63a,0xa63a,0xa63a,0xa63a,0xa63a,0xa63a,0x9e19,0x9df9,0x9df9,0x9df9,0x9df9,0x9df9,0x9e19,0x9e19,0x9e19,0x9df9,0x9df9,0x9df9,
0x9e19,0x9e19,0x9e19,0x95f9,0x95d9,0x95d9,0x9df9,0x9df9,0x9df9,0x95f9,0x95d9,0x95d9,0x95d9,0x95b8,0x95b8,0x95d9,0x95d9,0x95d9,0x95d9,0x8db8,0x8db8,0x8db8,0x8db8,0x8db8,
0x8db8,0x8d98,0x8d98,0x8d98,0x8d98,0x8d98,0x8d98,0x8db8,0x8db8,0x8db8,0x8d98,0x8d98,0x8d98,0x8598,0x8598,0x8598,0x8598,0x8598,0x8598,0x8577,0x8577,0x8577,0x8598,0x8598,
0x8598,0x8598,0x8598,0x8598,0x8577,0x8577,0x8577,0x8598,0x8598,0x8598,0x8598,0x8598,0x8598,0x8598,0x8598,0x8598,0x8598,0x8598,0x8598,0x8598,0x8598,0x8598,0x8598,0x8598,
0x8598,0x8db8,0x8db8,0x8db8,0x8598,0x8577,0x8577,0x8598,0x8598,0x8598,0x85b8,0x8db8,0x8db8,0x8598,0x8598,0x8598,0x8598,0x8598,0x8598,0x8598,0x8598,0x8598,0x8598,0x8577,
0x8577,0x8577,0x8577,0x8577,0x8577,0x8577,0x8577,0x8577,0x8577,0x8577,0x8577,0x8577,0x8577,0x8577,0x8578,0x8578,0x8578,0x8598,0x8598,0x8598,0x8577,0x8577,0x8577,0x8598,
0x8598,0x8598,0x8598,0x8598,0x8598,0x8db8,0x8db8,0x8db8,0x8db8,0x8db8,0x8db8,0x8598,0x8598,0x8598,0x8db8,0x8db8,0x8db8,0x8db8,0x8db8,0x8db8,0x8db8,0x8db8,0x8db8,0x8db8,
0x8db8,0x8db8,0x8db8,0x8db8,0x8db8,0x95d9,0x95d9,0x95d9,0x95d9,0x95d8,0x95d8,0x95f9,0x95f9,0x95f9,0x95f9,0x9df9,0x9df9,0x9df9,0x9df9,0x9df9,0x9e19,0x9e19,0x9e19,0x9e19,
0x9e19,0x9e19,0x9e19,0x9df9,0x9df9,0x9df9,0x9df9,0x9df9,0x9e19,0xa619,0xa619,0xa619,0xa619,0xa619,0xa619,0xa63a,0xa63a,0xa63a,0xae59,0xb69a,0xc6da,0xd6fb,0xdf3c,0xef5c,
0xff9d,0xef7d,0xe75c,0xd71b,0xc6db,0xbe9a,0xae5a,0xae5a,0xae5a,0xae5a,0xae5a,0xae5a,0xae3a,0xae3a,0xae3a,0xae5a,0xae5a,0xae5a,0xa63a,0xa63a,0xa63a,0xa63a,0xa63a,0xa63a,
0xa63a,0xa639,0xa639,0xa63a,0xa63a,0xa63a,0xa65a,0xa65a,0xa65a,0xa65a,0xa63a,0xa63a,0xa63a,0xa63a,0xa63a,0xa63a,0xa619,0xa619,0xa63a,0xa63a,0xa63a,0xa63a,0xa63a,0xa63a,
0xa63a,0xa63a,0xa63a,0xa63a,0xa619,0xa619,0xa619,0xa619,0xa619,0xa619,0xa619,0xa619,0xa619,0x9e19,0x9e19,0x9e19,0xa619,0xa619,0xa619,0x9e19,0x9e19,0x9e19,0xa63a,0xa63a,
0xa63a,0xa63a,0xa63a,0xa63a,0xa63a,0xa63a,0xa63a,0xa619,0xa619,0xa619,0xa619,0xa619,0xa619,0xa619,0xa619,0xa619,0x9e19,0x9e19,0x9e19,0x9e19,0x9e19,0x9e19,0x95f9,0x95d8,
0x95d8,0x9df9,0x9df9,0x9df9,0x95f9,0x95d9,0x95d9,0x95d9,0x95d8,0x95d8,0x95d8,0x8db8,0x8db8,0x8dd9,0x95d9,0x95d9,0x95d9,0x8db8,0x8db8,0x8db8,0x8db8,0x8db8,0x8db8,0x8d98,
0x8d98,0x8d98,0x8d98,0x8d98,0x8d98,0x8db8,0x8db8,0x8db8,0x8d98,0x8d98,0x8d98,0x8598,0x8598,0x8598,0x8db8,0x8db8,0x8db8,0x8598,0x8598,0x8598,0x8db8,0x8db8,0x8db8,0x8db8,
0x8db8,0x8db8,0x8598,0x8598,0x8598,0x8d98,0x8d98,0x8d98,0x8db8,0x8db8,0x8db8,0x8598,0x8598,0x8598,0x8598,0x8598,0x8598,0x8598,0x8598,0x8598,0x8598,0x8598,0x8598,0x8598,
0x8598,0x8598,0x8598,0x8598,0x8598,0x8598,0x8577,0x8577,0x8598,0x8598,0x8598,0x8598,0x8577,0x8577,0x8577,0x8577,0x8577,0x8577,0x8577,0x8577,0x8577,0x8598,0x8598,0x8598,
0x8577,0x8577,0x8577,0x8598,0x8598,0x8598,0x8598,0x8598,0x8598,0x8598,0x8598,0x8598,0x8577,0x8577,0x8577,0x8577,0x8577,0x8577,0x8db8,0x8db8,0x8db8,0x8598,0x8598,0x8598,
0x8db8,0x8db8,0x8db8,0x8d98,0x8d98,0x8d98,0x8db8,0x8db8,0x8db8,0x8d98,0x8d98,0x8d98,0x8db8,0x8db8,0x8db8,0x8db8,0x8db8,0x8db8,0x8db8,0x8db8,0x8db8,0x95d8,0x95d8,0x95d8,
0x95d9,0x95d9,0x95d9,0x95d9,0x95d9,0x95d9,0x95d9,0x95d8,0x95d8,0x95d9,0x95d9,0x95d9,0x95f9,0x9e19,0x9e19,0x9e19,0x9e19,0x9e19,0x9e19,0x9e19,0x9e19,0x9e19,0xa63a,0xa63a,
0xa63a,0xa619,0xa619,0xa619,0xa63a,0xa63a,0xa63a,0xa619,0xa619,0xa619,0xae5a,0xb69b,0xc6db,0xd6fb,0xdf3c,0xef5c,0xff9d,0xef7d,0xe75c,0xd71b,0xc6db,0xbe9a,0xae5a,0xae5a,
0xae5a,0xae5a,0xae5a,0xae5a,0xae3a,0xae3a,0xae3a,0xae5a,0xae5a,0xae5a,0xa63a,0xa63a,0xa63a,0xa63a,0xa63a,0xa63a,0xa63a,0xa639,0xa639,0xa63a,0xa63a,0xa63a,0xa65a,0xa65a,
0xa65a,0xa65a,0xa63a,0xa63a,0xa63a,0xa63a,0xa63a,0xa63a,0xa619,0xa619,0xa63a,0xa63a,0xa63a,0xa63a,0xa63a,0xa63a,0xa63a,0xa63a,0xa63a,0xa63a,0xa619,0xa619,0xa619,0xa619,
0xa619,0xa619,0xa619,0xa619,0xa619,0x9e19,0x9e19,0x9e19,0xa619,0xa619,0xa619,0x9e19,0x9e19,0x9e19,0xa63a,0xa63a,0xa63a,0xa63a,0xa63a,0xa63a,0xa63a,0xa63a,0xa63a,0xa619,
0xa619,0xa619,0xa619,0xa619,0xa619,0xa619,0xa619,0xa619,0x9e19,0x9e19,0x9e19,0x9e19,0x9e19,0x9e19,0x95f9,0x95d8,0x95d8,0x9df9,0x9df9,0x9df9,0x95f9,0x95d9,0x95d9,0x95d9,
0x95d8,0x95d8,0x95d8,0x8db8,0x8db8,0x8dd9,0x95d9,0x95d9,0x95d9,0x8db8,0x8db8,0x8db8,0x8db8,0x8db8,0x8db8,0x8d98,0x8d98,0x8d98,0x8d98,0x8d98,0x8d98,0x8db8,0x8db8,0x8db8,
0x8d98,0x8d98,0x8d98,0x8598,0x8598,0x8598,0x8db8,0x8db8,0x8db8,0x8598,0x8598,0x8598,0x8db8,0x8db8,0x8db8,0x8db8,0x8db8,0x8db8,0x8598,0x8598,0x8598,0x8d98,0x8d98,0x8d98,
0x8db8,0x8db8,0x8db8,0x8598,0x8598,0x8598,0x8598,0x8598,0x8598,0x8598,0x8598,0x8598,0x8598,0x8598,0x8598,0x8598,0x8598,0x8598,0x8598,0x8598,0x8598,0x8598,0x8577,0x8577,
0x8598,0x8598,0x8598,0x8598,0x8577,0x8577,0x8577,0x8577,0x8577,0x8577,0x8577,0x8577,0x8577,0x8598,0x8598,0x8598,0x8577,0x8577,0x8577,0x8598,0x8598,0x8598,0x8598,0x8598,
0x8598,0x8598,0x8598,0x8598,0x8577,0x8577,0x8577,0x8577,0x8577,0x8577,0x8db8,0x8db8,0x8db8,0x8598,0x8598,0x8598,0x8db8,0x8db8,0x8db8,0x8d98,0x8d98,0x8d98,0x8db8,0x8db8,
0x8db8,0x8d98,0x8d98,0x8d98,0x8db8,0x8db8,0x8db8,0x8db8,0x8db8,0x8db8,0x8db8,0x8db8,0x8db8,0x95d8,0x95d8,0x95d8,0x95d9,0x95d9,0x95d9,0x95d9,0x95d9,0x95d9,0x95d9,0x95d8,
0x95d8,0x95d9,0x95d9,0x95d9,0x95f9,0x9e19,0x9e19,0x9e19,0x9e19,0x9e19,0x9e19,0x9e19,0x9e19,0x9e19,0xa63a,0xa63a,0xa63a,0xa619,0xa619,0xa619,0xa63a,0xa63a,0xa63a,0xa619,
0xa619,0xa619,0xae5a,0xb69b,0xc6db,0xd6fb,0xdf3c,0xef5c,0xff9d,0xef7d,0xe75c,0xd71b,0xc6db,0xbe9a,0xae5a,0xae5a,0xae5a,0xae5a,0xae5a,0xae5a,0xae3a,0xae3a,0xae3a,0xae5a,
0xae5a,0xae5a,0xa63a,0xa63a,0xa63a,0xa63a,0xa63a,0xa63a,0xa63a,0xa639,0xa639,0xa63a,0xa63a,0xa63a,0xa65a,0xa65a,0xa65a,0xa65a,0xa63a,0xa63a,0xa63a,0xa63a,0xa63a,0xa63a,
0xa619,0xa619,0xa63a,0xa63a,0xa63a,0xa63a,0xa63a,0xa63a,0xa63a,0xa63a,0xa63a,0xa63a,0xa619,0xa619,0xa619,0xa619,0xa619,0xa619,0xa619,0xa619,0xa619,0x9e19,0x9e19,0x9e19,
0xa619,0xa619,0xa619,0x9e19,0x9e19,0x9e19,0xa63a,0xa63a,0xa63a,0xa63a,0xa63a,0xa63a,0xa63a,0xa63a,0xa63a,0xa619,0xa619,0xa619,0xa619,0xa619,0xa619,0xa619,0xa619,0xa619,
0x9e19,0x9e19,0x9e19,0x9e19,0x9e19,0x9e19,0x9df9,0x95d8,0x95d8,0x9df9,0x9df9,0x9df9,0x9df9,0x95d9,0x95d9,0x95d9,0x95d8,0x95d8,0x95d8,0x8db8,0x8db8,0x8dd9,0x95d9,0x95d9,
0x95d9,0x8db8,0x8db8,0x8db8,0x8db8,0x8db8,0x8db8,0x8d98,0x8d98,0x8d98,0x8d98,0x8d98,0x8d98,0x8db8,0x8db8,0x8db8,0x8d98,0x8d98,0x8d98,0x8598,0x8598,0x8598,0x8db8,0x8db8,
0x8db8,0x8598,0x8598,0x8598,0x8db8,0x8db8,0x8db8,0x8db8,0x8db8,0x8db8,0x8598,0x8598,0x8598,0x8d98,0x8d98,0x8d98,0x8db8,0x8db8,0x8db8,0x8598,0x8598,0x8598,0x8598,0x8598,
0x8598,0x8598,0x8598,0x8598,0x8598,0x8598,0x8598,0x8598,0x8598,0x8598,0x8598,0x8598,0x8598,0x8598,0x8577,0x8577,0x8598,0x8598,0x8598,0x8598,0x8577,0x8577,0x8577,0x8577,
0x8577,0x8577,0x8577,0x8577,0x8578,0x8598,0x8598,0x8598,0x8577,0x8577,0x8598,0x8598,0x8598,0x8598,0x8598,0x8598,0x8598,0x8598,0x8598,0x8598,0x8577,0x8577,0x8577,0x8577,
0x8577,0x8577,0x8db8,0x8db8,0x8db8,0x8598,0x8598,0x8598,0x8db8,0x8db8,0x8db8,0x8d98,0x8d98,0x8d98,0x8db8,0x8db8,0x8db8,0x8db8,0x8d98,0x8d98,0x8db8,0x8db8,0x8db8,0x8db8,
0x8db8,0x8db8,0x8db8,0x8db8,0x8db8,0x95d8,0x95d8,0x95d8,0x95d9,0x95d9,0x95d9,0x95d9,0x95d9,0x95d9,0x95d9,0x95d8,0x95d8,0x95d9,0x95d9,0x95d9,0x95f9,0x9e19,0x9e19,0x9e19,
0x9e19,0x9e19,0x9e19,0x9e19,0x9e19,0x9e19,0xa63a,0xa63a,0xa63a,0xa619,0xa619,0xa619,0xa63a,0xa63a,0xa63a,0xa619,0xa619,0xa619,0xae5a,0xb69b,0xc6db,0xd6fb,0xdf3c,0xef5c,
0xff9d,0xef7d,0xe73c,0xdefb,0xcedb,0xc6ba,0xae5a,0xae5a,0xae5a,0xb67a,0xb67a,0xb67a,0xae5a,0xae5a,0xae5a,0xa63a,0xa63a,0xa63a,0xa639,0xa639,0xa639,0xae5a,0xae5a,0xae5a,
0xa63a,0xa63a,0xa63a,0xa63a,0xa63a,0xa63a,0xa63a,0xa63a,0xa63a,0xa63a,0xa63a,0xa63a,0xa63a,0xa63a,0xa63a,0xa63a,0xa63a,0xa63a,0xa63a,0xa63a,0xa63a,0xa63a,0xa619,0xa619,
0xa619,0xa619,0xa619,0xa619,0xa63a,0xa63a,0xa63a,0xa63a,0xa63a,0xa63a,0xa63a,0xa63a,0xa63a,0xa63a,0xa63a,0xa63a,0xa619,0xa619,0xa619,0xa639,0xa639,0xa639,0xa65a,0xa65a,
0xa65a,0xa63a,0xa63a,0xa63a,0xa639,0xa639,0xa639,0xa63a,0xa63a,0xa63a,0xa63a,0xa63a,0xa63a,0xa63a,0xa63a,0xa63a,0xa619,0xa619,0xa619,0xa61a,0xa61a,0xa61a,0x9dfa,0x9df9,
0x9df9,0x9df9,0x9df9,0x9df9,0x9df9,0x9df9,0x9df9,0x9df9,0x95f9,0x95f9,0x95d9,0x8db8,0x8db8,0x8dd9,0x95d9,0x95d9,0x95b9,0x8d98,0x8d98,0x8db8,0x8dd8,0x8dd8,0x8dd8,0x8db8,
0x8db8,0x8db8,0x8d98,0x8d98,0x8d98,0x8db8,0x8db8,0x8db8,0x8dd8,0x8dd8,0x8dd8,0x8db8,0x8db8,0x8db8,0x8db8,0x8db8,0x8db8,0x8db8,0x8db8,0x8db8,0x8dd8,0x8dd8,0x8dd8,0x8dd8,
0x8dd8,0x8dd8,0x8db8,0x8db8,0x8db8,0x8db8,0x8db8,0x8db8,0x8598,0x8598,0x8598,0x8db8,0x8db8,0x8db8,0x8db8,0x8db8,0x8db8,0x8d98,0x8d98,0x8d98,0x8d98,0x8d98,0x8d98,0x8598,
0x8598,0x8598,0x8598,0x8578,0x8578,0x8578,0x8577,0x8577,0x8598,0x8598,0x8598,0x8598,0x8578,0x8578,0x8598,0x8db8,0x8db8,0x8db8,0x8d98,0x8d98,0x8d98,0x8db8,0x8db8,0x8db8,
0x8db8,0x8db8,0x8db8,0x8598,0x8598,0x8598,0x8577,0x8577,0x8577,0x8578,0x8578,0x8578,0x8577,0x8577,0x8577,0x8598,0x8598,0x8598,0x8d98,0x8d98,0x8d98,0x8db8,0x8db8,0x8db8,
0x8598,0x8598,0x8598,0x8598,0x8598,0x8598,0x8d98,0x8d98,0x8d98,0x8dd9,0x8dd9,0x8dd9,0x95d9,0x95d9,0x95d9,0x95d9,0x95d9,0x95d9,0x8db9,0x8db8,0x8db8,0x95d9,0x95d9,0x95d9,
0x95d9,0x95d8,0x95d8,0x95d9,0x95d9,0x95d9,0x95d9,0x95d8,0x95d8,0x95d9,0x95d9,0x95d9,0x95f9,0x9df9,0x9df9,0x9df9,0x9df9,0x9df9,0x9df9,0x9e19,0x9e19,0x9e19,0x9df9,0x9df9,
0x9e19,0xa63a,0xa63a,0xa63a,0xa619,0xa619,0xa619,0xa63a,0xa63a,0xa63a,0xae39,0xb67a,0xc6ba,0xd6fb,0xdf3c,0xef5c,0xff9d,0xef7d,0xe73c,0xdefb,0xcedb,0xc6ba,0xae5a,0xae5a,
0xae5a,0xb67a,0xb67a,0xb67a,0xae5a,0xae5a,0xae5a,0xa63a,0xa63a,0xa63a,0xa639,0xa639,0xa639,0xae5a,0xae5a,0xae5a,0xa63a,0xa63a,0xa63a,0xa63a,0xa63a,0xa63a,0xa63a,0xa63a,
0xa63a,0xa63a,0xa63a,0xa63a,0xa63a,0xa63a,0xa63a,0xa63a,0xa63a,0xa63a,0xa63a,0xa63a,0xa63a,0xa63a,0xa619,0xa619,0xa619,0xa619,0xa619,0xa619,0xa63a,0xa63a,0xa63a,0xa63a,
0xa63a,0xa63a,0xa63a,0xa63a,0xa63a,0xa63a,0xa63a,0xa63a,0xa619,0xa619,0xa619,0xa639,0xa639,0xa639,0xa65a,0xa65a,0xa65a,0xa63a,0xa63a,0xa63a,0xa639,0xa639,0xa639,0xa63a,
0xa63a,0xa63a,0xa63a,0xa63a,0xa63a,0xa63a,0xa63a,0xa63a,0xa619,0xa619,0xa619,0xa61a,0xa61a,0xa61a,0x9dfa,0x9df9,0x9df9,0x9df9,0x9df9,0x9df9,0x9df9,0x9df9,0x9df9,0x9df9,
0x95f9,0x95f9,0x95d9,0x8db8,0x8db8,0x8dd9,0x95d9,0x95d9,0x95b9,0x8d98,0x8d98,0x8db8,0x8dd8,0x8dd8,0x8dd8,0x8db8,0x8db8,0x8db8,0x8d98,0x8d98,0x8d98,0x8db8,0x8db8,0x8db8,
0x8dd8,0x8dd8,0x8dd8,0x8db8,0x8db8,0x8db8,0x8db8,0x8db8,0x8db8,0x8db8,0x8db8,0x8db8,0x8dd8,0x8dd8,0x8dd8,0x8dd8,0x8dd8,0x8dd8,0x8db8,0x8db8,0x8db8,0x8db8,0x8db8,0x8db8,
0x8598,0x8598,0x8598,0x8db8,0x8db8,0x8db8,0x8db8,0x8db8,0x8db8,0x8d98,0x8d98,0x8d98,0x8d98,0x8d98,0x8d98,0x8598,0x8598,0x8598,0x8598,0x8578,0x8578,0x8578,0x8577,0x8577,
0x8598,0x8598,0x8598,0x8598,0x8578,0x8578,0x8598,0x8db8,0x8db8,0x8db8,0x8d98,0x8d98,0x8d98,0x8db8,0x8db8,0x8db8,0x8db8,0x8db8,0x8db8,0x8598,0x8598,0x8598,0x8577,0x8577,
0x8577,0x8578,0x8578,0x8578,0x8577,0x8577,0x8577,0x8598,0x8598,0x8598,0x8d98,0x8d98,0x8d98,0x8db8,0x8db8,0x8db8,0x8598,0x8598,0x8598,0x8598,0x8598,0x8598,0x8d98,0x8d98,
0x8d98,0x8dd9,0x8dd9,0x8dd9,0x95d9,0x95d9,0x95d9,0x95d9,0x95d9,0x95d9,0x8db9,0x8db8,0x8db8,0x95d9,0x95d9,0x95d9,0x95d9,0x95d8,0x95d8,0x95d9,0x95d9,0x95d9,0x95d9,0x95d8,
0x95d8,0x95d9,0x95d9,0x95d9,0x95f9,0x9df9,0x9df9,0x9df9,0x9df9,0x9df9,0x9df9,0x9e19,0x9e19,0x9e19,0x9df9,0x9df9,0x9e19,0xa63a,0xa63a,0xa63a,0xa619,0xa619,0xa619,0xa63a,
0xa63a,0xa63a,0xae39,0xb67a,0xc6ba,0xd6fb,0xdf3c,0xef5c,0xff9d,0xef7d,0xe73c,0xdefb,0xcedb,0xc6ba,0xae5a,0xae5a,0xae5a,0xb67a,0xb67a,0xb67a,0xae5a,0xae5a,0xae5a,0xa63a,
0xa63a,0xa63a,0xa639,0xa639,0xa639,0xae5a,0xae5a,0xae5a,0xa63a,0xa63a,0xa63a,0xa63a,0xa63a,0xa63a,0xa63a,0xa63a,0xa63a,0xa63a,0xa63a,0xa63a,0xa63a,0xa63a,0xa63a,0xa63a,
0xa63a,0xa63a,0xa63a,0xa63a,0xa63a,0xa63a,0xa619,0xa619,0xa619,0xa619,0xa619,0xa619,0xa63a,0xa63a,0xa63a,0xa63a,0xa63a,0xa63a,0xa63a,0xa63a,0xa63a,0xa63a,0xa63a,0xa63a,
0xa619,0xa619,0xa619,0xa639,0xa639,0xa639,0xa65a,0xa65a,0xa65a,0xa63a,0xa63a,0xa63a,0xa639,0xa639,0xa639,0xa63a,0xa63a,0xa63a,0xa63a,0xa63a,0xa63a,0xa63a,0xa63a,0xa63a,
0xa619,0xa619,0xa619,0xa61a,0xa61a,0xa61a,0x9dfa,0x9df9,0x9df9,0x9df9,0x9df9,0x9df9,0x9df9,0x9df9,0x9df9,0x9df9,0x95f9,0x95f9,0x95d9,0x8db8,0x8db8,0x8dd9,0x95d9,0x95d9,
0x95b9,0x8d98,0x8d98,0x8db8,0x8dd8,0x8dd8,0x8dd8,0x8db8,0x8db8,0x8db8,0x8d98,0x8d98,0x8db8,0x8db8,0x8db8,0x8db8,0x8dd8,0x8dd8,0x8dd8,0x8db8,0x8db8,0x8db8,0x8db8,0x8db8,
0x8db8,0x8db8,0x8db8,0x8db8,0x8dd8,0x8dd8,0x8dd8,0x8dd8,0x8dd8,0x8dd8,0x8db8,0x8db8,0x8db8,0x8db8,0x8db8,0x8db8,0x8598,0x8598,0x8598,0x8db8,0x8db8,0x8db8,0x8db8,0x8db8,
0x8db8,0x8d98,0x8d98,0x8d98,0x8d98,0x8d98,0x8d98,0x8598,0x8598,0x8598,0x8598,0x8578,0x8578,0x8578,0x8577,0x8577,0x8598,0x8598,0x8598,0x8598,0x8578,0x8578,0x8598,0x8db8,
0x8db8,0x8db8,0x8d98,0x8d98,0x8d98,0x8db8,0x8db8,0x8db8,0x8db8,0x8db8,0x8db8,0x8598,0x8598,0x8598,0x8577,0x8577,0x8577,0x8578,0x8578,0x8578,0x8577,0x8577,0x8577,0x8598,
0x8598,0x8598,0x8d98,0x8d98,0x8d98,0x8db8,0x8db8,0x8db8,0x8598,0x8598,0x8598,0x8598,0x8598,0x8598,0x8d98,0x8d98,0x8d98,0x8dd9,0x8dd9,0x8dd9,0x95d9,0x95d9,0x95d9,0x95d9,
0x95d9,0x95d9,0x8db9,0x8db8,0x8db8,0x95d9,0x95d9,0x95d9,0x95d9,0x95d8,0x95d8,0x95d9,0x95d9,0x95d9,0x95d9,0x95d8,0x95d8,0x95d9,0x95d9,0x95d9,0x95f9,0x9df9,0x9df9,0x9df9,
0x9df9,0x9df9,0x9df9,0x9e19,0x9e19,0x9e19,0x9df9,0x9df9,0x9e19,0xa63a,0xa63a,0xa63a,0xa619,0xa619,0xa619,0xa63a,0xa63a,0xa63a,0xae39,0xb67a,0xc6ba,0xd6fb,0xdf3c,0xef5c,
0xff9d,0xef7d,0xe73c,0xdefb,0xcedb,0xc6ba,0xb67b,0xb67b,0xb67b,0xae5a,0xae5a,0xae5a,0xae7a,0xae7a,0xae7a,0xae5a,0xae5a,0xae5a,0xae5a,0xae5a,0xae5a,0xa63a,0xa63a,0xa63a,
0xa63a,0xa63a,0xa63a,0xa63a,0xa63a,0xa63a,0xa63a,0xa63a,0xa63a,0xa63a,0xa619,0xa619,0xa63a,0xa63a,0xa63a,0xa63a,0xa619,0xa619,0xa619,0xa619,0xa619,0xa61a,0xa63a,0xa63a,
0xa63a,0xa619,0xa619,0xa619,0xa63a,0xa63a,0xa63a,0xa63a,0xa63a,0xa63a,0xa63a,0xa63a,0xa63a,0xa639,0xa639,0xa639,0xa63a,0xa63a,0xa63a,0xae5a,0xae5a,0xae5a,0xa63a,0xa63a,
0xa63a,0xa619,0xa619,0xa619,0xa63a,0xa63a,0xa63a,0xa63a,0xa63a,0xa63a,0xa63a,0xa63a,0xa63a,0xa619,0xa619,0xa619,0xa619,0xa619,0xa619,0x9e19,0x9e19,0x9e19,0x9e19,0x9e19,
0x9e19,0x9e19,0x9df9,0x9df9,0x9df9,0x9df9,0x9df9,0x9df9,0x9df9,0x9df9,0x9df9,0x95d8,0x95d8,0x95d8,0x95d8,0x95d8,0x95f9,0x95f9,0x95f9,0x95f9,0x95f9,0x95f9,0x95f9,0x95d8,
0x95d8,0x95d8,0x95f9,0x95f9,0x95f9,0x8db8,0x8db8,0x8db8,0x95d8,0x95d8,0x95d8,0x95f9,0x95f9,0x95f9,0x95d9,0x95d9,0x95d9,0x95d8,0x95d8,0x95d8,0x95d8,0x95d8,0x95d8,0x95d9,
0x95d9,0x95d9,0x95d9,0x95d9,0x95d9,0x95d9,0x95d9,0x95d9,0x8db8,0x8db8,0x8db8,0x8db8,0x8db8,0x8db8,0x8db8,0x8db8,0x8db8,0x8d98,0x8d98,0x8d98,0x8db8,0x8db8,0x8db8,0x8db8,
0x8d98,0x8d98,0x8598,0x8577,0x8577,0x8577,0x8577,0x8577,0x8598,0x8db8,0x8db8,0x8d98,0x8577,0x8577,0x8598,0x8598,0x8598,0x8598,0x8db8,0x8db8,0x8db8,0x8598,0x8598,0x8598,
0x8577,0x8577,0x8577,0x8d98,0x8d98,0x8d98,0x8577,0x8577,0x8577,0x8577,0x8577,0x8577,0x8598,0x8598,0x8598,0x8d98,0x8d98,0x8d98,0x8d98,0x8d98,0x8d98,0x8db8,0x8db8,0x8db8,
0x8db8,0x8db8,0x8db8,0x8d98,0x8d98,0x8d98,0x8db8,0x8db8,0x8db8,0x8dd8,0x8dd8,0x8dd8,0x8db8,0x8db8,0x8db8,0x95d9,0x95d9,0x95d9,0x95d9,0x95d8,0x95d8,0x95d8,0x95d8,0x95d8,
0x9df9,0x9df9,0x9df9,0x9df9,0x95f9,0x95f9,0x9df9,0x9df9,0x9df9,0x9df9,0x9df9,0x9df9,0x9df9,0x9df9,0x9df9,0x9df9,0x9e19,0x9e19,0x9e19,0x9df9,0x9df9,0x9df9,0x9e19,0x9e19,
0x9e19,0xa619,0xa619,0xa619,0xa619,0xa619,0xa619,0x9e19,0x9e19,0x9e19,0xae5a,0xb69b,0xc6db,0xd6fb,0xdf3c,0xef5c,0xff9d,0xef7d,0xe73c,0xdefb,0xcedb,0xc6ba,0xb67b,0xb67b,
0xb67b,0xae5a,0xae5a,0xae5a,0xae7a,0xae7a,0xae7a,0xae5a,0xae5a,0xae5a,0xae5a,0xae5a,0xae5a,0xa63a,0xa63a,0xa63a,0xa63a,0xa63a,0xa63a,0xa63a,0xa63a,0xa63a,0xa63a,0xa63a,
0xa63a,0xa63a,0xa619,0xa619,0xa63a,0xa63a,0xa63a,0xa63a,0xa619,0xa619,0xa619,0xa619,0xa619,0xa61a,0xa63a,0xa63a,0xa63a,0xa619,0xa619,0xa619,0xa63a,0xa63a,0xa63a,0xa63a,
0xa63a,0xa63a,0xa63a,0xa63a,0xa63a,0xa639,0xa639,0xa639,0xa63a,0xa63a,0xa63a,0xae5a,0xae5a,0xae5a,0xa63a,0xa63a,0xa63a,0xa619,0xa619,0xa619,0xa63a,0xa63a,0xa63a,0xa63a,
0xa63a,0xa63a,0xa63a,0xa63a,0xa63a,0xa619,0xa619,0xa619,0xa619,0xa619,0xa619,0x9e19,0x9e19,0x9e19,0x9e19,0x9e19,0x9e19,0x9e19,0x9df9,0x9df9,0x9df9,0x9df9,0x9df9,0x9df9,
0x9df9,0x9df9,0x9df9,0x95d8,0x95d8,0x95d8,0x95d8,0x95d8,0x95f9,0x95f9,0x95f9,0x95f9,0x95f9,0x95f9,0x95f9,0x95d8,0x95d8,0x95d8,0x95f9,0x95f9,0x95f9,0x8db8,0x8db8,0x8db8,
0x95d8,0x95d8,0x95d8,0x95f9,0x95f9,0x95f9,0x95d9,0x95d9,0x95d9,0x95d8,0x95d8,0x95d8,0x95d8,0x95d8,0x95d8,0x95d9,0x95d9,0x95d9,0x95d9,0x95d9,0x95d9,0x95d9,0x95d9,0x95d9,
0x8db8,0x8db8,0x8db8,0x8db8,0x8db8,0x8db8,0x8db8,0x8db8,0x8db8,0x8d98,0x8d98,0x8d98,0x8db8,0x8db8,0x8db8,0x8db8,0x8d98,0x8d98,0x8598,0x8577,0x8577,0x8577,0x8577,0x8577,
0x8598,0x8db8,0x8db8,0x8d98,0x8577,0x8577,0x8598,0x8598,0x8598,0x8598,0x8db8,0x8db8,0x8db8,0x8598,0x8598,0x8598,0x8577,0x8577,0x8577,0x8d98,0x8d98,0x8d98,0x8577,0x8577,
0x8577,0x8577,0x8577,0x8577,0x8598,0x8598,0x8598,0x8d98,0x8d98,0x8d98,0x8d98,0x8d98,0x8d98,0x8db8,0x8db8,0x8db8,0x8db8,0x8db8,0x8db8,0x8d98,0x8d98,0x8d98,0x8db8,0x8db8,
0x8db8,0x8dd8,0x8dd8,0x8dd8,0x8db8,0x8db8,0x8db8,0x95d9,0x95d9,0x95d9,0x95d9,0x95d8,0x95d8,0x95d8,0x95d8,0x95d8,0x9df9,0x9df9,0x9df9,0x9df9,0x95f9,0x95f9,0x9df9,0x9df9,
0x9df9,0x9df9,0x9df9,0x9df9,0x9df9,0x9df9,0x9df9,0x9df9,0x9e19,0x9e19,0x9e19,0x9df9,0x9df9,0x9df9,0x9e19,0x9e19,0x9e19,0xa619,0xa619,0xa619,0xa619,0xa619,0xa619,0x9e19,
0x9e19,0x9e19,0xae5a,0xb69b,0xc6db,0xd6fb,0xdf3c,0xef5c,0xff9d,0xef7d,0xe73c,0xdefb,0xcedb,0xc6ba,0xb67b,0xb67b,0xb67b,0xae5a,0xae5a,0xae5a,0xae7a,0xae7a,0xae7a,0xae5a,
0xae5a,0xae5a,0xae5a,0xae5a,0xae5a,0xa63a,0xa63a,0xa63a,0xa63a,0xa63a,0xa63a,0xa63a,0xa63a,0xa63a,0xa63a,0xa63a,0xa63a,0xa63a,0xa619,0xa619,0xa63a,0xa63a,0xa63a,0xa63a,
0xa619,0xa619,0xa619,0xa619,0xa619,0xa61a,0xa63a,0xa63a,0xa63a,0xa619,0xa619,0xa619,0xa63a,0xa63a,0xa63a,0xa63a,0xa63a,0xa63a,0xa63a,0xa63a,0xa63a,0xa639,0xa639,0xa639,
0xa63a,0xa63a,0xa63a,0xae5a,0xae5a,0xae5a,0xa63a,0xa63a,0xa63a,0xa619,0xa619,0xa619,0xa63a,0xa63a,0xa63a,0xa63a,0xa63a,0xa63a,0xa63a,0xa63a,0xa63a,0xa619,0xa619,0xa619,
0xa619,0xa619,0xa619,0x9e19,0x9e19,0x9e19,0x9e19,0x9e19,0x9e19,0x9e19,0x9df9,0x9df9,0x9df9,0x9df9,0x9df9,0x9df9,0x9df9,0x9df9,0x9df9,0x95d8,0x95d8,0x95d8,0x95d8,0x95d8,
0x95f9,0x95f9,0x95f9,0x95f9,0x95f9,0x95f9,0x95f9,0x95d8,0x95d8,0x95d8,0x95f9,0x95f9,0x95f9,0x8db8,0x8db8,0x8db8,0x95d8,0x95d8,0x95d8,0x95f9,0x95f9,0x95f9,0x95d9,0x95d9,
0x95d9,0x95d8,0x95d8,0x95d8,0x95d8,0x95d8,0x95d8,0x95d9,0x95d9,0x95d9,0x95d9,0x95d9,0x95d9,0x95d9,0x95d9,0x95d9,0x8db8,0x8db8,0x8db8,0x8db8,0x8db8,0x8db8,0x8db8,0x8db8,
0x8db8,0x8d98,0x8d98,0x8d98,0x8db8,0x8db8,0x8db8,0x8db8,0x8d98,0x8d98,0x8598,0x8577,0x8577,0x8577,0x8577,0x8577,0x8598,0x8db8,0x8db8,0x8d98,0x8577,0x8577,0x8598,0x8598,
0x8598,0x8598,0x8db8,0x8db8,0x8db8,0x8598,0x8598,0x8598,0x8577,0x8577,0x8577,0x8d98,0x8d98,0x8d98,0x8577,0x8577,0x8577,0x8577,0x8577,0x8577,0x8598,0x8598,0x8598,0x8d98,
0x8d98,0x8d98,0x8d98,0x8d98,0x8d98,0x8db8,0x8db8,0x8db8,0x8db8,0x8db8,0x8db8,0x8d98,0x8d98,0x8d98,0x8db8,0x8db8,0x8db8,0x8dd8,0x8dd8,0x8dd8,0x8db8,0x8db8,0x8db8,0x95d9,
0x95d9,0x95d9,0x95d9,0x95d8,0x95d8,0x95d8,0x95d8,0x95d8,0x9df9,0x9df9,0x9df9,0x9df9,0x95f9,0x95f9,0x9df9,0x9df9,0x9df9,0x9df9,0x9df9,0x9df9,0x9df9,0x9df9,0x9df9,0x9df9,
0x9e19,0x9e19,0x9e19,0x9df9,0x9df9,0x9df9,0x9e19,0x9e19,0x9e19,0xa619,0xa619,0xa619,0xa619,0xa619,0xa619,0x9e19,0x9e19,0x9e19,0xae5a,0xb69b,0xc6db,0xd6fb,0xdf3c,0xef5c,
0xff9d,0xef7d,0xdf3c,0xd71b,0xc6db,0xbe9a,0xae3a,0xae3a,0xae3a,0xae5a,0xae5a,0xae5a,0xa63a,0xa63a,0xa63a,0xa63a,0xa63a,0xa63a,0xa63a,0xa63a,0xa63a,0xa63a,0xa63a,0xa63a,
0xa61a,0xa619,0xa619,0xa619,0xa619,0xa619,0xa619,0xa619,0xa619,0xa619,0xa619,0xa619,0xa619,0xa619,0xa619,0xa63a,0xa63a,0xa63a,0xa63a,0xa619,0xa619,0xa61a,0xa63a,0xa63a,
0xa63a,0xa619,0xa619,0xa619,0xa63a,0xa63a,0xa63a,0xa619,0xa619,0xa619,0xa63a,0xa63a,0xa63a,0xae5a,0xae5a,0xae5a,0xa619,0xa619,0xa619,0xae5a,0xae5a,0xae5a,0xa63a,0xa63a,
0xa63a,0xa63a,0xa63a,0xa63a,0xa63a,0xa63a,0xa63a,0xa619,0xa619,0xa619,0xa63a,0xa63a,0xa63a,0xa619,0xa619,0xa619,0xa63a,0xa63a,0xa63a,0xa619,0xa619,0xa619,0x9e19,0x9e19,
0x9e19,0x9e19,0x9e19,0x9e19,0x9e19,0x9e19,0x9e19,0x9e19,0x9df9,0x9df9,0x9df9,0x95d8,0x95d8,0x95d9,0x95d9,0x95d9,0x95d9,0x95d8,0x95d8,0x95d8,0x95d8,0x95d8,0x95d8,0x95f9,
0x95f9,0x95f9,0x95d8,0x95d8,0x95d8,0x95b8,0x95b8,0x95b8,0x95d9,0x95d9,0x95d9,0x95d8,0x95d8,0x95d8,0x95d9,0x95d9,0x95d9,0x95f9,0x95f9,0x95f9,0x95f9,0x95f9,0x95f9,0x95d9,
0x95d9,0x95d9,0x8db8,0x8db8,0x8db8,0x8db8,0x8db8,0x8db8,0x8db8,0x8db8,0x8db8,0x8db8,0x8db8,0x8db8,0x8db8,0x8db8,0x8db8,0x8db8,0x8db8,0x8db8,0x8db8,0x8db8,0x8db8,0x85b8,
0x8598,0x8598,0x8d98,0x8d98,0x8d98,0x8d98,0x8d98,0x8d98,0x8d98,0x8d98,0x8d98,0x8d98,0x8577,0x8577,0x8598,0x8db8,0x8db8,0x8db8,0x8598,0x8598,0x8598,0x8598,0x8598,0x8598,
0x8db8,0x8db8,0x8db8,0x8598,0x8598,0x8598,0x8598,0x8598,0x8598,0x8db8,0x8db8,0x8db8,0x8d98,0x8d98,0x8d98,0x8d98,0x8d98,0x8d98,0x8d98,0x8d98,0x8d98,0x8db8,0x8db8,0x8db8,
0x8598,0x8598,0x8598,0x8d98,0x8d98,0x8d98,0x8db8,0x8db8,0x8db8,0x8db8,0x8db8,0x8db8,0x8db8,0x8db8,0x8db8,0x95f9,0x95f9,0x95f9,0x95d9,0x95d9,0x95d9,0x95f9,0x95f9,0x95f9,
0x9df9,0x9df9,0x9df9,0x9df9,0x95d8,0x95d8,0x95d9,0x95d9,0x95d9,0x95f9,0x9df9,0x9df9,0x9df9,0x9df9,0x9df9,0x9df9,0x9e19,0x9e19,0x9e19,0x9e19,0x9e19,0x9e19,0x9df9,0x9df9,
0x9df9,0xa619,0xa619,0xa619,0x9e19,0x9e19,0x9e19,0xa63a,0xa63a,0xa63a,0xae5a,0xb69b,0xc6db,0xd6fb,0xdf3c,0xef5c,0xff9d,0xef7d,0xdf3c,0xd71b,0xc6db,0xbe9a,0xae3a,0xae3a,
0xae3a,0xae5a,0xae5a,0xae5a,0xa63a,0xa63a,0xa63a,0xa63a,0xa63a,0xa63a,0xa63a,0xa63a,0xa63a,0xa63a,0xa63a,0xa63a,0xa61a,0xa619,0xa619,0xa619,0xa619,0xa619,0xa619,0xa619,
0xa619,0xa619,0xa619,0xa619,0xa619,0xa619,0xa619,0xa63a,0xa63a,0xa63a,0xa63a,0xa619,0xa619,0xa61a,0xa63a,0xa63a,0xa63a,0xa619,0xa619,0xa619,0xa63a,0xa63a,0xa63a,0xa619,
0xa619,0xa619,0xa63a,0xa63a,0xa63a,0xae5a,0xae5a,0xae5a,0xa619,0xa619,0xa619,0xae5a,0xae5a,0xae5a,0xa63a,0xa63a,0xa63a,0xa63a,0xa63a,0xa63a,0xa63a,0xa63a,0xa63a,0xa619,
0xa619,0xa619,0xa63a,0xa63a,0xa63a,0xa619,0xa619,0xa619,0xa63a,0xa63a,0xa63a,0xa619,0xa619,0xa619,0x9e19,0x9e19,0x9e19,0x9e19,0x9e19,0x9e19,0x9e19,0x9e19,0x9e19,0x9e19,
0x9df9,0x9df9,0x9df9,0x95d8,0x95d8,0x95d9,0x95d9,0x95d9,0x95d9,0x95d8,0x95d8,0x95d8,0x95d8,0x95d8,0x95d8,0x95f9,0x95f9,0x95f9,0x95d8,0x95d8,0x95d8,0x95b8,0x95b8,0x95b8,
0x95d9,0x95d9,0x95d9,0x95d8,0x95d8,0x95d8,0x95d9,0x95d9,0x95d9,0x95f9,0x95f9,0x95f9,0x95f9,0x95f9,0x95f9,0x95d9,0x95d9,0x95d9,0x8db8,0x8db8,0x8db8,0x8db8,0x8db8,0x8db8,
0x8db8,0x8db8,0x8db8,0x8db8,0x8db8,0x8db8,0x8db8,0x8db8,0x8db8,0x8db8,0x8db8,0x8db8,0x8db8,0x8db8,0x8db8,0x85b8,0x8598,0x8598,0x8d98,0x8d98,0x8d98,0x8d98,0x8d98,0x8d98,
0x8d98,0x8d98,0x8d98,0x8d98,0x8577,0x8577,0x8598,0x8db8,0x8db8,0x8db8,0x8598,0x8598,0x8598,0x8598,0x8598,0x8598,0x8db8,0x8db8,0x8db8,0x8598,0x8598,0x8598,0x8598,0x8598,
0x8598,0x8db8,0x8db8,0x8db8,0x8d98,0x8d98,0x8d98,0x8d98,0x8d98,0x8d98,0x8d98,0x8d98,0x8d98,0x8db8,0x8db8,0x8db8,0x8598,0x8598,0x8598,0x8d98,0x8d98,0x8d98,0x8db8,0x8db8,
0x8db8,0x8db8,0x8db8,0x8db8,0x8db8,0x8db8,0x8db8,0x95f9,0x95f9,0x95f9,0x95d9,0x95d9,0x95d9,0x95f9,0x95f9,0x95f9,0x9df9,0x9df9,0x9df9,0x9df9,0x95d8,0x95d8,0x95d9,0x95d9,
0x95d9,0x95f9,0x9df9,0x9df9,0x9df9,0x9df9,0x9df9,0x9df9,0x9e19,0x9e19,0x9e19,0x9e19,0x9e19,0x9e19,0x9df9,0x9df9,0x9df9,0xa619,0xa619,0xa619,0x9e19,0x9e19,0x9e19,0xa63a,
0xa63a,0xa63a,0xae5a,0xb69b,0xc6db,0xd6fb,0xdf3c,0xef5c,0xff9d,0xef7d,0xdf3c,0xd71b,0xc6db,0xbe9a,0xae3a,0xae3a,0xae3a,0xae5a,0xae5a,0xae5a,0xa63a,0xa63a,0xa63a,0xa63a,
0xa63a,0xa63a,0xa63a,0xa63a,0xa63a,0xa63a,0xa63a,0xa63a,0xa61a,0xa619,0xa619,0xa619,0xa619,0xa619,0xa619,0xa619,0xa619,0xa619,0xa619,0xa619,0xa619,0xa619,0xa619,0xa63a,
0xa63a,0xa63a,0xa63a,0xa619,0xa619,0xa61a,0xa63a,0xa63a,0xa63a,0xa619,0xa619,0xa619,0xa63a,0xa63a,0xa63a,0xa619,0xa619,0xa619,0xa63a,0xa63a,0xa63a,0xae5a,0xae5a,0xae5a,
0xa619,0xa619,0xa619,0xae5a,0xae5a,0xae5a,0xa63a,0xa63a,0xa63a,0xa63a,0xa63a,0xa63a,0xa63a,0xa63a,0xa63a,0xa619,0xa619,0xa619,0xa63a,0xa63a,0xa63a,0xa619,0xa619,0xa619,
0xa63a,0xa63a,0xa63a,0xa619,0xa619,0xa619,0x9e19,0x9e19,0x9e19,0x9e19,0x9e19,0x9e19,0x9e19,0x9e19,0x9e19,0x9e19,0x9df9,0x9df9,0x9df9,0x95d8,0x95d8,0x95d9,0x95d9,0x95d9,
0x95d9,0x95d8,0x95d8,0x95d8,0x95d8,0x95d8,0x95d8,0x95f9,0x95f9,0x95f9,0x95d8,0x95d8,0x95d8,0x95b8,0x95b8,0x95b8,0x95d9,0x95d9,0x95d9,0x95d8,0x95d8,0x95d8,0x95d9,0x95d9,
0x95d9,0x95f9,0x95f9,0x95f9,0x95f9,0x95f9,0x95f9,0x95d9,0x95d9,0x95d9,0x8db8,0x8db8,0x8db8,0x8db8,0x8db8,0x8db8,0x8db8,0x8db8,0x8db8,0x8db8,0x8db8,0x8db8,0x8db8,0x8db8,
0x8db8,0x8db8,0x8db8,0x8db8,0x8db8,0x8db8,0x8db8,0x85b8,0x8598,0x8598,0x8d98,0x8d98,0x8d98,0x8d98,0x8d98,0x8d98,0x8d98,0x8d98,0x8d98,0x8d98,0x8577,0x8577,0x8598,0x8db8,
0x8db8,0x8db8,0x8598,0x8598,0x8598,0x8598,0x8598,0x8598,0x8db8,0x8db8,0x8db8,0x8598,0x8598,0x8598,0x8598,0x8598,0x8598,0x8db8,0x8db8,0x8db8,0x8d98,0x8d98,0x8d98,0x8d98,
0x8d98,0x8d98,0x8d98,0x8d98,0x8d98,0x8db8,0x8db8,0x8db8,0x8598,0x8598,0x8598,0x8d98,0x8d98,0x8d98,0x8db8,0x8db8,0x8db8,0x8db8,0x8db8,0x8db8,0x8db8,0x8db8,0x8db8,0x95f9,
0x95f9,0x95f9,0x95d9,0x95d9,0x95d9,0x95f9,0x95f9,0x95f9,0x9df9,0x9df9,0x9df9,0x9df9,0x95d8,0x95d8,0x95d9,0x95d9,0x95d9,0x95f9,0x9df9,0x9df9,0x9df9,0x9df9,0x9df9,0x9df9,
0x9e19,0x9e19,0x9e19,0x9e19,0x9e19,0x9e19,0x9df9,0x9df9,0x9df9,0xa619,0xa619,0xa619,0x9e19,0x9e19,0x9e19,0xa63a,0xa63a,0xa63a,0xae5a,0xb69b,0xc6db,0xd6fb,0xdf3c,0xef5c,
0xff9d,0xef7d,0xdf3c,0xd6fb,0xc6db,0xbeba,0xae5a,0xae5a,0xae5a,0xa63a,0xa63a,0xa63a,0xae5a,0xae5a,0xae5a,0xa63a,0xa63a,0xa63a,0xa65a,0xa65a,0xa65a,0xa65a,0xa65a,0xa65a,
0xae5a,0xae5a,0xae5a,0xa65a,0xa639,0xa639,0xae3a,0xae5a,0xae5a,0xae3a,0xa639,0xa639,0xae3a,0xae5a,0xae5a,0xae5a,0xae39,0xa639,0xa639,0xa639,0xa639,0xa639,0xa639,0xa619,
0xa639,0xa65a,0xa65a,0xa65a,0xa63a,0xa63a,0xa63a,0xa63a,0xa63a,0xa63a,0xa619,0xa619,0xa619,0xae5a,0xae5a,0xae5a,0xa619,0xa619,0xa619,0xa639,0xa639,0xa639,0xae5a,0xae5a,
0xae5a,0xae5a,0xae5a,0xae5a,0xa63a,0xa63a,0xa63a,0xae5a,0xae5a,0xae5a,0xa619,0xa619,0xa619,0xa639,0xa639,0xa639,0xa619,0xa619,0xa619,0x9df9,0x9df9,0x9df9,0xa619,0xa619,
0xa619,0xa61a,0xa61a,0xa61a,0x9e1a,0x9df9,0x9df9,0x9df9,0x9df9,0x9df9,0x9e19,0x9e19,0x9e19,0x9df9,0x95d9,0x95d9,0x95f9,0x9df9,0x9df9,0x9df9,0x9df9,0x9df9,0x9df9,0x95f9,
0x95f9,0x95f9,0x95d9,0x95d9,0x95d9,0x95f9,0x95f9,0x95f9,0x95d9,0x95d9,0x95d9,0x95d9,0x95d9,0x95d9,0x95f9,0x95f9,0x95f9,0x9df9,0x9df9,0x9df9,0x9e19,0x9e19,0x9e19,0x9df9,
0x9df9,0x9df9,0x9e19,0x9e19,0x9e19,0x9e19,0x9e19,0x9e19,0x9e19,0x9e19,0x9e19,0x9e19,0x9e19,0x9e19,0x9e18,0x9e18,0x9df8,0x9df8,0x9df8,0x9df8,0x9df9,0x9df9,0x9df9,0x95d9,
0x95d8,0x95d8,0x95d8,0x95d8,0x8dd8,0x85d8,0x85b8,0x8598,0x8598,0x8d98,0x8d98,0x8db8,0x8db8,0x8db8,0x8db8,0x8598,0x8598,0x8598,0x8d98,0x8d98,0x8d98,0x8598,0x8598,0x8598,
0x8598,0x8598,0x8598,0x8d98,0x8d98,0x8d98,0x8598,0x8598,0x8598,0x8d98,0x8d98,0x8d98,0x8db8,0x8db8,0x8db8,0x8d98,0x8d98,0x8d98,0x8db8,0x8db8,0x8db8,0x8db8,0x8db8,0x8db8,
0x8db8,0x8db8,0x8db8,0x8db8,0x8db8,0x8db8,0x8db8,0x8db8,0x8db8,0x8db8,0x8db8,0x8db8,0x95d9,0x95d9,0x95d9,0x8db8,0x8db8,0x8db8,0x95b8,0x95b8,0x95b8,0x95d9,0x95d9,0x95d9,
0x9df9,0x9df9,0x9df9,0x9df9,0x95d9,0x95d9,0x9df9,0x9df9,0x9df9,0x9e19,0x9e19,0x9e19,0x9e19,0x9e19,0x9e19,0x9e19,0x9e19,0x9e19,0x9e19,0x9df9,0x9df9,0x9df9,0x9e19,0x9e19,
0x9e19,0x9df9,0x9df9,0x9df9,0x9df9,0x9df9,0x9df9,0xa63a,0xa63a,0xa63a,0xa639,0xb67a,0xc6ba,0xd6fb,0xdf3c,0xef5c,0xff9d,0xef7d,0xdf3c,0xd6fb,0xc6db,0xbeba,0xae5a,0xae5a,
0xae5a,0xa63a,0xa63a,0xa63a,0xae5a,0xae5a,0xae5a,0xa65a,0xa65a,0xa65a,0xa65a,0xa65a,0xae5a,0xa65a,0xa65a,0xa65a,0xae5a,0xae5a,0xae5a,0xa65a,0xa639,0xa659,0xae5a,0xae5a,
0xae5a,0xae5a,0xa659,0xa659,0xae5a,0xae5a,0xae5a,0xae5a,0xae39,0xae39,0xa639,0xa639,0xae39,0xa639,0xa639,0xa619,0xa639,0xa67a,0xa65a,0xa65a,0xa63a,0xa63a,0xa63a,0xa63a,
0xa63a,0xa63a,0xa619,0xa619,0xa619,0xae5a,0xae5a,0xae5a,0xa619,0xa619,0xa619,0xa639,0xa639,0xa639,0xae5a,0xae5a,0xae5a,0xae5a,0xae5a,0xae5a,0xa63a,0xa63a,0xa63a,0xae5a,
0xae5a,0xae5a,0xa619,0xa619,0xa619,0xa639,0xa639,0xa639,0xa619,0xa619,0xa619,0x9df9,0x9df9,0x9df9,0xa619,0xa619,0xa619,0xa61a,0xa61a,0xa61a,0x9e1a,0x9df9,0x9df9,0x9df9,
0x9df9,0x9df9,0x9e19,0x9e19,0x9e19,0x9df9,0x95d9,0x95d9,0x95f9,0x9df9,0x9df9,0x9df9,0x9df9,0x9df9,0x9df9,0x95f9,0x95f9,0x95f9,0x95d9,0x95d9,0x95d9,0x95f9,0x95f9,0x95f9,
0x95d9,0x95d9,0x95d9,0x95d9,0x95d9,0x95d9,0x95f9,0x95f9,0x9e19,0x9df9,0x9df9,0x9df9,0x9e19,0x9e19,0x9e19,0x9df9,0x9df9,0x9e19,0x9e39,0x9e39,0x9e39,0x9e19,0x9e19,0x9e19,
0x9e19,0x9e19,0x9e19,0x9e19,0x9e19,0x9e19,0x9e18,0x9e18,0x9e18,0x9e18,0x9e18,0x9e18,0x9df9,0x9df9,0x9df9,0x95f9,0x95f8,0x95d8,0x95d8,0x95d8,0x95d8,0x8dd8,0x85b8,0x85b8,
0x85b8,0x8db8,0x8d98,0x8db8,0x8db8,0x8db8,0x8db8,0x8598,0x8598,0x8598,0x8d98,0x8d98,0x8d98,0x8598,0x8598,0x8598,0x8598,0x8598,0x8598,0x8d98,0x8d98,0x8d98,0x8598,0x8598,
0x8598,0x8d98,0x8d98,0x8d98,0x8db8,0x8db8,0x8db8,0x8d98,0x8d98,0x8d98,0x8db8,0x8db8,0x8db8,0x8db8,0x8db8,0x8db8,0x8db8,0x8db8,0x8db8,0x8db8,0x8db8,0x8db8,0x8db8,0x8db8,
0x8db8,0x8db8,0x8db8,0x8db8,0x95d9,0x95d9,0x95d9,0x8db8,0x8db8,0x8db8,0x95b8,0x95b8,0x95b8,0x95d9,0x95d9,0x95d9,0x9df9,0x9df9,0x9df9,0x9df9,0x95d9,0x95d9,0x9df9,0x9df9,
0x9df9,0x9e19,0x9e19,0x9e19,0x9e19,0x9e19,0x9e19,0x9e19,0x9e19,0x9e19,0x9e19,0x9df9,0x9df9,0x9df9,0x9e19,0x9e19,0x9e19,0x9df9,0x9df9,0x9df9,0x9df9,0x9df9,0x9df9,0xa63a,
0xa63a,0xa63a,0xa639,0xb67a,0xc6ba,0xd6fb,0xdf3c,0xef5c,0xff9d,0xef7d,0xdf3c,0xd6fb,0xc6db,0xbeba,0xae5a,0xae5a,0xae5a,0xa63a,0xa63a,0xa63a,0xae5a,0xae5a,0xae5a,0xa65a,
0xa65a,0xa65a,0xa65a,0xa65a,0xae5a,0xae5a,0xae5a,0xae5a,0xae5a,0xae5a,0xae5a,0xa63a,0xa639,0xa659,0xae5a,0xae5a,0xae5a,0xae5a,0xa659,0xa659,0xae5a,0xae5a,0xae5a,0xae5a,
0xae39,0xae39,0xae39,0xae39,0xae39,0xae39,0xa639,0xa639,0xa659,0xa67a,0xa65a,0xa65a,0xa63a,0xa63a,0xa63a,0xa63a,0xa63a,0xa63a,0xa619,0xa619,0xa619,0xae5a,0xae5a,0xae5a,
0xa619,0xa619,0xa619,0xa639,0xa639,0xa639,0xae5a,0xae5a,0xae5a,0xae5a,0xae5a,0xae5a,0xa63a,0xa63a,0xa63a,0xae5a,0xae5a,0xae5a,0xa619,0xa619,0xa619,0xa639,0xa639,0xa639,
0xa619,0xa619,0xa619,0x9df9,0x9df9,0x9df9,0xa619,0xa619,0xa619,0xa61a,0xa61a,0xa61a,0x9e1a,0x9df9,0x9df9,0x9df9,0x9df9,0x9df9,0x9e19,0x9e19,0x9e19,0x9df9,0x95d9,0x95d9,
0x95f9,0x9df9,0x9df9,0x9df9,0x9df9,0x9df9,0x9df9,0x95f9,0x95f9,0x95f9,0x95d9,0x95d9,0x95d9,0x95f9,0x95f9,0x95f9,0x95d9,0x95d9,0x95d9,0x95d9,0x95d9,0x95d9,0x95f9,0x9e19,
0x9e19,0x9df9,0x9df9,0x9df9,0x9e19,0x9e19,0x9e19,0x9df9,0x9e19,0x9e19,0x9e39,0x9e39,0x9e39,0x9e19,0x9e19,0x9e19,0x9e19,0x9e19,0x9e19,0x9e19,0x9e19,0x9e19,0x9e18,0x9e18,
0x9e18,0x9e18,0x9e18,0x9e18,0x9df9,0x9df9,0x9df9,0x95f9,0x95f8,0x95d8,0x95d8,0x95d8,0x95d8,0x8dd8,0x85b8,0x85b8,0x85b8,0x8db8,0x8d98,0x8db8,0x8db8,0x8db8,0x8db8,0x8598,
0x8598,0x8598,0x8d98,0x8d98,0x8d98,0x8598,0x8598,0x8598,0x8598,0x8598,0x8598,0x8d98,0x8d98,0x8d98,0x8598,0x8598,0x8598,0x8d98,0x8d98,0x8d98,0x8db8,0x8db8,0x8db8,0x8d98,
0x8d98,0x8d98,0x8db8,0x8db8,0x8db8,0x8db8,0x8db8,0x8db8,0x8db8,0x8db8,0x8db8,0x8db8,0x8db8,0x8db8,0x8db8,0x8db8,0x8db8,0x8db8,0x8db8,0x8db8,0x95d9,0x95d9,0x95d9,0x8db8,
0x8db8,0x8db8,0x95b8,0x95b8,0x95b8,0x95d9,0x95d9,0x95d9,0x9df9,0x9df9,0x9df9,0x9df9,0x95d9,0x95d9,0x9df9,0x9df9,0x9df9,0x9e19,0x9e19,0x9e19,0x9e19,0x9e19,0x9e19,0x9e19,
0x9e19,0x9e19,0x9e19,0x9df9,0x9df9,0x9df9,0x9e19,0x9e19,0x9e19,0x9df9,0x9df9,0x9df9,0x9df9,0x9df9,0x9df9,0xa63a,0xa63a,0xa63a,0xa639,0xb67a,0xc6ba,0xd6fb,0xdf3c,0xef5c,
0xff9d,0xef7d,0xdf3c,0xd71b,0xc6db,0xbe9a,0xae3a,0xae3a,0xae3a,0xa639,0xa639,0xa639,0xae5a,0xae5a,0xae7a,0xae7a,0xae7a,0xae7a,0xae5a,0xae5a,0xae5a,0xae3a,0xae39,0xae39,
0xae5a,0xae5a,0xae5a,0xae5a,0xae59,0xae59,0xae59,0xae59,0xae59,0xae5a,0xae5a,0xae5a,0xae5a,0xae59,0xae59,0xae59,0xae59,0xae39,0xae3a,0xae5a,0xae5a,0xae5a,0xae5a,0xa65a,
0xa65a,0xa67a,0xa67a,0xa67a,0xa63a,0xa63a,0xa63a,0xa63a,0xa63a,0xa63a,0xa63a,0xa63a,0xa63a,0xa63a,0xa63a,0xa63a,0xa63a,0xa63a,0xa63a,0xa63a,0xa63a,0xa63a,0xae5a,0xae5a,
0xae5a,0xae5a,0xae5a,0xae5a,0xa63a,0xa63a,0xa63a,0xa639,0xa639,0xa639,0xa63a,0xa63a,0xa63a,0xae5a,0xae5a,0xae5a,0xa65a,0xa65a,0xa65a,0xa63a,0xa63a,0xa63a,0xa61a,0xa619,
0xa619,0xa619,0xa619,0xa619,0x9e19,0x9e19,0x9e19,0x9e19,0x9e19,0x9e19,0x9e19,0x9e19,0x9e19,0x9e19,0x9df9,0x9df9,0x9e19,0x9e19,0x9e19,0x9e19,0x9df9,0x9df9,0x9df9,0x95d9,
0x95d9,0x95d9,0x95f9,0x95f9,0x95f9,0x95f9,0x95f9,0x95f9,0x95d8,0x95d8,0x95d8,0x95d8,0x95d8,0x95d8,0x9df8,0x9df8,0x9df8,0xa619,0xa619,0xa619,0xa619,0xa639,0xa639,0x9e19,
0x9e19,0x9e19,0xa639,0xa639,0xae39,0xa618,0xa618,0xa618,0xa618,0xa618,0xa618,0xa618,0xa618,0xa618,0xa619,0xa619,0xa619,0x9e18,0x9e18,0x9e18,0x9df8,0x9df8,0x9df8,0x9df9,
0x9df9,0x9df9,0x95f9,0x95f9,0x95f9,0x95f9,0x95d8,0x8dd8,0x8dd8,0x8dd8,0x8db8,0x8db8,0x8d98,0x8d98,0x8d98,0x8d98,0x8d98,0x8d98,0x8db8,0x8db8,0x8db8,0x8db8,0x8db8,0x8db8,
0x8598,0x8598,0x8598,0x8db8,0x8db8,0x8db8,0x8d98,0x8d98,0x8d98,0x8db8,0x8db8,0x8db8,0x8d98,0x8d98,0x8d98,0x8d98,0x8d98,0x8d98,0x8db8,0x8db8,0x8db8,0x8d98,0x8d98,0x8d98,
0x8db8,0x8db8,0x8db8,0x8dd8,0x8dd8,0x8dd8,0x8db8,0x8db8,0x8db8,0x8db8,0x8db8,0x8db8,0x95d9,0x95d9,0x95d9,0x95d8,0x95d8,0x95d8,0x95d9,0x95d9,0x95d9,0x95f9,0x95f9,0x95f9,
0x9df9,0x9df9,0x9df9,0x9df9,0x9df9,0x9df9,0x9df9,0x9df9,0x9df9,0x9df9,0x9df9,0x9df9,0x9df9,0x9df9,0x9df9,0x9df9,0x9e19,0x9e19,0x9e19,0x9e19,0x9e19,0x9e19,0x9e19,0x9e19,
0x9e19,0x9e19,0x9e19,0x9e19,0x9e19,0x9e19,0x9e19,0xa63a,0xa63a,0xa63a,0xa619,0xb65a,0xc69a,0xd6fb,0xdf3c,0xef5c,0xff9d,0xef7d,0xdf3c,0xd71b,0xc6db,0xbe9a,0xae3a,0xae3a,
0xae3a,0xa639,0xa639,0xa639,0xae5a,0xae7a,0xae7a,0xae7a,0xae7a,0xae7a,0xae5a,0xae5a,0xae5a,0xae59,0xae39,0xae39,0xae5a,0xae5a,0xae5a,0xae5a,0xae59,0xae59,0xae59,0xae59,
0xae59,0xae5a,0xae5a,0xae5a,0xae5a,0xae59,0xae59,0xae59,0xae59,0xae39,0xae5a,0xae5a,0xae5a,0xae5a,0xae5a,0xae5a,0xa65a,0xa67a,0xa67a,0xa67a,0xa63a,0xa63a,0xa63a,0xa63a,
0xa63a,0xa63a,0xa63a,0xa63a,0xa63a,0xa63a,0xa63a,0xa63a,0xa63a,0xa63a,0xa63a,0xa63a,0xa63a,0xa63a,0xae5a,0xae5a,0xae5a,0xae5a,0xae5a,0xae5a,0xa63a,0xa63a,0xa63a,0xa639,
0xa639,0xa639,0xa63a,0xa63a,0xa63a,0xae5a,0xae5a,0xae5a,0xa65a,0xa65a,0xa65a,0xa63a,0xa63a,0xa63a,0xa61a,0xa619,0xa619,0xa619,0xa619,0xa619,0x9e19,0x9e19,0x9e19,0x9e19,
0x9e19,0x9e19,0x9e19,0x9e19,0x9e19,0x9e19,0x9df9,0x9df9,0x9e19,0x9e19,0x9e19,0x9e19,0x9df9,0x9df9,0x9df9,0x95d9,0x95d9,0x95d9,0x95f9,0x95f9,0x95f9,0x95f9,0x95f9,0x95f9,
0x95d8,0x95d8,0x95d8,0x95d8,0x95d8,0x9dd8,0x9df8,0x9df8,0x9df8,0xa619,0xa619,0xa639,0xa619,0xa639,0xa639,0x9e19,0x9e19,0x9e19,0xa639,0xae39,0xae39,0xa618,0xa618,0xa618,
0xa618,0xa618,0xa618,0xa618,0xa618,0xa618,0xa619,0xa619,0xa619,0xa618,0x9e18,0x9e18,0x9e18,0x9df8,0x9df8,0x9df9,0x9df9,0x9e19,0x95f9,0x95f9,0x95f9,0x95f9,0x95d8,0x8dd8,
0x8dd8,0x8dd8,0x8dd8,0x8db8,0x8d98,0x8d98,0x8d98,0x8d98,0x8d98,0x8d98,0x8db8,0x8db8,0x8db8,0x8db8,0x8db8,0x8db8,0x8598,0x8598,0x8598,0x8db8,0x8db8,0x8db8,0x8d98,0x8d98,
0x8d98,0x8db8,0x8db8,0x8db8,0x8d98,0x8d98,0x8d98,0x8d98,0x8d98,0x8d98,0x8db8,0x8db8,0x8db8,0x8d98,0x8d98,0x8d98,0x8db8,0x8db8,0x8db8,0x8dd8,0x8dd8,0x8dd8,0x8db8,0x8db8,
0x8db8,0x8db8,0x8db8,0x8db8,0x95d9,0x95d9,0x95d9,0x95d8,0x95d8,0x95d8,0x95d9,0x95d9,0x95d9,0x95f9,0x95f9,0x95f9,0x9df9,0x9df9,0x9df9,0x9df9,0x9df9,0x9df9,0x9df9,0x9df9,
0x9df9,0x9df9,0x9df9,0x9df9,0x9df9,0x9df9,0x9df9,0x9df9,0x9e19,0x9e19,0x9e19,0x9e19,0x9e19,0x9e19,0x9e19,0x9e19,0x9e19,0x9e19,0x9e19,0x9e19,0x9e19,0x9e19,0x9e19,0xa63a,
0xa63a,0xa63a,0xa619,0xb65a,0xc69a,0xd6fb,0xdf3c,0xef5c,0xff9d,0xef7d,0xdf3c,0xd71b,0xc6db,0xbe9a,0xae3a,0xae3a,0xae3a,0xa639,0xa639,0xa639,0xae7a,0xae7a,0xae7a,0xae7a,
0xae7a,0xb67a,0xae5a,0xae5a,0xae5a,0xae59,0xae59,0xae59,0xae5a,0xae5a,0xae5a,0xae5a,0xae59,0xae59,0xae59,0xae59,0xae59,0xae7a,0xae7a,0xae7a,0xae7a,0xae59,0xae59,0xae59,
0xae59,0xae59,0xae5a,0xae5a,0xae5a,0xae5a,0xae5a,0xae5a,0xae5a,0xa67a,0xa67a,0xa67a,0xa65a,0xa63a,0xa63a,0xa63a,0xa63a,0xa63a,0xa63a,0xa63a,0xa63a,0xa63a,0xa63a,0xa63a,
0xa63a,0xa63a,0xa63a,0xa63a,0xa63a,0xa63a,0xae5a,0xae5a,0xae5a,0xae5a,0xae5a,0xae5a,0xa63a,0xa63a,0xa63a,0xa639,0xa639,0xa639,0xa63a,0xa63a,0xa63a,0xae5a,0xae5a,0xae5a,
0xa65a,0xa65a,0xa65a,0xa63a,0xa63a,0xa63a,0xa61a,0xa619,0xa619,0xa619,0xa619,0xa619,0x9e19,0x9e19,0x9e19,0x9e19,0x9e19,0x9e19,0x9e19,0x9e19,0x9e19,0x9e19,0x9df9,0x9df9,
0x9e19,0x9e19,0x9e19,0x9e19,0x9df9,0x9df9,0x9df9,0x95d9,0x95d9,0x95d9,0x95f9,0x95f9,0x95f9,0x95f9,0x95f9,0x95f9,0x95d8,0x95d8,0x95d8,0x95d8,0x9df8,0x9df8,0x9df8,0x9df8,
0x9df8,0xa619,0xa639,0xa639,0xa639,0xa639,0xa639,0xa619,0xa619,0xa619,0xae39,0xae39,0xae39,0xa618,0xa618,0xa618,0xa638,0xa638,0xa638,0xa638,0xa638,0xa638,0xa639,0xa639,
0xa619,0xa618,0xa618,0xa618,0x9e18,0x9e18,0x9df8,0x9e19,0x9e19,0x9e19,0x9619,0x95f9,0x95f9,0x95f9,0x95d8,0x95d8,0x95d8,0x8dd8,0x8dd8,0x8db8,0x8d98,0x8d98,0x8d98,0x8d98,
0x8d98,0x8d98,0x8db8,0x8db8,0x8db8,0x8db8,0x8db8,0x8db8,0x8598,0x8598,0x8598,0x8db8,0x8db8,0x8db8,0x8d98,0x8d98,0x8d98,0x8db8,0x8db8,0x8db8,0x8d98,0x8d98,0x8d98,0x8d98,
0x8d98,0x8d98,0x8db8,0x8db8,0x8db8,0x8d98,0x8d98,0x8d98,0x8db8,0x8db8,0x8db8,0x8dd8,0x8dd8,0x8dd8,0x8db8,0x8db8,0x8db8,0x8db8,0x8db8,0x8db8,0x95d9,0x95d9,0x95d9,0x95d8,
0x95d8,0x95d8,0x95d9,0x95d9,0x95d9,0x95f9,0x95f9,0x95f9,0x9df9,0x9df9,0x9df9,0x9df9,0x9df9,0x9df9,0x9df9,0x9df9,0x9df9,0x9df9,0x9df9,0x9df9,0x9df9,0x9df9,0x9df9,0x9df9,
0x9e19,0x9e19,0x9e19,0x9e19,0x9e19,0x9e19,0x9e19,0x9e19,0x9e19,0x9e19,0x9e19,0x9e19,0x9e19,0x9e19,0x9e19,0xa63a,0xa63a,0xa63a,0xa619,0xb65a,0xc69a,0xd6fb,0xdf3c,0xef5c,
0xff9d,0xef7d,0xdf3c,0xd6fb,0xc6bb,0xb67a,0xa63a,0xa63a,0xa63a,0xae5a,0xae5a,0xae7a,0xae7a,0xae7a,0xb67a,0xae5a,0xae5a,0xae5a,0xae5a,0xae5a,0xae5a,0xa639,0xa639,0xae39,
0xae59,0xae59,0xae59,0xae59,0xae39,0xae39,0xae39,0xae39,0xae39,0xae5a,0xae7a,0xae7a,0xae7a,0xae7a,0xae7a,0xae7a,0xae7a,0xae7a,0xae7a,0xae59,0xae59,0xae59,0xa659,0xa639,
0xa63a,0xae5a,0xae5a,0xae5a,0xa639,0xa639,0xa63a,0xa63a,0xa63a,0xa63a,0xa619,0xa619,0xa619,0xa63a,0xa63a,0xa63a,0xa619,0xa619,0xa619,0xa63a,0xa63a,0xa63a,0xa63a,0xa63a,
0xa63a,0xa63a,0xa63a,0xa63a,0xae3a,0xae3a,0xb65a,0xa619,0xa619,0xa619,0xa639,0xa639,0xa639,0xa639,0xa639,0xa639,0xa63a,0xa63a,0xa63a,0xa63a,0xa63a,0xa63a,0xa61a,0xa619,
0xa619,0xa619,0xa619,0xa619,0x9e19,0x9e19,0x9e19,0x9e19,0x9e19,0x9e19,0x9e19,0x9df9,0x9df9,0x9df9,0x9df9,0x9df9,0x9df9,0x9df9,0x9df9,0x9df9,0x95d9,0x95d9,0x95d9,0x9df9,
0x9df9,0x9df9,0x9df9,0x9df9,0x9df9,0x9e19,0x9e19,0x9e19,0x9df9,0x9df9,0x9df9,0x9df9,0x9df9,0x9df9,0xa619,0xa619,0xa619,0xa639,0xa639,0xa639,0xa659,0xa659,0xae59,0xae59,
0xae59,0xae59,0xae59,0xae59,0xae59,0xa639,0xa639,0xa639,0xae59,0xae59,0xae59,0xa638,0xa638,0xa638,0xa659,0xa659,0xa659,0xa639,0xa639,0xa639,0x9e19,0x9e18,0x9e18,0x9e19,
0x9e19,0x9e19,0x9e19,0x9df8,0x95f8,0x95f8,0x95f8,0x95d8,0x95d8,0x95d8,0x8dd8,0x8dd9,0x8dd9,0x8dd9,0x8db9,0x8db8,0x8db8,0x8db8,0x8d98,0x8d98,0x8d98,0x8db8,0x8db8,0x8db8,
0x8598,0x8598,0x8598,0x8db8,0x8db8,0x8db8,0x8598,0x8598,0x8598,0x8db8,0x8db8,0x8db8,0x8598,0x8598,0x8598,0x8598,0x8598,0x8598,0x8db8,0x8db8,0x8db8,0x8db8,0x8db8,0x8db8,
0x8db8,0x8db8,0x8db8,0x8db8,0x8d98,0x8d98,0x95d9,0x95d9,0x95d9,0x95d8,0x95d8,0x95d8,0x95d8,0x95d8,0x95d8,0x95f9,0x95f9,0x95f9,0x95d9,0x95d9,0x95d9,0x95d9,0x95d9,0x95d9,
0x95f9,0x95f9,0x95f9,0x9df9,0x9df9,0x9df9,0x9e19,0x9e19,0x9e19,0x9e19,0x9e19,0x9e19,0x9e19,0x9e19,0x9e19,0x9e19,0x9e19,0x9e19,0x9e19,0x9e19,0x9e19,0x9e19,0x9e19,0x9e19,
0x9e19,0x9e19,0x9e19,0x9e19,0x9df9,0x9df9,0x9e19,0x9e19,0x9e19,0x9e19,0xa639,0xb67a,0xc69a,0xcefb,0xdf3c,0xef5c,0xff9d,0xef7d,0xdf3c,0xd6fb,0xc6bb,0xb67a,0xa63a,0xa63a,
0xa63a,0xae5a,0xae7a,0xae7a,0xae7a,0xae7a,0xb67a,0xae5a,0xae5a,0xae5a,0xae5a,0xae5a,0xae5a,0xae39,0xa639,0xae39,0xae59,0xae59,0xae59,0xae59,0xae39,0xae39,0xae39,0xae39,
0xae39,0xae5a,0xae7a,0xae7a,0xae7a,0xae7a,0xae7a,0xae7a,0xae7a,0xae7a,0xae7a,0xae59,0xae59,0xae59,0xa659,0xa639,0xa659,0xae5a,0xae5a,0xae5a,0xa639,0xa639,0xa639,0xa65a,
0xa63a,0xa63a,0xa619,0xa619,0xa619,0xa63a,0xa63a,0xa63a,0xa619,0xa619,0xa619,0xa63a,0xa63a,0xa63a,0xa63a,0xa63a,0xa63a,0xa63a,0xa63a,0xa63a,0xae3a,0xae3a,0xb65a,0xa619,
0xa619,0xa619,0xa639,0xa639,0xa639,0xa639,0xa639,0xa639,0xa63a,0xa63a,0xa63a,0xa63a,0xa63a,0xa63a,0xa61a,0xa619,0xa619,0xa619,0xa619,0xa619,0x9e19,0x9e19,0x9e19,0x9e19,
0x9e19,0x9e19,0x9e19,0x9df9,0x9df9,0x9df9,0x9df9,0x9df9,0x9df9,0x9df9,0x9df9,0x9df9,0x95d9,0x95d9,0x95d9,0x9df9,0x9df9,0x9df9,0x9df9,0x9df9,0x9df9,0x9e19,0x9e19,0x9e19,
0x9df9,0x9df9,0x9df9,0x9df9,0x9df9,0x9df9,0xa619,0xa619,0xa619,0xa639,0xa639,0xa639,0xa659,0xae59,0xae59,0xae59,0xae59,0xae59,0xae59,0xae59,0xae59,0xa639,0xa639,0xa639,
0xae59,0xae59,0xae59,0xae39,0xa638,0xa638,0xa659,0xa659,0xa659,0xa639,0xa639,0xa639,0x9e19,0x9e18,0x9e18,0x9e19,0x9e19,0x9e19,0x9e19,0x9df8,0x95f8,0x95f8,0x95f8,0x95d8,
0x95d8,0x95d8,0x8dd8,0x8dd9,0x8dd9,0x8dd9,0x8dd9,0x8db8,0x8db8,0x8db8,0x8d98,0x8d98,0x8d98,0x8db8,0x8db8,0x8db8,0x8598,0x8598,0x8598,0x8db8,0x8db8,0x8db8,0x8598,0x8598,
0x8598,0x8db8,0x8db8,0x8db8,0x8598,0x8598,0x8598,0x8598,0x8598,0x8598,0x8db8,0x8db8,0x8db8,0x8db8,0x8db8,0x8db8,0x8db8,0x8db8,0x8db8,0x8d98,0x8d98,0x8d98,0x95d9,0x95d9,
0x95d9,0x95d8,0x95d8,0x95d8,0x95d8,0x95d8,0x95d8,0x95f9,0x95f9,0x95f9,0x95d9,0x95d9,0x95d9,0x95d9,0x95d9,0x95d9,0x95f9,0x95f9,0x95f9,0x9df9,0x9df9,0x9df9,0x9e19,0x9e19,
0x9e19,0x9e19,0x9e19,0x9e19,0x9e19,0x9e19,0x9e19,0x9e19,0x9e19,0x9e19,0x9e19,0x9e19,0x9e19,0x9e19,0x9e19,0x9e19,0x9e19,0x9e19,0x9e19,0x9e19,0x9df9,0x9df9,0x9df9,0x9e19,
0x9e19,0x9e19,0xa639,0xb67a,0xc6ba,0xcefb,0xdf3c,0xef5c,0xff9d,0xef7d,0xdf3c,0xd6fb,0xc6bb,0xb67a,0xa63a,0xa63a,0xa63a,0xae7a,0xae7a,0xae7a,0xae7a,0xae7a,0xb67a,0xae5a,
0xae5a,0xae5a,0xae5a,0xae5a,0xae5a,0xae39,0xae39,0xae39,0xae59,0xae59,0xae59,0xae59,0xae59,0xae59,0xae59,0xae59,0xae59,0xb67a,0xb67a,0xb67a,0xb67a,0xb67a,0xae7a,0xae7a,
0xae7a,0xae7a,0xae7a,0xae59,0xae59,0xae59,0xa659,0xa659,0xa659,0xae5a,0xae5a,0xae5a,0xa639,0xa639,0xa639,0xa65a,0xa63a,0xa63a,0xa619,0xa619,0xa619,0xa63a,0xa63a,0xa63a,
0xa619,0xa619,0xa619,0xa63a,0xa63a,0xa63a,0xa63a,0xa63a,0xa63a,0xa63a,0xa63a,0xa63a,0xae3a,0xae3a,0xae5a,0xa619,0xa619,0xa619,0xa639,0xa639,0xa639,0xa639,0xa639,0xa639,
0xa63a,0xa63a,0xa63a,0xa63a,0xa63a,0xa63a,0xa61a,0xa619,0xa619,0xa619,0xa619,0xa619,0x9e19,0x9e19,0x9e19,0x9e19,0x9e19,0x9e19,0x9e19,0x9df9,0x9df9,0x9df9,0x9df9,0x9df9,
0x9df9,0x9df9,0x9df9,0x9df9,0x95d9,0x95d9,0x95d9,0x9df9,0x9df9,0x9df9,0x9df9,0x9df9,0x9df9,0x9e19,0x9e19,0x9e19,0x9df9,0xa619,0xa619,0x9df9,0x9df9,0x9df9,0xa619,0xa639,
0xa639,0xa639,0xa639,0xa639,0xae59,0xae59,0xae59,0xae59,0xae59,0xae59,0xae59,0xae59,0xae59,0xae39,0xae39,0xae39,0xae59,0xae59,0xae59,0xae39,0xae39,0xae39,0xae59,0xae59,
0xae59,0xa639,0xa639,0xa639,0x9e19,0x9e18,0x9e18,0xa619,0xa619,0x9e19,0x9e19,0x9df8,0x9df8,0x9df8,0x95f8,0x95f8,0x95f8,0x95d8,0x95d8,0x95d9,0x8dd9,0x8dd9,0x8dd9,0x8db8,
0x8db8,0x8db8,0x8d98,0x8d98,0x8d98,0x8db8,0x8db8,0x8db8,0x8598,0x8598,0x8598,0x8db8,0x8db8,0x8db8,0x8598,0x8598,0x8598,0x8db8,0x8db8,0x8db8,0x8598,0x8598,0x8598,0x8598,
0x8598,0x8598,0x8db8,0x8db8,0x8db8,0x8db8,0x8db8,0x8db8,0x8db8,0x8db8,0x8db8,0x8d98,0x8d98,0x8d98,0x95d9,0x95d9,0x95d9,0x95d8,0x95d8,0x95d8,0x95d8,0x95d8,0x95d8,0x95f9,
0x95f9,0x95f9,0x95d9,0x95d9,0x95d9,0x95d9,0x95d9,0x95d9,0x95f9,0x95f9,0x95f9,0x9df9,0x9df9,0x9df9,0x9e19,0x9e19,0x9e19,0x9e19,0x9e19,0x9e19,0x9e19,0x9e19,0x9e19,0x9e19,
0x9e19,0x9e19,0x9e19,0x9e19,0x9e19,0x9e19,0x9e19,0x9e19,0x9e19,0x9e19,0x9e19,0x9e19,0x9df9,0x9df9,0x9df9,0x9e19,0x9e19,0x9e19,0xa639,0xb67a,0xc6ba,0xcefb,0xdf3c,0xef5c,
0xff9d,0xef7d,0xdf3c,0xd6fb,0xc6db,0xbe9a,0xa63a,0xa63a,0xa63a,0xa65a,0xa65a,0xa65a,0xae5a,0xae5a,0xae5a,0xae5a,0xae5a,0xae5a,0xae5a,0xae59,0xae59,0xae7a,0xae7a,0xae7a,
0xae59,0xae59,0xae59,0xb65a,0xb67a,0xb67a,0xb67a,0xb67a,0xb67a,0xb67a,0xae59,0xae59,0xae59,0xae59,0xae59,0xae59,0xb659,0xae59,0xae59,0xae59,0xae59,0xae59,0xae59,0xae59,
0xae59,0xae5a,0xae5a,0xae5a,0xae5a,0xa65a,0xa65a,0xa67a,0xa65a,0xa65a,0xae5a,0xae5a,0xae5a,0xa639,0xa639,0xa639,0xa63a,0xa63a,0xa63a,0xae5a,0xae5a,0xae5a,0xae5a,0xae5a,
0xae5a,0xae5a,0xae5a,0xae5a,0xae5a,0xae5a,0xae5a,0xb67a,0xae5a,0xae5a,0xa63a,0xa63a,0xa63a,0xae5a,0xae5a,0xae5a,0xae5a,0xae5a,0xae5a,0xa65a,0xa65a,0xa65a,0xa63a,0xa63a,
0xa63a,0xa639,0x9e19,0x9e19,0x9e19,0x9df9,0x9df9,0x9e19,0xa619,0xa619,0xa619,0xa619,0xa619,0xa619,0x9df9,0x9df9,0x9df9,0x95d9,0x95d9,0x95d9,0x9df9,0x9df9,0x9df9,0x9df9,
0x9df9,0x9df9,0x95d8,0x95d8,0x95d9,0x95f9,0x95f9,0x95f9,0x9e19,0xa639,0xa639,0xa639,0xa639,0xa639,0xa639,0xa639,0xa639,0x9e18,0xa618,0xa618,0xae59,0xae59,0xae59,0xae59,
0xae59,0xae59,0xae59,0xae59,0xae59,0xae59,0xae59,0xb659,0xae59,0xae59,0xae59,0xae59,0xae59,0xae59,0xae39,0xae39,0xae39,0xae59,0xae59,0xae59,0xa639,0xa639,0xa639,0xa639,
0xa639,0xa639,0x9e19,0x9e18,0x9e18,0x9e18,0x9e18,0x9df8,0x9df8,0x9df8,0x9df8,0x95d8,0x8db8,0x8db8,0x8db8,0x8db8,0x8db8,0x8db8,0x8db8,0x8db8,0x8db8,0x8dd8,0x8dd8,0x8dd8,
0x8db8,0x8db8,0x8db8,0x8598,0x8598,0x8598,0x8d98,0x8d98,0x8d98,0x8d98,0x8d98,0x8d98,0x8d98,0x8d98,0x8d98,0x8598,0x8598,0x8598,0x8598,0x8598,0x8598,0x8db8,0x8db8,0x8db8,
0x8d98,0x8d98,0x8d98,0x8db8,0x8db8,0x8db8,0x8db8,0x8db8,0x8db8,0x95d9,0x95d9,0x95d9,0x95d9,0x95d9,0x95d9,0x95d9,0x95d8,0x95d8,0x95d8,0x95d8,0x95d8,0x95d8,0x95d8,0x95d8,
0x95d8,0x95d8,0x95d8,0x9df9,0x9df9,0x9df9,0x9e19,0x9e19,0x9e19,0x9e19,0x9df9,0x9df9,0x9df9,0x9df9,0x9df9,0x9df9,0x9df9,0x9df9,0x9e19,0x9e19,0x9e19,0x9e19,0x9df9,0x9df9,
0x9e19,0x9e19,0x9e19,0x9e19,0x9df9,0x9df9,0x9df9,0x9df9,0x9df9,0x9e19,0xa639,0xb67a,0xc6ba,0xcefb,0xdf3c,0xef5c,0xff9d,0xef7d,0xdf3c,0xd71b,0xc6db,0xbe9a,0xa63a,0xa63a,
0xa63a,0xa65a,0xa65a,0xa65a,0xae5a,0xae5a,0xae5a,0xae5a,0xae5a,0xae5a,0xae59,0xae59,0xae59,0xae7a,0xae7a,0xae7a,0xae5a,0xae59,0xae59,0xb67a,0xb67a,0xb67a,0xb67a,0xb67a,
0xb67a,0xb67a,0xae59,0xae59,0xae59,0xae59,0xae59,0xae59,0xb659,0xae59,0xae59,0xae59,0xae59,0xae59,0xae59,0xae59,0xae59,0xae5a,0xae5a,0xae5a,0xae5a,0xae5a,0xa65a,0xa67a,
0xa67a,0xa65a,0xae5a,0xae5a,0xae5a,0xa639,0xa639,0xa639,0xa63a,0xa63a,0xa63a,0xae5a,0xae5a,0xae5a,0xae5a,0xae5a,0xae5a,0xae5a,0xae5a,0xae5a,0xae5a,0xae5a,0xae5a,0xb67a,
0xb67a,0xae5a,0xa63a,0xa63a,0xa63a,0xae5a,0xae5a,0xae5a,0xae5a,0xae5a,0xae5a,0xa65a,0xa65a,0xa65a,0xa63a,0xa63a,0xa63a,0x9e3a,0x9e19,0x9e19,0x9e19,0x9df9,0x9df9,0xa619,
0xa619,0xa619,0xa619,0xa619,0xa619,0xa619,0x9df9,0x9df9,0x9df9,0x95d9,0x95d9,0x95d9,0x9df9,0x9df9,0x9df9,0x9df9,0x9df9,0x9df9,0x95d8,0x95d8,0x95d8,0x95d9,0x95d9,0x95d9,
0x9e19,0xa639,0xa639,0xa639,0xa639,0xa639,0xa639,0xa639,0xa639,0x9e18,0xa618,0xa618,0xae59,0xae59,0xae59,0xae59,0xae59,0xae59,0xae59,0xae59,0xae59,0xae59,0xb659,0xb659,
0xae59,0xae59,0xae59,0xae59,0xae59,0xae59,0xae59,0xae39,0xae39,0xae59,0xae59,0xae59,0xae39,0xa639,0xa639,0xa639,0xa639,0xa639,0xa639,0x9e18,0x9e18,0x9e18,0x9e18,0x9df8,
0x9df8,0x9df8,0x9df8,0x95d8,0x8db8,0x8db8,0x8db8,0x8db8,0x8db8,0x8db8,0x8db8,0x8db8,0x8db8,0x8dd8,0x8dd8,0x8dd8,0x8db8,0x8db8,0x8db8,0x8598,0x8598,0x8598,0x8d98,0x8d98,
0x8d98,0x8d98,0x8d98,0x8d98,0x8d98,0x8d98,0x8d98,0x8598,0x8598,0x8598,0x8598,0x8598,0x8598,0x8db8,0x8db8,0x8db8,0x8d98,0x8d98,0x8d98,0x8db8,0x8db8,0x8db8,0x8db8,0x8db8,
0x8db8,0x95d9,0x95d9,0x95d9,0x95d9,0x95d9,0x95d9,0x95d8,0x95d8,0x95d8,0x95d8,0x95d8,0x95d8,0x95d8,0x95d8,0x95d8,0x95d8,0x95d8,0x95d8,0x9df9,0x9df9,0x9df9,0x9e19,0x9e19,
0x9e19,0x9e19,0x9df9,0x9df9,0x9df9,0x9df9,0x9df9,0x9df9,0x9df9,0x9df9,0x9df9,0x9e19,0x9e19,0x9e19,0x9df9,0x9df9,0x9df9,0x9e19,0x9e19,0x9e19,0x9df9,0x9df9,0x9df9,0x9df9,
0x9df9,0x9df9,0xa639,0xb67a,0xc6ba,0xcefb,0xdf3c,0xef5c,0xff9d,0xef7d,0xdf3c,0xd71b,0xc6db,0xbe9a,0xa63a,0xa63a,0xa65a,0xa65a,0xa65a,0xae5a,0xae5a,0xae5a,0xae5a,0xae5a,
0xae5a,0xae5a,0xae59,0xae59,0xae59,0xb67a,0xb67a,0xb67a,0xae5a,0xae59,0xae59,0xb67a,0xb6ba,0xb69a,0xb69a,0xb69a,0xb6ba,0xb67a,0xae59,0xae59,0xae79,0xae79,0xae59,0xae59,
0xb659,0xb659,0xb659,0xae59,0xae59,0xae59,0xae59,0xae59,0xae59,0xae5a,0xae5a,0xae5a,0xae5a,0xae5a,0xae5a,0xa67a,0xa67a,0xa67a,0xae5a,0xae5a,0xae5a,0xa639,0xa639,0xa639,
0xa63a,0xa63a,0xa63a,0xae5a,0xae5a,0xae5a,0xae5a,0xae5a,0xae5a,0xae5a,0xae5a,0xae5a,0xae5a,0xae5a,0xae5a,0xbe9a,0xbe9a,0xae5a,0xa63a,0xa63a,0xa63a,0xae7a,0xae7a,0xae7a,
0xae7a,0xae7a,0xae7a,0xa67a,0xa67a,0xa65a,0xa63a,0xa63a,0xa63a,0x9e3a,0x9e19,0x9e19,0x9e19,0x9df9,0x9df9,0xa619,0xa619,0xa619,0xa619,0xa619,0xa619,0xa619,0x9df9,0x9df9,
0x9df9,0x95d9,0x95d9,0x95d9,0x9df9,0x9df9,0x9df9,0x9df9,0x9df9,0x9df9,0x95d8,0x95d8,0x95d8,0x95d9,0x95d9,0x95d9,0x9e19,0xa639,0xa639,0xa639,0xa639,0xa639,0xa639,0xa639,
0xa639,0xa618,0xa618,0xa618,0xae59,0xae59,0xae59,0xae59,0xae59,0xae59,0xb659,0xb659,0xb659,0xb659,0xb659,0xb659,0xae59,0xae59,0xae59,0xae59,0xae59,0xae59,0xae59,0xae59,
0xae59,0xb659,0xb659,0xae59,0xae39,0xae39,0xa639,0xa659,0xa659,0xa639,0xa639,0xa618,0x9e18,0x9e18,0x9e18,0x9df8,0x9df8,0x9df8,0x9df8,0x95d8,0x8db8,0x8db8,0x8db8,0x8db8,
0x8db8,0x8db8,0x8db8,0x8db8,0x8db8,0x8dd8,0x8dd8,0x8dd8,0x8db8,0x8db8,0x8db8,0x8598,0x8598,0x8598,0x8d98,0x8d98,0x8d98,0x8d98,0x8d98,0x8d98,0x8d98,0x8d98,0x8d98,0x8598,
0x8598,0x8598,0x8598,0x8598,0x8598,0x8db8,0x8db8,0x8db8,0x8d98,0x8d98,0x8d98,0x8db8,0x8db8,0x8db8,0x8db8,0x8db8,0x8db8,0x95d9,0x95d9,0x95d9,0x95d9,0x95d9,0x95d9,0x95d8,
0x95d8,0x95d8,0x95d8,0x95d8,0x95d8,0x95d8,0x95d8,0x95d8,0x95d8,0x95d8,0x95d8,0x9df9,0x9df9,0x9df9,0x9e19,0x9e19,0x9e19,0x9e19,0x9df9,0x9df9,0x9df9,0x9df9,0x9df9,0x9df9,
0x9df9,0x9df9,0x9df9,0x9e19,0x9e19,0x9e19,0x9df9,0x9df9,0x9df9,0x9e19,0x9e19,0x9e19,0x9df9,0x9df9,0x9df9,0x9df9,0x9df9,0x9df9,0xa639,0xb67a,0xc6ba,0xcefb,0xdf3c,0xef5c,
0xff9d,0xef7d,0xdf3c,0xd71b,0xc6db,0xbe9a,0xa63a,0xa63a,0xa65a,0xae3a,0xae39,0xae39,0xae39,0xae59,0xae59,0xae5a,0xae5a,0xae7a,0xae59,0xae59,0xae59,0xb65a,0xb65a,0xb65a,
0xae5a,0xae59,0xae59,0xae79,0xae79,0xae79,0xb679,0xb679,0xb679,0xb67a,0xb69a,0xb69a,0xae7a,0xae79,0xae79,0xae79,0xb69a,0xb67a,0xb65a,0xb659,0xb659,0xb659,0xae59,0xae59,
0xae59,0xae5a,0xae5a,0xae5a,0xae39,0xae39,0xae5a,0xae5a,0xa65a,0xa65a,0xae5a,0xae5a,0xae5a,0xae5a,0xae5a,0xae5a,0xa63a,0xa63a,0xa63a,0xa63a,0xa63a,0xa63a,0xae3a,0xae3a,
0xae3a,0xae5a,0xae5a,0xae5a,0xa63a,0xa63a,0xa63a,0xb67a,0xb67a,0xae5a,0xae7a,0xae7a,0xae7a,0xa65a,0xa65a,0xa65a,0xa65a,0xa65a,0xa65a,0xae7a,0xae7a,0xae7a,0xa65a,0xa65a,
0xa65a,0xa65a,0xa65a,0xa63a,0xa619,0xa619,0xa619,0xa619,0x9df9,0x9df9,0x9e19,0x9e19,0x9e19,0x9e19,0x9e19,0x9e19,0x9e19,0x9e19,0x9e19,0x9e19,0x9e19,0x9e19,0x9e19,0x9df9,
0x9df9,0x9df9,0x9df9,0x9df9,0x9df9,0x9df9,0x9df9,0x9df9,0x9df9,0xa619,0xa639,0xa639,0xa659,0xa659,0xa639,0xae39,0xae39,0xae39,0xae39,0xae59,0xae59,0xae59,0xae59,0xae59,
0xae59,0xb659,0xb659,0xb659,0xb659,0xb679,0xb679,0xb679,0xb679,0xb679,0xb679,0xae79,0xae79,0xae79,0xae79,0xae79,0xae59,0xae59,0xae59,0xae59,0xae59,0xae59,0xae59,0xae59,
0xae59,0xae59,0xa639,0xa639,0xa639,0x9e39,0x9e19,0x9e19,0x9e19,0x9df8,0x9df8,0x9df8,0x95d8,0x95d8,0x95d8,0x8db8,0x8db8,0x8db8,0x8db8,0x8db8,0x8db8,0x8dd9,0x8dd9,0x8dd9,
0x8db8,0x8db8,0x8db8,0x8598,0x8598,0x8598,0x8577,0x8577,0x8598,0x8db8,0x8db8,0x8db8,0x8d98,0x8d98,0x8d98,0x8d98,0x8d98,0x8d98,0x8db8,0x8db8,0x8db8,0x8db8,0x8db8,0x8db8,
0x8db8,0x8db8,0x8db8,0x8db8,0x8db8,0x8db8,0x8db8,0x8db8,0x8db8,0x8db8,0x8db8,0x8db8,0x95d9,0x95d9,0x95d9,0x95d9,0x95d9,0x95d9,0x95d9,0x95d9,0x95d9,0x9df9,0x9df9,0x9df9,
0x9df9,0x9df9,0x9df9,0x9df9,0x9df9,0x9df9,0x9df9,0x9df9,0x9df9,0x9df9,0x9df9,0x9df9,0x9e19,0x9e19,0x9e19,0x9e19,0x9df9,0x9df9,0x9df9,0x9df9,0x9df9,0x9df9,0x9df9,0x9df9,
0x9df9,0x9e19,0x9e19,0x9e19,0x9e19,0x9e19,0x9e19,0x95d9,0x95d9,0x9df9,0xa619,0xb65a,0xc69a,0xcefb,0xdf3c,0xef5c,0xff9d,0xef7d,0xdf3c,0xd71b,0xc6db,0xbe9a,0xa63a,0xa63a,
0xa65a,0xae39,0xae39,0xae39,0xae39,0xae39,0xae59,0xae5a,0xae7a,0xae7a,0xae59,0xae59,0xae59,0xb65a,0xb65a,0xb65a,0xae5a,0xae59,0xae59,0xae79,0xae79,0xae79,0xb679,0xb679,
0xb679,0xb69a,0xb69a,0xb69a,0xb69a,0xae79,0xae79,0xae9a,0xb69a,0xb69a,0xb67a,0xb659,0xb659,0xb659,0xae59,0xae59,0xae59,0xae5a,0xae5a,0xae5a,0xae39,0xae39,0xae39,0xae5a,
0xa65a,0xa65a,0xae5a,0xae5a,0xae5a,0xae5a,0xae5a,0xae5a,0xa63a,0xa63a,0xa63a,0xa63a,0xa63a,0xa63a,0xae3a,0xae3a,0xae3a,0xae5a,0xae5a,0xae5a,0xa63a,0xa63a,0xa63a,0xb67a,
0xb67a,0xae5a,0xae7a,0xae7a,0xae7a,0xa65a,0xa65a,0xa65a,0xa65a,0xa65a,0xa65a,0xae7a,0xae7a,0xae7a,0xae5a,0xa65a,0xa65a,0xa65a,0xa65a,0xa63a,0xa63a,0xa619,0xa619,0xa619,
0x9df9,0x9df9,0x9e19,0x9e19,0x9e19,0x9e19,0x9e19,0x9e19,0x9e19,0x9e19,0x9e19,0x9e19,0x9e19,0x9e19,0x9e19,0x9df9,0x9df9,0x9df9,0x9df9,0x9df9,0x9df9,0x9df9,0x9df9,0x9df9,
0x9df9,0xa619,0xa619,0xa639,0xa659,0xa659,0xa639,0xae39,0xae39,0xae39,0xae59,0xae59,0xae59,0xae59,0xae59,0xae59,0xb659,0xb659,0xb659,0xb659,0xb659,0xb679,0xb679,0xb679,
0xb679,0xb679,0xb679,0xb679,0xae79,0xae79,0xae79,0xae79,0xae59,0xae59,0xae59,0xae59,0xae59,0xae59,0xae59,0xae59,0xae59,0xae59,0xa659,0xa639,0xa639,0xa639,0x9e19,0x9e19,
0x9e19,0x9df8,0x9df8,0x9df8,0x95d8,0x95d8,0x95d8,0x8db8,0x8db8,0x8db8,0x8db8,0x8db8,0x8db8,0x8dd9,0x8dd9,0x8dd9,0x8db8,0x8db8,0x8db8,0x8598,0x8598,0x8598,0x8577,0x8577,
0x8577,0x8db8,0x8db8,0x8db8,0x8d98,0x8d98,0x8d98,0x8d98,0x8d98,0x8d98,0x8db8,0x8db8,0x8db8,0x8db8,0x8db8,0x8db8,0x8db8,0x8db8,0x8db8,0x8db8,0x8db8,0x8db8,0x8db8,0x8db8,
0x8db8,0x8db8,0x8db8,0x8db8,0x95d9,0x95d9,0x95d9,0x95d9,0x95d9,0x95d9,0x95d9,0x95d9,0x95d9,0x9df9,0x9df9,0x9df9,0x9df9,0x9df9,0x9df9,0x9df9,0x9df9,0x9df9,0x9df9,0x9df9,
0x9df9,0x9df9,0x9df9,0x9df9,0x9e19,0x9e19,0x9e19,0x9e19,0x9df9,0x9df9,0x9df9,0x9df9,0x9df9,0x9df9,0x9df9,0x9df9,0x9df9,0x9e19,0x9e19,0x9e19,0x9e19,0x9e19,0x9e19,0x95d9,
0x95d9,0x95d9,0xa619,0xb65a,0xc69a,0xcefb,0xdf3c,0xef5c,0xff9d,0xef7d,0xdf3c,0xd71b,0xc6db,0xbe9a,0xa63a,0xa63a,0xa65a,0xae39,0xae39,0xae39,0xae59,0xae59,0xae59,0xae7a,
0xae7a,0xae7a,0xae59,0xae59,0xae59,0xb65a,0xb65a,0xb67a,0xae5a,0xae59,0xae59,0xae79,0xae79,0xb679,0xb679,0xb679,0xb679,0xb69a,0xb69a,0xb69a,0xae9a,0xae79,0xae79,0xae9a,
0xb69a,0xb6ba,0xb67a,0xb659,0xb659,0xb659,0xae59,0xae59,0xae59,0xae7a,0xae5a,0xae5a,0xae59,0xae39,0xae39,0xae5a,0xa65a,0xa65a,0xae5a,0xae5a,0xae5a,0xae5a,0xae5a,0xae5a,
0xa63a,0xa63a,0xa63a,0xa63a,0xa63a,0xa63a,0xae3a,0xae3a,0xae3a,0xae5a,0xae7a,0xae7a,0xa65a,0xa65a,0xa65a,0xae5a,0xae5a,0xb67a,0xb67a,0xb67a,0xb67a,0xae5a,0xae5a,0xae5a,
0xae5a,0xae5a,0xae5a,0xb67a,0xb67a,0xb67a,0xae5a,0xae5a,0xa65a,0xa65a,0xa65a,0xa65a,0xa65a,0xa639,0xa639,0xa619,0x9df9,0x9df9,0x9e19,0x9e19,0x9e19,0x9e19,0x9e19,0x9e19,
0x9e19,0x9e19,0x9e19,0x9e19,0x9e19,0x9e19,0x9e19,0x9df9,0x9df9,0x9df9,0x9df9,0x9df9,0x9df9,0x9df9,0x9df9,0x9df9,0x9df9,0xa619,0xa619,0xa639,0xa659,0xa659,0xae39,0xae39,
0xae39,0xae59,0xae59,0xae59,0xae59,0xae59,0xae59,0xb659,0xb659,0xb659,0xb659,0xb679,0xb679,0xb679,0xb679,0xb679,0xb67a,0xb67a,0xb67a,0xb67a,0xb67a,0xae79,0xae79,0xae79,
0xae79,0xae59,0xae59,0xae59,0xae59,0xae59,0xae59,0xae59,0xae59,0xae59,0xa659,0xa659,0xa639,0xa639,0xa619,0x9e19,0x9e19,0x9df8,0x9df8,0x9df8,0x95d8,0x95d8,0x95d8,0x8db8,
0x8db8,0x8db8,0x8db8,0x8db8,0x8db8,0x8dd9,0x8dd9,0x8dd9,0x8db8,0x8db8,0x8db8,0x8598,0x8598,0x8598,0x8577,0x8577,0x8577,0x8db8,0x8db8,0x8db8,0x8d98,0x8d98,0x8d98,0x8d98,
0x8d98,0x8d98,0x8db8,0x8db8,0x8db8,0x8db8,0x8db8,0x8db8,0x8db8,0x8db8,0x8db8,0x8db8,0x8db8,0x8db8,0x8db8,0x8db8,0x8db8,0x8db8,0x8db8,0x8db8,0x95d9,0x95d9,0x95d9,0x95d9,
0x95d9,0x95d9,0x95d9,0x95d9,0x95d9,0x9df9,0x9df9,0x9df9,0x9df9,0x9df9,0x9df9,0x9df9,0x9df9,0x9df9,0x9df9,0x9df9,0x9df9,0x9df9,0x9df9,0x9df9,0x9e19,0x9e19,0x9e19,0x9e19,
0x9df9,0x9df9,0x9df9,0x9df9,0x9df9,0x9df9,0x9df9,0x9df9,0x9df9,0x9e19,0x9e19,0x9e19,0x9e19,0x9e19,0x9e19,0x95d9,0x95d9,0x95d9,0xa619,0xb65a,0xc69a,0xcefb,0xdf3c,0xef5c,
0xff9d,0xef7d,0xdf3c,0xd71b,0xc6db,0xbe9a,0xae5a,0xae5a,0xae7a,0xae5a,0xae5a,0xae5a,0xae59,0xae59,0xae59,0xae59,0xae59,0xae5a,0xb659,0xb659,0xb659,0xae79,0xae79,0xae7a,
0xae79,0xae79,0xb679,0xb679,0xb679,0xb67a,0xb67a,0xbe9a,0xbe9a,0xbe9a,0xbe9a,0xbe9a,0xb69a,0xb679,0xb659,0xb679,0xb67a,0xb679,0xb679,0xae79,0xae59,0xb659,0xb659,0xae59,
0xae59,0xae7a,0xae7a,0xae7a,0xae5a,0xae5a,0xae5a,0xae5a,0xa65a,0xa65a,0xa63a,0xa63a,0xa63a,0xa639,0xa639,0xa63a,0xae5a,0xae5a,0xae5a,0xa639,0xa639,0xa639,0xae5a,0xae5a,
0xae5a,0xae7a,0xae7a,0xae7a,0xae5a,0xae5a,0xb65a,0xae5a,0xb67a,0xbeba,0xb67a,0xb67a,0xb67a,0xae5a,0xae59,0xae59,0xb65a,0xb65a,0xb65a,0xb67a,0xb67a,0xb67a,0xb67a,0xb67a,
0xb67a,0xae5a,0xae5a,0xae5a,0xa65a,0xa65a,0xa65a,0xa63a,0xa619,0xa619,0x9e19,0x9e19,0x9e19,0x9e19,0xa61a,0xa61a,0xa61a,0x9e19,0x9e19,0x9e19,0x9df9,0x9df9,0x9e19,0x9e19,
0x9e19,0x9e19,0x9e19,0x9e19,0x9e19,0x9df9,0x9df9,0x9df9,0x9df9,0xa619,0xa619,0xa659,0xa659,0xa659,0xa619,0xa639,0xa639,0xa639,0xae39,0xae39,0xae79,0xae79,0xb679,0xb659,
0xb659,0xb679,0xb699,0xb699,0xb699,0xbe9a,0xbe9a,0xbe9a,0xbe9a,0xc69a,0xbe9a,0xc69a,0xbe9a,0xb69a,0xbe9a,0xb69a,0xb679,0xae59,0xae59,0xae59,0xb679,0xb679,0xb679,0xae79,
0xae79,0xae79,0xa659,0xa638,0xa638,0xa638,0xa618,0x9e18,0x9e19,0x9e19,0x9df9,0x9df9,0x95d9,0x95d9,0x95d9,0x95d9,0x95d9,0x95d9,0x95d8,0x95d8,0x8dd8,0x8dd9,0x8dd8,0x8dd8,
0x8db8,0x8db8,0x8db8,0x8598,0x8598,0x8598,0x8598,0x8598,0x8598,0x8598,0x8598,0x8598,0x8598,0x8598,0x8598,0x8598,0x8598,0x8598,0x8598,0x8598,0x8598,0x8598,0x8598,0x8598,
0x8d98,0x8d98,0x8d98,0x8db8,0x8db8,0x8db8,0x8db8,0x8d98,0x8d98,0x95b9,0x95d9,0x95d9,0x8dd9,0x8db8,0x8db8,0x95d9,0x95d9,0x95d9,0x95d9,0x95d9,0x95d9,0x9df9,0x9df9,0x9df9,
0x9df9,0x9df9,0x9df9,0x9df9,0x9e19,0x9e19,0x9df9,0x9df9,0x9df9,0x9df9,0x9df9,0x9df9,0x9e19,0x9e19,0x9e19,0x9e19,0x9df9,0x9df9,0x9df9,0x9df9,0x9df9,0x9df9,0x9df9,0x9df9,
0x9df9,0x9df9,0x9df9,0x9df9,0x9df9,0x9df9,0x9df9,0x9df9,0x9df9,0x9df9,0xa619,0xb65a,0xc69a,0xcefb,0xdf3c,0xef5c,0xff9d,0xef7d,0xdf3c,0xd71b,0xc6db,0xbe9a,0xae5a,0xae5a,
0xae7a,0xae5a,0xae5a,0xae5a,0xae59,0xae59,0xae59,0xae59,0xae59,0xae59,0xb659,0xb659,0xb659,0xae79,0xae79,0xae79,0xae79,0xae79,0xb679,0xb679,0xb679,0xb69a,0xbe9a,0xc6ba,
0xc6da,0xc6ba,0xc69a,0xc6ba,0xbe9a,0xb679,0xb659,0xb679,0xb679,0xb679,0xb679,0xae79,0xae59,0xae59,0xb659,0xae59,0xae59,0xae7a,0xae7a,0xae7a,0xae5a,0xae5a,0xae5a,0xae5a,
0xa65a,0xa65a,0xa63a,0xa63a,0xa63a,0xa639,0xa639,0xa639,0xae5a,0xae5a,0xae5a,0xa639,0xa639,0xa639,0xae5a,0xae5a,0xae5a,0xae7a,0xae7a,0xae7a,0xae5a,0xb65a,0xb65a,0xae5a,
0xb67a,0xc6da,0xb69a,0xb67a,0xb67a,0xae59,0xae59,0xae59,0xb65a,0xb65a,0xb65a,0xb67a,0xb67a,0xb67a,0xb67a,0xb67a,0xb67a,0xb67a,0xae5a,0xae5a,0xae5a,0xa65a,0xa65a,0xa65a,
0xa639,0xa619,0xa619,0x9e19,0x9e19,0x9e1a,0xa61a,0xa61a,0xa61a,0x9e19,0x9e19,0x9e19,0x9df9,0x9df9,0x9df9,0x9e19,0x9e19,0x9e19,0x9e19,0x9e19,0x9e19,0x9df9,0x9df9,0x9df9,
0x9df9,0xa619,0xa619,0xa659,0xa659,0xa659,0xa619,0xa639,0xa639,0xa639,0xae39,0xae39,0xae79,0xb679,0xb679,0xb659,0xb679,0xb679,0xb699,0xb699,0xb699,0xbeba,0xc6ba,0xc6da,
0xc6da,0xceda,0xceda,0xceda,0xc6ba,0xc6ba,0xc6ba,0xbe9a,0xb679,0xb679,0xae59,0xae59,0xb679,0xb679,0xb679,0xb679,0xae79,0xae79,0xa659,0xa638,0xa638,0xa638,0xa618,0x9e18,
0x9e19,0x9e19,0x9df9,0x9df9,0x95d9,0x95d9,0x95d9,0x95d9,0x95d9,0x95d9,0x95d8,0x95d8,0x95d8,0x8dd8,0x8dd8,0x8dd8,0x8db8,0x8db8,0x8db8,0x8598,0x8598,0x8598,0x8598,0x8598,
0x8598,0x8598,0x8598,0x8598,0x8598,0x8598,0x8598,0x8598,0x8598,0x8598,0x8598,0x8598,0x8598,0x8598,0x8598,0x8598,0x8d98,0x8d98,0x8d98,0x8db8,0x8db8,0x8db8,0x8d98,0x8d98,
0x8d98,0x95d9,0x95d9,0x95d9,0x8db8,0x8db8,0x8db8,0x95d9,0x95d9,0x95d9,0x95d9,0x95d9,0x95d9,0x9df9,0x9df9,0x9df9,0x9df9,0x9df9,0x9df9,0x9e19,0x9e19,0x9e19,0x9e19,0x9df9,
0x9df9,0x9df9,0x9df9,0x9df9,0x9e19,0x9e19,0x9e19,0x9e19,0x9df9,0x9df9,0x9df9,0x9df9,0x9df9,0x9df9,0x9df9,0x9df9,0x9df9,0x9df9,0x9df9,0x9df9,0x9df9,0x9df9,0x9df9,0x9df9,
0x9df9,0x9df9,0xa619,0xb65a,0xc69a,0xcefb,0xdf3c,0xef5c,0xff9d,0xef7d,0xdf3c,0xd71b,0xc6db,0xbe9a,0xae5a,0xb65a,0xb67a,0xae5a,0xae5a,0xae5a,0xae59,0xae59,0xae59,0xae59,
0xae59,0xb659,0xb659,0xb659,0xb679,0xae79,0xae79,0xae79,0xb679,0xb679,0xb69a,0xbe9a,0xbe9a,0xc6da,0xc6da,0xc6da,0xcefa,0xceda,0xceda,0xceda,0xc6ba,0xbe9a,0xb67a,0xb67a,
0xb679,0xb679,0xb679,0xae79,0xae79,0xae79,0xb659,0xb659,0xb659,0xae7a,0xae7a,0xae7a,0xae5a,0xae5a,0xae5a,0xae5a,0xae5a,0xae5a,0xa63a,0xa63a,0xa63a,0xa639,0xa639,0xa639,
0xae5a,0xae5a,0xae5a,0xa639,0xa639,0xa639,0xae7a,0xae7a,0xae7a,0xae7a,0xae7a,0xb67a,0xb65a,0xb65a,0xb65a,0xae5a,0xb67a,0xbeba,0xbe9a,0xbe9a,0xb67a,0xae59,0xae59,0xae59,
0xb65a,0xb65a,0xb65a,0xb67a,0xb67a,0xb67a,0xb67a,0xb67a,0xb67a,0xae7a,0xae5a,0xae5a,0xae5a,0xae5a,0xae5a,0xae5a,0xa639,0xa639,0xa639,0xa639,0x9e19,0x9e1a,0xa61a,0xa61a,
0xa61a,0x9e19,0x9e19,0x9e19,0x9df9,0x9df9,0x9df9,0x9e19,0x9e19,0x9e19,0x9e19,0x9e19,0x9e19,0x9df9,0x9df9,0x9df9,0x9df9,0xa619,0xa619,0xa659,0xa659,0xa659,0xa619,0xa619,
0xa639,0xa639,0xae39,0xae39,0xb679,0xb679,0xb679,0xb659,0xb679,0xb679,0xb69a,0xb6ba,0xbeba,0xc6da,0xc6da,0xcefa,0xcefa,0xcefa,0xd71a,0xcefa,0xcefa,0xcefa,0xc6da,0xc6da,
0xbe9a,0xb67a,0xb67a,0xae59,0xb679,0xb679,0xb679,0xb679,0xb679,0xae79,0xa659,0xa638,0xa638,0xa638,0xa618,0x9e18,0x9e19,0x9e19,0x9df9,0x9df9,0x95d9,0x95d9,0x95d9,0x95d9,
0x95d9,0x95d9,0x95d8,0x95d8,0x95d8,0x8dd8,0x8dd8,0x8dd8,0x8db8,0x8db8,0x8db8,0x8598,0x8598,0x8598,0x8598,0x8598,0x8598,0x8598,0x8598,0x8598,0x8598,0x8598,0x8598,0x8598,
0x8598,0x8598,0x8598,0x8598,0x8598,0x8598,0x8598,0x8598,0x8d98,0x8d98,0x8d98,0x8db8,0x8db8,0x8db8,0x8d98,0x8d98,0x8d98,0x95d9,0x95d9,0x95d9,0x8db8,0x8db8,0x8db8,0x95d9,
0x95d9,0x95d9,0x95d9,0x95d9,0x95d9,0x9df9,0x9df9,0x9df9,0x9df9,0x9df9,0x9df9,0x9e19,0x9e19,0x9e19,0x9e19,0x9df9,0x9df9,0x9df9,0x9df9,0x9df9,0x9e19,0x9e19,0x9e19,0x9e19,
0x9df9,0x9df9,0x9df9,0x9df9,0x9df9,0x9df9,0x9df9,0x9df9,0x9df9,0x9df9,0x9df9,0x9df9,0x9df9,0x9df9,0x9df9,0x9df9,0x9df9,0x9df9,0xa619,0xb65a,0xc69a,0xcefb,0xdf3c,0xef5c,
0xff9d,0xef7d,0xdf3c,0xd6fb,0xc6bb,0xb67a,0xae5a,0xae5a,0xb67a,0xae5a,0xae5a,0xae5a,0xae59,0xae59,0xae59,0xae59,0xae59,0xae59,0xae59,0xae59,0xae79,0xb67a,0xb67a,0xb67a,
0xb69a,0xb69a,0xbeba,0xc6da,0xceda,0xcefa,0xcf1b,0xcf1b,0xd71b,0xd71b,0xd71b,0xd6fa,0xcefa,0xc6da,0xc6ba,0xbe9a,0xbe9a,0xb679,0xb679,0xae59,0xae59,0xae59,0xae59,0xae59,
0xae59,0xae7a,0xae7a,0xae7a,0xa659,0xa65a,0xae5a,0xae5a,0xae5a,0xae5a,0xa63a,0xa63a,0xa63a,0xa63a,0xa63a,0xa63a,0xa63a,0xa63a,0xa63a,0xa63a,0xa63a,0xa65a,0xa65a,0xa65a,
0xa65a,0xb67a,0xb67a,0xb67a,0xb65a,0xb65a,0xb65a,0xb67a,0xb69a,0xc6ba,0xc6ba,0xbe9a,0xb69a,0xb69a,0xb67a,0xb67a,0xae7a,0xae7a,0xae7a,0xb69a,0xb69a,0xb69a,0xb69a,0xb69a,
0xb67a,0xae7a,0xae59,0xae5a,0xae5a,0xae5a,0xae39,0xae5a,0xae5a,0xa65a,0xa63a,0xa639,0xa639,0xa619,0xa61a,0xa61a,0xa619,0x9df9,0x9df9,0x9e19,0x9e19,0x9e19,0x9e19,0x9df9,
0x9df9,0x9e19,0x9e19,0x9e19,0x9e19,0x9e19,0x9e19,0x9e19,0x9df9,0xa619,0xa619,0xa639,0xa639,0xae39,0xae39,0xae59,0xae59,0xae59,0xae59,0xae59,0xb659,0xb659,0xb659,0xae59,
0xae59,0xae59,0xbe9a,0xbeba,0xc6da,0xcefa,0xd71a,0xdf1b,0xdf3b,0xdf3b,0xe75b,0xdf3b,0xdf3b,0xdf1b,0xd71a,0xcefa,0xc6ba,0xbeba,0xbe9a,0xb679,0xb679,0xb679,0xb659,0xb659,
0xb659,0xae79,0xae59,0xae39,0xa639,0xa639,0xae39,0xa639,0xa639,0x9e39,0x9e19,0x9df9,0x95d9,0x95d9,0x95d9,0x95f9,0x95f9,0x95f9,0x95d9,0x95d9,0x95d9,0x95d8,0x95d8,0x95d8,
0x8dd9,0x8dd9,0x8dd9,0x8db8,0x8db8,0x8db8,0x8598,0x8598,0x8598,0x8d98,0x8d98,0x8d98,0x8578,0x8578,0x8578,0x8598,0x8598,0x8598,0x8598,0x8598,0x8598,0x8d98,0x8d98,0x8d98,
0x8d98,0x8d98,0x8d98,0x8d98,0x8d98,0x8d98,0x8db8,0x8db8,0x8db8,0x8db8,0x8db9,0x8db9,0x8db8,0x8db8,0x8db8,0x95d8,0x95d9,0x95d8,0x95f9,0x95f9,0x95f9,0x95f9,0x95d9,0x95d8,
0x95d9,0x95d9,0x95d9,0x95f9,0x95f8,0x95f8,0x9df9,0x9df9,0x9df9,0x9df9,0x9e19,0x9e19,0x9df9,0x95f9,0x95f9,0x95f9,0x95d9,0x95d9,0x9df9,0x9df9,0x9df9,0x9df9,0x9df9,0x9df9,
0x9df9,0x95d9,0x95d9,0x95f9,0x95f9,0x95f9,0x95f9,0x95d9,0x95d9,0x9df9,0x9e19,0xae5a,0xbe9a,0xcefb,0xdf3c,0xef5c,0xff9d,0xef7d,0xdf3c,0xd6fb,0xc6bb,0xb67a,0xa63a,0xa63a,
0xae5a,0xae5a,0xae5a,0xae5a,0xae59,0xae59,0xae59,0xae39,0xae39,0xae59,0xae59,0xae59,0xae79,0xb67a,0xb67a,0xb67a,0xb69a,0xb6ba,0xbeba,0xcefa,0xd71a,0xd73a,0xd73b,0xd73c,
0xd73b,0xd73b,0xd73b,0xdf1a,0xd71a,0xcefa,0xceda,0xc6ba,0xbe9a,0xb699,0xb679,0xae59,0xae59,0xae59,0xae59,0xae59,0xae59,0xae7a,0xae7a,0xae7a,0xa659,0xa659,0xa659,0xae5a,
0xae5a,0xae5a,0xa63a,0xa63a,0xa63a,0xa63a,0xa63a,0xa63a,0xa619,0xa619,0xa619,0xa63a,0xa65a,0xa65a,0xa65a,0xa65a,0xa65a,0xb67a,0xb67a,0xb67a,0xb65a,0xb65a,0xb65a,0xb67a,
0xbe9a,0xc6ba,0xc6ba,0xc6ba,0xb69a,0xb69a,0xb69a,0xb69a,0xae7a,0xae7a,0xae7a,0xb69a,0xb69a,0xb69a,0xb69a,0xb69a,0xb67a,0xae7a,0xae59,0xae59,0xae59,0xae59,0xae39,0xae5a,
0xae5a,0xa65a,0xa65a,0xa639,0xa639,0xa639,0xa619,0xa619,0xa619,0x9df9,0x9df9,0x9df9,0x9e19,0x9e19,0x9e19,0x9df9,0x9df9,0x9df9,0x9e19,0x9e19,0x9e19,0x9e19,0x9e19,0x9e19,
0x9df9,0xa619,0xa619,0xa639,0xae39,0xae39,0xae59,0xae59,0xae59,0xae59,0xae59,0xae59,0xb659,0xb659,0xb659,0xae59,0xae59,0xae59,0xbe9a,0xc6ba,0xcefa,0xd71a,0xdf3b,0xe75c,
0xe75b,0xef7b,0xef9b,0xef7b,0xe75b,0xe75c,0xdf3b,0xd71a,0xcefa,0xc6da,0xbeba,0xb699,0xb699,0xb679,0xb659,0xb659,0xb659,0xae59,0xae59,0xae39,0xa639,0xae39,0xae39,0xae39,
0xa639,0x9e39,0x9e39,0x9df9,0x95d9,0x95d9,0x95f9,0x95f9,0x95f9,0x95f9,0x95d9,0x95d9,0x95d9,0x95d8,0x95d8,0x95d8,0x8dd9,0x8dd9,0x8dd9,0x8db8,0x8db8,0x8db8,0x8598,0x8598,
0x8598,0x8d98,0x8d98,0x8d98,0x8577,0x8577,0x8577,0x8598,0x8598,0x8598,0x8598,0x8598,0x8598,0x8d98,0x8d98,0x8d98,0x8d98,0x8d98,0x8d98,0x8d98,0x8d98,0x8d98,0x8db8,0x8db8,
0x8db8,0x8db8,0x8db8,0x8db8,0x8db8,0x8db8,0x8db8,0x95d8,0x95d8,0x95d8,0x95f9,0x95f9,0x95f9,0x95f9,0x95d8,0x95d8,0x95d9,0x95d9,0x95d9,0x95d9,0x95d8,0x95d8,0x9df9,0x9df9,
0x9df9,0x9e19,0x9e19,0x9e19,0x9df9,0x95d9,0x95d9,0x95d9,0x95d9,0x95d9,0x95d9,0x9df9,0x9df9,0x9df9,0x9df9,0x9df9,0x9df9,0x95d8,0x95d8,0x95d8,0x95f9,0x95f9,0x95f9,0x95d9,
0x95d9,0x95d9,0x9e19,0xae5a,0xb69a,0xcefb,0xdf3c,0xef5c,0xff9d,0xef7d,0xdf3c,0xd6fb,0xc6bb,0xb67a,0xa63a,0xa63a,0xae5a,0xae5a,0xae5a,0xae5a,0xae59,0xae59,0xae59,0xae59,
0xae59,0xae59,0xae79,0xae79,0xae79,0xb67a,0xb67a,0xbe9a,0xbeba,0xbeba,0xcefa,0xd6fb,0xd71b,0xdf5b,0xdf5b,0xdf5b,0xdf5b,0xdf5b,0xdf5b,0xdf3b,0xdf1b,0xd71b,0xcefa,0xceda,
0xc6ba,0xc699,0xb679,0xae59,0xae59,0xae59,0xae79,0xae59,0xae59,0xb67a,0xae7a,0xae7a,0xae59,0xa659,0xa659,0xae5a,0xae5a,0xae5a,0xa63a,0xa63a,0xa63a,0xa63a,0xa63a,0xa63a,
0xa619,0xa619,0xa619,0xa65a,0xa65a,0xa65a,0xae5a,0xae5a,0xae5a,0xb67a,0xb67a,0xb67a,0xb65a,0xb65a,0xb67a,0xb69a,0xb6ba,0xbeba,0xcefb,0xcefb,0xbeba,0xb69a,0xb69a,0xb69a,
0xb67a,0xb67a,0xb67a,0xb69a,0xb69a,0xb69a,0xb69a,0xb69a,0xb69a,0xae9a,0xae79,0xae79,0xae79,0xae59,0xae59,0xae5a,0xae5a,0xae5a,0xae5a,0xae39,0xa639,0xa639,0xa639,0xa619,
0xa5f9,0x9df9,0x9df9,0x9df9,0x9e19,0x9e19,0x9e19,0x9df9,0x9df9,0x9df9,0x9e19,0x9e19,0x9e19,0x9e19,0x9e19,0x9e19,0x9df9,0xa619,0xa639,0xa639,0xae39,0xae39,0xae59,0xae59,
0xae59,0xae59,0xae59,0xae59,0xb659,0xb679,0xb679,0xae59,0xae7a,0xb67a,0xc6da,0xcefa,0xd71a,0xdf3b,0xe77b,0xef9b,0xef9b,0xef9b,0xef9b,0xef9b,0xef9b,0xef9b,0xe75b,0xdf3b,
0xd71a,0xcefa,0xc6da,0xbe9a,0xb67a,0xb679,0xb679,0xb679,0xb659,0xae59,0xae59,0xae39,0xa639,0xae59,0xae59,0xae39,0xa639,0x9e39,0x9e59,0x9e19,0x95d9,0x95d9,0x95f9,0x95f9,
0x95f9,0x95f9,0x95d9,0x95d9,0x95d9,0x95d8,0x95d8,0x95d8,0x8dd9,0x8dd9,0x8dd9,0x8db8,0x8db8,0x8db8,0x8598,0x8598,0x8598,0x8d98,0x8d98,0x8d98,0x8577,0x8577,0x8577,0x8598,
0x8598,0x8598,0x8598,0x8598,0x8598,0x8d98,0x8d98,0x8d98,0x8d98,0x8d98,0x8d98,0x8d98,0x8d98,0x8d98,0x8db8,0x8db8,0x8db8,0x8db8,0x8db8,0x8db8,0x8db8,0x8db8,0x8db8,0x95d8,
0x95d8,0x95d8,0x95f9,0x95f9,0x95f9,0x95f9,0x95d8,0x95d8,0x95d9,0x95d9,0x95d9,0x95d9,0x95d8,0x95d8,0x9df9,0x9df9,0x9df9,0x9e19,0x9e19,0x9e19,0x9df9,0x95d9,0x95d9,0x95d9,
0x95d9,0x95d9,0x95d9,0x9df9,0x9df9,0x9df9,0x9df9,0x9df9,0x9df9,0x95d8,0x95d8,0x95d8,0x95f9,0x95f9,0x95f9,0x95d9,0x95d9,0x95d9,0x9e19,0xae5a,0xbe9a,0xcefb,0xdf3c,0xef5c,
0xff9d,0xef7d,0xdf3c,0xd6fb,0xc6bb,0xb67a,0xa63a,0xa63a,0xae5a,0xae5a,0xae5a,0xae5a,0xae59,0xae59,0xae59,0xae59,0xae59,0xae59,0xae59,0xae79,0xae79,0xb679,0xb67a,0xb67a,
0xbeba,0xc6da,0xd71a,0xd73b,0xdf5b,0xdf5b,0xdf5b,0xdf5b,0xdf5b,0xdf5b,0xdf5b,0xdf5b,0xdf5b,0xdf3b,0xd71a,0xcefa,0xc6ba,0xbe9a,0xb69a,0xb67a,0xb67a,0xae7a,0xae79,0xae59,
0xae59,0xb67a,0xae7a,0xae7a,0xae7a,0xae5a,0xae5a,0xae5a,0xae5a,0xae5a,0xa63a,0xa63a,0xa63a,0xa63a,0xa63a,0xa63a,0xa63a,0xa63a,0xa63a,0xa65a,0xa65a,0xae5a,0xae5a,0xae5a,
0xae5a,0xae7a,0xae7a,0xae5a,0xb67a,0xb67a,0xb69a,0xb69a,0xb69a,0xbeba,0xcefb,0xcefb,0xbeba,0xbe9a,0xbe9a,0xb69a,0xb69a,0xb69a,0xb69a,0xb69a,0xb69a,0xb69a,0xb69a,0xb69a,
0xb69a,0xae7a,0xae7a,0xae7a,0xae79,0xae59,0xae59,0xae5a,0xae5a,0xae5a,0xae5a,0xae5a,0xae5a,0xa65a,0xa65a,0xa65a,0xa63a,0xa619,0xa619,0x9e19,0x9e19,0x9e19,0x9e19,0x9df9,
0x9df9,0x9df9,0x9e19,0x9e19,0x9e19,0x9e19,0x9e19,0x9e19,0x9df9,0xa619,0xa639,0x9e39,0xa639,0xae39,0xae59,0xae59,0xae59,0xae59,0xae59,0xb659,0xb679,0xb679,0xb699,0xae59,
0xae79,0xb69a,0xc6da,0xd6fa,0xdf3b,0xe77b,0xef9b,0xef9b,0xef9b,0xef9b,0xef9b,0xef9b,0xef9b,0xef9b,0xef9b,0xe77b,0xdf3b,0xcefa,0xc6da,0xbeba,0xb69a,0xb699,0xb699,0xb679,
0xb659,0xb659,0xae59,0xae59,0xae59,0xae59,0xae59,0xae39,0xa639,0x9e39,0x9e39,0x9e19,0x9df9,0x9df9,0x95f9,0x95f9,0x95f9,0x95d9,0x8dd9,0x8dd9,0x95d8,0x95d8,0x95d8,0x95d8,
0x8dd9,0x8dd9,0x8db8,0x8db8,0x8db8,0x8d98,0x8d98,0x8d98,0x8d98,0x8598,0x8598,0x8598,0x8598,0x8598,0x8598,0x8598,0x8598,0x8598,0x8598,0x8598,0x8598,0x8598,0x8598,0x8598,
0x8d98,0x8d98,0x8d98,0x8598,0x8598,0x8598,0x8d98,0x8db8,0x8db8,0x8db8,0x8db8,0x8d98,0x8db9,0x95d9,0x95d9,0x8dd8,0x8dd8,0x8dd8,0x95d8,0x95f9,0x95f9,0x95d8,0x95d8,0x95d8,
0x95d9,0x95d9,0x95d9,0x95d9,0x95f9,0x95f9,0x9df9,0x9df9,0x9df9,0x9df9,0x9e19,0x9e19,0x9df9,0x9df9,0x9df9,0x95f9,0x95d9,0x95d9,0x95d9,0x9df9,0x9df9,0x9df9,0x95f9,0x95f9,
0x9df9,0x9df9,0x9df9,0x9df9,0x95f9,0x95f9,0x95d9,0x95d9,0x95d9,0x95d9,0x9e19,0xae5a,0xbe9a,0xcefb,0xdf3c,0xef5c,0xff9d,0xef7d,0xdf3c,0xd6fb,0xc6bb,0xb67a,0xa619,0xa619,
0xae39,0xae5a,0xae5a,0xae5a,0xae59,0xae59,0xae59,0xae59,0xae59,0xae59,0xae59,0xae59,0xae59,0xb659,0xb659,0xb67a,0xc6ba,0xcefa,0xd71a,0xdf5b,0xe77b,0xdf5b,0xdf5b,0xdf5b,
0xdf5b,0xdf5b,0xdf5b,0xdf5b,0xdf5b,0xdf5b,0xdf3a,0xcefa,0xc6da,0xb69a,0xb69a,0xb69a,0xb69a,0xb69a,0xae79,0xae59,0xae59,0xae59,0xae59,0xae59,0xae7a,0xae5a,0xae5a,0xae5a,
0xae5a,0xae5a,0xa639,0xa639,0xa639,0xa63a,0xa63a,0xa63a,0xa63a,0xa65a,0xa65a,0xa659,0xae59,0xae59,0xae5a,0xae5a,0xae5a,0xae5a,0xae5a,0xae5a,0xb69a,0xb69a,0xb69a,0xb69a,
0xb69a,0xbeba,0xcefb,0xcefb,0xbeba,0xbeba,0xbe9a,0xb69a,0xb69a,0xb69a,0xb69a,0xb69a,0xb69a,0xb69a,0xb67a,0xb67a,0xb67a,0xb67a,0xae7a,0xae7a,0xae7a,0xae59,0xae59,0xae5a,
0xae5a,0xae5a,0xae7a,0xae7a,0xae7a,0xae7a,0xa65a,0xa67a,0xa65a,0xa619,0xa619,0xa619,0x9e19,0x9e19,0x9e19,0x9df9,0x9df9,0x9df9,0x9df9,0x9df9,0x9df9,0x9df9,0x9df9,0x9df9,
0x9df9,0xa619,0xa639,0x9e19,0xa619,0xa619,0xae59,0xae59,0xae59,0xae59,0xb659,0xb659,0xb679,0xb699,0xb699,0xae59,0xb679,0xb6b9,0xcefa,0xd71b,0xe73c,0xef9b,0xf79b,0xef9b,
0xef9b,0xef9b,0xef9b,0xef9b,0xef9b,0xef9b,0xf7bb,0xef9b,0xdf3c,0xd71b,0xcefa,0xbeba,0xb69a,0xb699,0xb699,0xb679,0xb659,0xb659,0xae59,0xae59,0xae59,0xae59,0xae59,0xae39,
0xa639,0x9e18,0x9e18,0x9e19,0x9df9,0x9df9,0x9df9,0x95d9,0x95d9,0x95d9,0x8db8,0x8db8,0x8db8,0x95d8,0x95d8,0x95d8,0x8db8,0x8db8,0x8db8,0x8d98,0x8d98,0x8d98,0x8d98,0x8d98,
0x8d98,0x8577,0x8577,0x8577,0x8598,0x8598,0x8598,0x8598,0x8598,0x8598,0x8577,0x8577,0x8577,0x8598,0x8598,0x8598,0x8d98,0x8d98,0x8d98,0x8577,0x8577,0x8577,0x8d98,0x8d98,
0x8d98,0x8d98,0x8d98,0x8d98,0x95d9,0x95d9,0x95d9,0x8db8,0x8db8,0x8db8,0x95d8,0x95d8,0x95d8,0x95d8,0x95b8,0x95b8,0x95d9,0x95d9,0x95d9,0x95f9,0x95f9,0x95f9,0x9df9,0x9df9,
0x9df9,0x9df9,0x9df9,0x9df9,0x9df9,0x9df9,0x9df9,0x9df9,0x95d9,0x95d9,0x95d9,0x9df9,0x9df9,0x9df9,0x95f9,0x95f9,0x95f9,0x9df9,0x9df9,0x9df9,0x95d9,0x95d9,0x95d9,0x95d8,
0x95d8,0x95d8,0x9e19,0xae5a,0xbe9a,0xcefb,0xdf3c,0xef5c,0xff9d,0xef7d,0xdf3c,0xd6fb,0xc6bb,0xb67a,0xa619,0xae19,0xae39,0xae5a,0xae5a,0xae5a,0xae59,0xae59,0xae59,0xae59,
0xae59,0xae59,0xae59,0xae59,0xae59,0xb659,0xb659,0xbe9a,0xc6ba,0xc6fa,0xd73b,0xdf5b,0xdf5b,0xdf5b,0xdf5b,0xdf5b,0xdf5b,0xdf5b,0xdf5b,0xdf5b,0xdf5b,0xdf5b,0xd73b,0xcf1b,
0xc6da,0xbe9a,0xbe9a,0xb69a,0xb69a,0xb69a,0xae79,0xae59,0xae59,0xae59,0xae59,0xae59,0xae7a,0xae5a,0xae5a,0xae5a,0xae5a,0xae5a,0xa639,0xa639,0xa639,0xa63a,0xa63a,0xa63a,
0xa63a,0xa65a,0xa65a,0xae59,0xae59,0xae59,0xae5a,0xae5a,0xae5a,0xae5a,0xae7a,0xae7a,0xb69a,0xb69a,0xb69a,0xb69a,0xb69a,0xbeba,0xcefb,0xcefb,0xcefb,0xbeda,0xbeba,0xbe9a,
0xbe9a,0xbe9a,0xbe9a,0xbe9a,0xbe9a,0xbe9a,0xb69a,0xb69a,0xb67a,0xb67a,0xb67a,0xb67a,0xae59,0xae59,0xae59,0xae5a,0xae5a,0xae5a,0xae7a,0xae7a,0xae7a,0xae7a,0xae5a,0xa65a,
0xa63a,0xa619,0xa619,0xa619,0x9e19,0x9e19,0x9e19,0x9df9,0x9df9,0x9df9,0x9df9,0x9df9,0x9df9,0x9df9,0x9df9,0x9df9,0x9df9,0xa619,0xa639,0x9e19,0xa619,0xa619,0xae59,0xae59,
0xae59,0xae59,0xb659,0xb659,0xb679,0xb699,0xb699,0xb679,0xbe99,0xbeb9,0xcefa,0xd71b,0xef5b,0xef9b,0xef9b,0xef9b,0xef9b,0xef9b,0xef9b,0xef9b,0xef9b,0xef9b,0xef9b,0xef9b,
0xef5b,0xd73a,0xcf1a,0xc6da,0xbeba,0xb69a,0xb699,0xb679,0xb659,0xb659,0xae59,0xae59,0xae59,0xae59,0xae59,0xae39,0xa639,0x9e18,0x9e18,0x9e19,0x9df9,0x9df9,0x9df9,0x95d9,
0x95d9,0x95d9,0x8db8,0x8db8,0x8db8,0x95d8,0x95d8,0x95d8,0x8db8,0x8db8,0x8db8,0x8d98,0x8d98,0x8d98,0x8d98,0x8d98,0x8d98,0x8577,0x8577,0x8577,0x8598,0x8598,0x8598,0x8598,
0x8598,0x8598,0x8577,0x8577,0x8577,0x8598,0x8598,0x8598,0x8d98,0x8d98,0x8d98,0x8577,0x8577,0x8577,0x8d98,0x8d98,0x8d98,0x8d98,0x8d98,0x8d98,0x95d9,0x95d9,0x95d9,0x8db8,
0x8db8,0x8db8,0x95d8,0x95d8,0x95d8,0x95d8,0x95b8,0x95b8,0x95d9,0x95d9,0x95d9,0x95f9,0x95f9,0x95f9,0x9df9,0x9df9,0x9df9,0x9df9,0x9df9,0x9df9,0x9df9,0x9df9,0x9df9,0x9df9,
0x95d9,0x95d9,0x95d9,0x9df9,0x9df9,0x9df9,0x95f9,0x95f9,0x95f9,0x9df9,0x9df9,0x9df9,0x95d9,0x95d9,0x95d9,0x95d8,0x95d8,0x95d8,0x9e19,0xae5a,0xbe9a,0xcefb,0xdf3c,0xef5c,
0xff9d,0xef7d,0xdf3c,0xcedb,0xbe9b,0xae5a,0xa619,0xa619,0xae39,0xae3a,0xae5a,0xae5a,0xae59,0xae59,0xae59,0xae59,0xae59,0xae59,0xae59,0xae59,0xae59,0xb659,0xb679,0xbe9a,
0xc6da,0xcefa,0xd73b,0xdf5b,0xdf5b,0xdf5b,0xdf5b,0xdf5b,0xdf5b,0xdf5b,0xdf5b,0xdf5b,0xdf5b,0xdf5b,0xd73b,0xd71b,0xceda,0xbe9a,0xbe9a,0xb69a,0xb69a,0xb679,0xae79,0xae59,
0xae59,0xb659,0xae59,0xae59,0xae7a,0xae5a,0xae5a,0xae5a,0xae5a,0xae5a,0xa63a,0xa63a,0xa63a,0xa63a,0xa63a,0xa63a,0xa63a,0xa63a,0xa65a,0xae59,0xae59,0xae59,0xb67a,0xb67a,
0xb67a,0xb67a,0xb67a,0xb69a,0xb69a,0xb69a,0xb69a,0xbe9a,0xbe9a,0xbe9a,0xcefb,0xcf1b,0xd71b,0xc6da,0xbeba,0xbeba,0xbe9a,0xbe9a,0xbe9a,0xbeba,0xbeba,0xbe9a,0xbe9a,0xbe9a,
0xbe9a,0xbe9a,0xbe9a,0xb69a,0xb67a,0xb67a,0xb67a,0xae7a,0xae7a,0xae7a,0xae7a,0xae7a,0xae7a,0xae7a,0xb67a,0xae7a,0xa65a,0xa63a,0xa63a,0xa63a,0xa619,0xa619,0xa619,0xa61a,
0xa61a,0x9e1a,0x9e19,0x9e19,0x9e19,0x9df9,0x9df9,0x9df9,0x9df9,0xa619,0xa639,0x9e39,0xa639,0xae39,0xae59,0xae59,0xae59,0xae59,0xb659,0xb659,0xb659,0xb679,0xb699,0xb67a,
0xbeba,0xc6da,0xcefa,0xdf3b,0xe77b,0xef9b,0xef9b,0xef9b,0xef9b,0xef9b,0xef9b,0xef9b,0xef9b,0xef9b,0xef9b,0xef9b,0xe77b,0xdf3b,0xcf1b,0xc6da,0xbeba,0xb69a,0xb699,0xb679,
0xb679,0xb679,0xae59,0xae59,0xae59,0xae59,0xae59,0xae39,0xa639,0x9e18,0x9e18,0x9e19,0x9df9,0x9df9,0x9df9,0x95f9,0x95f9,0x95d9,0x8dd9,0x95d9,0x95d9,0x8dd8,0x8dd8,0x8dd8,
0x8dd9,0x8dd9,0x8db9,0x8d98,0x8d98,0x8d98,0x8598,0x8598,0x8578,0x8577,0x8577,0x8577,0x8598,0x8598,0x8598,0x8598,0x8598,0x8598,0x8577,0x8577,0x8577,0x8598,0x8598,0x8598,
0x8598,0x8598,0x8598,0x8578,0x8578,0x8578,0x8d98,0x8db8,0x8db8,0x8d98,0x8d98,0x8d98,0x8dd9,0x8dd9,0x95d9,0x8db8,0x8db8,0x8db8,0x8db8,0x95d8,0x8dd8,0x8db8,0x8db8,0x8db8,
0x95d9,0x95f9,0x95f9,0x95f9,0x95f9,0x95f9,0x9df9,0x9df9,0x9df9,0x9df9,0x95f9,0x9df9,0x9df9,0x9df9,0x9df9,0x9df9,0x9df9,0x9df9,0x9df9,0x9df9,0x9df9,0x9df9,0x9df9,0x9df9,
0x9df9,0x95f9,0x9df9,0x95d9,0x95d9,0x95d9,0x95d9,0x95d8,0x95d8,0x95d8,0x9df9,0xae5a,0xbe9a,0xcedb,0xdf1c,0xef7c,0xff9d,0xef7d,0xdf3c,0xcedb,0xbe9b,0xae5a,0x9e19,0x9e19,
0xa639,0xa639,0xa639,0xa639,0xae59,0xae59,0xae59,0xae59,0xae59,0xae59,0xae59,0xae59,0xae59,0xb659,0xb679,0xbe9a,0xc6da,0xcf1a,0xd73b,0xdf5b,0xdf5b,0xdf5b,0xdf5b,0xdf5b,
0xdf5b,0xdf5b,0xdf5b,0xdf5b,0xdf5b,0xdf5b,0xd73b,0xd71b,0xceda,0xbe9a,0xbe9a,0xb679,0xb679,0xb679,0xae59,0xae59,0xae59,0xb659,0xae59,0xae59,0xae7a,0xae5a,0xae5a,0xae5a,
0xae5a,0xae5a,0xa63a,0xa63a,0xa63a,0xa639,0xa639,0xa639,0xa639,0xa639,0xa639,0xae39,0xae39,0xae39,0xb67a,0xb69a,0xb69a,0xb69a,0xb69a,0xb69a,0xb69a,0xb69a,0xb69a,0xbe9a,
0xbe9a,0xbe9a,0xcedb,0xd71b,0xdf5b,0xcefa,0xc6da,0xbeba,0xb69a,0xb69a,0xb69a,0xbeba,0xbeba,0xbe9a,0xbe9a,0xbe9a,0xbe9a,0xbe9a,0xbe9a,0xb69a,0xb69a,0xb69a,0xb69a,0xb69a,
0xae7a,0xae7a,0xae7a,0xae5a,0xae5a,0xae7a,0xb67a,0xae7a,0xae7a,0xa65a,0xa65a,0xa63a,0xa619,0xa619,0xa619,0xa63a,0xa63a,0xa63a,0x9e19,0x9e19,0x9e19,0x9df9,0x9df9,0x9df9,
0x9df9,0xa619,0xa639,0xa639,0xae39,0xae39,0xae59,0xae59,0xae59,0xae59,0xb659,0xb659,0xb659,0xb679,0xb679,0xb69a,0xbeba,0xceda,0xd71a,0xdf3b,0xe77b,0xef9b,0xef9b,0xef9b,
0xef9b,0xef9b,0xef9b,0xef9b,0xef9b,0xef9b,0xef9b,0xef9b,0xe77b,0xdf3b,0xd71b,0xc6da,0xbeba,0xb69a,0xb699,0xb699,0xb679,0xb679,0xae79,0xae59,0xae59,0xae59,0xae59,0xae39,
0xa639,0x9e18,0x9e18,0x9e19,0x9df9,0x9df9,0x9df9,0x95f9,0x95f9,0x95f9,0x95d9,0x95d9,0x95d9,0x8db8,0x8db8,0x8db8,0x8dd9,0x8dd9,0x8dd9,0x8d98,0x8d98,0x8d98,0x8577,0x8577,
0x8577,0x8577,0x8577,0x8577,0x8577,0x8577,0x8577,0x8598,0x8598,0x8598,0x8577,0x8577,0x8577,0x8577,0x8577,0x8577,0x8598,0x8598,0x8598,0x8578,0x8578,0x8578,0x8db8,0x8db8,
0x8db8,0x8d98,0x8d98,0x8d98,0x8dd8,0x8dd8,0x8dd8,0x8db8,0x8db8,0x8db8,0x8db8,0x8db8,0x8db8,0x8db8,0x8db8,0x8db8,0x95d9,0x95f9,0x95f9,0x95f9,0x95f9,0x95f9,0x9df9,0x9df9,
0x9df9,0x9df9,0x95f9,0x95f9,0x95f9,0x95f9,0x95f9,0x95f9,0x9df9,0x9df9,0x9df9,0x95f9,0x95f9,0x95f9,0x9df9,0x9df9,0x9df9,0x95d9,0x95d9,0x95d9,0x95d8,0x95d8,0x95d8,0x95d8,
0x95d8,0x95d8,0x9df9,0xae3a,0xbe9a,0xcedb,0xdf1c,0xef7c,0xff9d,0xef7d,0xdf3c,0xcedb,0xbe9b,0xae5a,0x9e39,0xa639,0xa639,0xa639,0xa639,0xa639,0xae59,0xae59,0xae59,0xae59,
0xae59,0xae59,0xae59,0xae59,0xae59,0xb659,0xb659,0xbe9a,0xc6ba,0xcefa,0xd73b,0xdf5b,0xdf5b,0xdf5b,0xdf5b,0xdf5b,0xdf5b,0xdf5b,0xdf5b,0xdf5b,0xdf5b,0xdf5b,0xd73c,0xcf1b,
0xc6da,0xc69a,0xbe9a,0xb679,0xb679,0xb679,0xae59,0xae59,0xae59,0xb659,0xae59,0xae59,0xae7a,0xae5a,0xae5a,0xae5a,0xae5a,0xae5a,0xa63a,0xa63a,0xa63a,0xa639,0xa659,0xa659,
0xa639,0xae39,0xae39,0xae39,0xae59,0xae59,0xb67a,0xb69a,0xb69a,0xb69a,0xb69a,0xb69a,0xb69a,0xb69a,0xbe9a,0xbe9a,0xbe9a,0xbe9a,0xceda,0xd71b,0xe77b,0xcefb,0xcedb,0xc6da,
0xbeba,0xbe9a,0xb69a,0xbeba,0xbeba,0xbeba,0xbeba,0xbeba,0xbeba,0xbeba,0xbe9a,0xbe9a,0xb69a,0xb69a,0xb69a,0xb69a,0xae7a,0xae7a,0xae7a,0xae5a,0xae5a,0xae7a,0xb67a,0xb67a,
0xae7a,0xa65a,0xa65a,0xa63a,0xa619,0xa619,0xa619,0xa63a,0xa63a,0xa63a,0x9e19,0x9e19,0x9e19,0x9df9,0x9df9,0x9df9,0x9df9,0xa619,0xa639,0xa639,0xae39,0xae39,0xae59,0xae59,
0xae59,0xae59,0xb659,0xb659,0xb659,0xb679,0xb679,0xb69a,0xbeba,0xceda,0xcf1a,0xd73b,0xef5b,0xef9b,0xef9b,0xef9b,0xef9b,0xef9b,0xef9b,0xef9b,0xef9b,0xef9b,0xef9b,0xef9b,
0xef9b,0xdf3b,0xd71b,0xc6da,0xbeba,0xb69a,0xb699,0xb699,0xb679,0xb679,0xae79,0xae59,0xae59,0xae59,0xae59,0xae39,0xa619,0x9e18,0x9e18,0x9e19,0x9df9,0x9df9,0x9df9,0x95f9,
0x95f9,0x95f9,0x95d9,0x95d9,0x95d9,0x8db8,0x8db8,0x8db8,0x8dd9,0x8dd9,0x8dd9,0x8d98,0x8d98,0x8d98,0x8577,0x8577,0x8577,0x8577,0x8577,0x8577,0x8577,0x8577,0x8577,0x8598,
0x8598,0x8598,0x8577,0x8577,0x8577,0x8577,0x8577,0x8577,0x8598,0x8598,0x8598,0x8578,0x8578,0x8578,0x8db8,0x8db8,0x8db8,0x8d98,0x8d98,0x8d98,0x8dd8,0x8dd8,0x8dd8,0x8db8,
0x8db8,0x8db8,0x8db8,0x8db8,0x8db8,0x8db8,0x8db8,0x8db8,0x95d9,0x95f9,0x95f9,0x95f9,0x95f9,0x95f9,0x9df9,0x9df9,0x9df9,0x9df9,0x95f9,0x95f9,0x95f9,0x95f9,0x95f9,0x95f9,
0x9df9,0x9df9,0x9df9,0x95f9,0x95f9,0x95f9,0x9df9,0x9df9,0x9df9,0x95d9,0x95d9,0x95d9,0x95d8,0x95d8,0x95d8,0x95d8,0x95d8,0x95d8,0x9df9,0xae3a,0xbe9a,0xcedb,0xdf1c,0xef7c,
0xff9d,0xef7d,0xdf1c,0xcedb,0xbe9b,0xae3a,0x9df9,0x9df9,0xa619,0xa639,0xa639,0xa639,0xae39,0xae59,0xae59,0xae59,0xae59,0xae59,0xae59,0xae59,0xae59,0xb659,0xb659,0xbe9a,
0xc6ba,0xcefa,0xd73b,0xdf5b,0xdf5b,0xdf5b,0xdf5b,0xdf5b,0xdf5b,0xdf5b,0xdf5b,0xdf5b,0xdf5b,0xdf5b,0xd73b,0xcf1b,0xc6da,0xbe9a,0xb69a,0xb679,0xb679,0xae79,0xae59,0xae59,
0xae59,0xb659,0xae59,0xae59,0xae7a,0xae5a,0xae5a,0xae5a,0xae5a,0xae3a,0xa63a,0xa63a,0xa63a,0xa63a,0xa65a,0xa65a,0xa65a,0xae5a,0xae5a,0xae5a,0xae5a,0xae5a,0xb67a,0xb69a,
0xb69a,0xb69a,0xb69a,0xb69a,0xb69a,0xb69a,0xbe9a,0xbe9a,0xbe9a,0xbeba,0xc6da,0xd71b,0xe75b,0xd71b,0xd71b,0xcefb,0xc6ba,0xbe9a,0xbe9a,0xbeba,0xbeba,0xbeba,0xbeba,0xbeba,
0xbeba,0xbeba,0xbeba,0xbe9a,0xbe9a,0xb69a,0xb69a,0xb67a,0xae7a,0xae7a,0xae7a,0xae7a,0xae5a,0xae5a,0xb67a,0xb67a,0xae5a,0xa65a,0xa65a,0xa65a,0xa61a,0xa63a,0xa63a,0xa63a,
0xa63a,0xa63a,0x9e19,0x9e19,0x9e19,0x9e19,0x9e19,0x9e19,0x9df9,0xa619,0xa639,0xa639,0xae39,0xae39,0xae59,0xae59,0xae59,0xae79,0xb679,0xb679,0xb679,0xb679,0xb699,0xb69a,
0xbeba,0xc6da,0xcefa,0xd71b,0xe75b,0xef9b,0xef9b,0xef9b,0xef9b,0xef9b,0xef9b,0xef9b,0xef9b,0xef9b,0xef9b,0xef9b,0xe75b,0xd73b,0xcefb,0xc6da,0xbeba,0xbe9a,0xbe9a,0xb699,
0xb679,0xb679,0xb679,0xae7a,0xb67a,0xb659,0xb659,0xae59,0xa639,0x9e39,0xa639,0x9e19,0x95d9,0x9df9,0x95f9,0x95f9,0x95f9,0x95f9,0x95f9,0x95f9,0x95d9,0x8dd9,0x95d9,0x8dd9,
0x8dd9,0x8dd9,0x8db8,0x8578,0x8598,0x8598,0x8598,0x8598,0x8598,0x8598,0x8598,0x8598,0x8598,0x8598,0x8598,0x8598,0x8598,0x8598,0x8598,0x8598,0x8598,0x7d77,0x7d77,0x7d77,
0x8598,0x8598,0x8598,0x8578,0x8578,0x8578,0x8598,0x8598,0x8598,0x8598,0x8598,0x8598,0x8db8,0x8db8,0x8db8,0x8db8,0x8db8,0x8db8,0x8db8,0x8db8,0x8db8,0x8db8,0x8db8,0x8db8,
0x95d9,0x95f9,0x95f9,0x95f9,0x95f9,0x95f9,0x95f9,0x9df9,0x9df9,0x95f9,0x95f9,0x95f9,0x95f9,0x95f9,0x95f9,0x95f9,0x9df9,0x9df9,0x95f9,0x95f9,0x95f9,0x95f9,0x9df9,0x9df9,
0x95f9,0x95d9,0x95d9,0x95d9,0x95d9,0x95d9,0x95d9,0x95f9,0x95f9,0x95f9,0x95d9,0xa639,0xb67a,0xcedb,0xdf1c,0xef7c,0xffbd,0xef5d,0xdf1c,0xcedb,0xbe7b,0xae3a,0x95d8,0x95d8,
0x9df8,0x9e18,0x9e18,0x9e18,0xae39,0xae39,0xae39,0xae59,0xae59,0xae59,0xae59,0xae59,0xae59,0xb659,0xb659,0xb67a,0xbeba,0xcefa,0xd71a,0xdf3b,0xdf5b,0xdf5b,0xdf5b,0xdf5b,
0xdf5b,0xdf5b,0xdf5b,0xdf5b,0xdf5b,0xdf3b,0xd71a,0xcefa,0xc6da,0xb6ba,0xb67a,0xb659,0xae59,0xae59,0xae59,0xae59,0xae59,0xb659,0xae59,0xae59,0xae7a,0xae5a,0xae5a,0xae59,
0xae39,0xae39,0xa619,0xa619,0xa619,0xa63a,0xa65a,0xa65a,0xae5a,0xae5a,0xae5a,0xae5a,0xae5a,0xae5a,0xb69a,0xb69a,0xb69a,0xb67a,0xb67a,0xb67a,0xb699,0xb699,0xb699,0xb69a,
0xb69a,0xbeba,0xc6da,0xcefb,0xe73b,0xdf3b,0xdf3b,0xcefc,0xceda,0xc6ba,0xbe9a,0xbeba,0xbeba,0xbeba,0xbeba,0xbeba,0xbeba,0xbeba,0xbeba,0xbe9a,0xbe9a,0xbe9a,0xb67a,0xb67a,
0xb67a,0xae7a,0xae7a,0xae79,0xae59,0xae5a,0xae5a,0xae5a,0xae5a,0xae5a,0xa65a,0xa65a,0xa63a,0xa63a,0xa63a,0xa63a,0xa63a,0xa63a,0x9df9,0x9df9,0x9df9,0x9e19,0x9e19,0x9e19,
0x9df9,0xa639,0xa639,0xa619,0xae19,0xae19,0xae59,0xae59,0xae59,0xae79,0xb679,0xb679,0xb679,0xb699,0xb699,0xb699,0xbeb9,0xbeba,0xcefa,0xd71b,0xdf3b,0xef9b,0xef9b,0xef9b,
0xef9b,0xef9b,0xef9b,0xef9b,0xef9b,0xef9b,0xef9b,0xef7b,0xdf3b,0xd71a,0xcefa,0xbeba,0xbe9a,0xbe9a,0xbe9a,0xb69a,0xb679,0xb679,0xb69a,0xb69a,0xb67a,0xb67a,0xb659,0xae59,
0xae59,0xa659,0xa679,0x9e19,0x95d9,0x95d9,0x95d9,0x95d8,0x95d8,0x95d9,0x95f9,0x95f9,0x95f9,0x95d9,0x95d9,0x95d9,0x8db8,0x8db8,0x8db8,0x8577,0x8577,0x8577,0x8598,0x8598,
0x8598,0x8598,0x8598,0x8598,0x8598,0x8598,0x8598,0x8598,0x8598,0x8598,0x8598,0x8598,0x8598,0x7d57,0x7d57,0x7d57,0x8598,0x8598,0x8598,0x8577,0x8577,0x8577,0x8577,0x8577,
0x8577,0x8598,0x8598,0x8598,0x8d98,0x8d98,0x8d98,0x8d98,0x8d98,0x8d98,0x8db8,0x8db8,0x8db8,0x8db8,0x8db8,0x8db8,0x95d9,0x95f9,0x95f9,0x95f9,0x95f9,0x95f9,0x95f9,0x95d9,
0x95d9,0x95f9,0x95f9,0x95f9,0x95f9,0x95d9,0x95d9,0x95d9,0x95d8,0x95d8,0x95d8,0x95d9,0x95d9,0x95d9,0x95d8,0x95d8,0x95d8,0x95d9,0x95d9,0x95d9,0x95d9,0x95d9,0x95d9,0x95f9,
0x95f9,0x95f9,0x95d8,0xa619,0xb679,0xcedb,0xdf1c,0xef7c,0xffbd,0xef5d,0xdf1c,0xcedc,0xbe7b,0xae3a,0x95d8,0x95d8,0x9df8,0x9df8,0x9df8,0x9e18,0xae39,0xae39,0xae39,0xae59,
0xae59,0xae59,0xae59,0xae59,0xae59,0xae59,0xae59,0xb679,0xbe9a,0xc6ba,0xceda,0xd71b,0xd73c,0xdf5b,0xdf5b,0xdf5b,0xdf5b,0xdf5b,0xdf5b,0xe73b,0xdf3b,0xd71b,0xd6fa,0xceda,
0xbeba,0xb6b9,0xb679,0xae59,0xae59,0xae59,0xae59,0xae59,0xae59,0xb659,0xae59,0xae59,0xae9a,0xae5a,0xae5a,0xae39,0xae39,0xae39,0xa619,0xa619,0xa619,0xa65a,0xa65a,0xa65a,
0xae5a,0xae5a,0xae5a,0xae5a,0xae7a,0xae7a,0xb69a,0xb69a,0xb69a,0xb67a,0xb69a,0xb69a,0xb699,0xb699,0xb699,0xb69a,0xb69a,0xbeba,0xcefb,0xd71b,0xd73b,0xe75b,0xe73b,0xd71b,
0xceda,0xceda,0xc6ba,0xc6ba,0xc6ba,0xbeba,0xbeba,0xbeba,0xbeba,0xbeba,0xbeba,0xbeba,0xbeba,0xbe9a,0xbe9a,0xb69a,0xb67a,0xb67a,0xae7a,0xae79,0xae79,0xae7a,0xae5a,0xae5a,
0xae5a,0xae5a,0xa65a,0xa65a,0xa65a,0xa63a,0xa63a,0xa63a,0xa63a,0xa63a,0xa619,0xa639,0xa659,0xae99,0xae79,0xae59,0x9df9,0xa639,0xa639,0xa619,0xae19,0xae19,0xae59,0xae59,
0xae59,0xae79,0xae79,0xae79,0xb679,0xb699,0xb699,0xb699,0xbe9a,0xbe9a,0xc6da,0xcefa,0xdf3a,0xdf5b,0xe77b,0xf7bb,0xef9b,0xef9b,0xef9b,0xef9b,0xef9b,0xf7bb,0xe77b,0xdf5b,
0xd71a,0xcefa,0xc6da,0xbe9a,0xbe9a,0xbe9a,0xbe9a,0xbe9a,0xb679,0xae79,0xb69a,0xb69a,0xb67a,0xb67a,0xb659,0xae59,0xae59,0xa659,0xa659,0x9e19,0x95d9,0x95d9,0x95d9,0x95d8,
0x95d8,0x95d9,0x95f9,0x95f9,0x95f9,0x95d9,0x95d9,0x95d9,0x8db8,0x8db8,0x8db8,0x8577,0x8577,0x8577,0x8598,0x8598,0x8598,0x8598,0x8598,0x8598,0x8598,0x8598,0x8598,0x8598,
0x8598,0x8598,0x8598,0x8598,0x8598,0x7d57,0x7d57,0x7d57,0x8598,0x8598,0x8598,0x8577,0x8577,0x8577,0x8577,0x8577,0x8577,0x8598,0x8598,0x8598,0x8d98,0x8d98,0x8d98,0x8d98,
0x8d98,0x8d98,0x8db8,0x8db8,0x8db8,0x8db8,0x8db8,0x8db8,0x95d9,0x95f9,0x95f9,0x95f9,0x95f9,0x95f9,0x95f9,0x95d9,0x95d9,0x95f9,0x95f9,0x95f9,0x95f9,0x95d9,0x95d9,0x95d9,
0x95d8,0x95d8,0x95d8,0x95d9,0x95d9,0x95d9,0x95d8,0x95d8,0x95d8,0x95d9,0x95d9,0x95d9,0x95d9,0x95d9,0x95d9,0x95f9,0x95f9,0x95f9,0x95d8,0xa619,0xb679,0xcedb,0xdf1c,0xef7c,
0xffbd,0xef5d,0xdf1c,0xcedb,0xbe7a,0xae3a,0x95d9,0x95d9,0x9df9,0x9df9,0x9e19,0x9e39,0xa639,0xa639,0xae39,0xae39,0xae39,0xae59,0xae59,0xae59,0xae59,0xae59,0xae59,0xb679,
0xb67a,0xbe9a,0xc6da,0xcefb,0xd6fb,0xdf3b,0xdf3b,0xdf5b,0xdf5b,0xdf5b,0xdf5b,0xdf3b,0xd71b,0xd6fb,0xceda,0xc6ba,0xb69a,0xb679,0xb679,0xae59,0xae79,0xae59,0xae59,0xae59,
0xae59,0xb659,0xae59,0xae59,0xae5a,0xae5a,0xae5a,0xae5a,0xae5a,0xae3a,0xa619,0xa619,0xa619,0xa65a,0xa65a,0xa65a,0xae5a,0xae5a,0xae5a,0xae5a,0xae7a,0xae7a,0xb69a,0xb69a,
0xb69a,0xb67a,0xb67a,0xb69a,0xb69a,0xbeba,0xbeba,0xb6ba,0xbeba,0xc6da,0xcefb,0xd71b,0xdf3b,0xe77b,0xef7b,0xdf3b,0xd71b,0xcefb,0xcedb,0xceda,0xc6da,0xc6da,0xc6ba,0xc6ba,
0xbeba,0xbeba,0xbeba,0xbeba,0xbeba,0xbeba,0xbe9a,0xbe9a,0xb69a,0xb69a,0xb69a,0xae9a,0xae9a,0xae7a,0xae7a,0xb67a,0xae5a,0xae5a,0xae5a,0xa65a,0xae5a,0xa65a,0xae5a,0xae5a,
0xb67a,0xb65a,0xae39,0xa639,0xa639,0xa659,0xa639,0xa639,0x9df9,0xa619,0xa639,0xa639,0xae39,0xae39,0xae59,0xae59,0xae59,0xae79,0xae79,0xae79,0xb679,0xb679,0xb679,0xb699,
0xb699,0xbe9a,0xc6ba,0xc6da,0xcefa,0xd73b,0xdf5b,0xef7b,0xef7b,0xef7b,0xef9b,0xef9b,0xef9b,0xef7b,0xdf5b,0xd73b,0xd6fa,0xceda,0xc6ba,0xbe9a,0xbe9a,0xbe9a,0xbe9a,0xb69a,
0xb679,0xae79,0xb67a,0xb69a,0xb67a,0xb659,0xb659,0xae59,0xae59,0xa65a,0xae5a,0xa619,0x95d9,0x95f9,0x95f9,0x95f9,0x9df9,0x95f9,0x95f9,0x95f9,0x95f9,0x95d9,0x95d9,0x95d9,
0x8dd9,0x8dd9,0x8db8,0x8578,0x8598,0x8598,0x85b8,0x85b8,0x8598,0x8598,0x8598,0x8598,0x8578,0x8578,0x8578,0x8598,0x8598,0x8598,0x8578,0x8578,0x8578,0x7d57,0x7d57,0x7d57,
0x7d98,0x8598,0x8598,0x8577,0x8577,0x8577,0x8578,0x8598,0x8598,0x8598,0x8598,0x8598,0x8d98,0x8db8,0x8db8,0x8d98,0x8d98,0x8d98,0x8db8,0x8db8,0x8db8,0x8db8,0x8dd9,0x8db9,
0x95d9,0x95f9,0x95f9,0x95f9,0x95f9,0x95f9,0x95d9,0x95d9,0x95d9,0x95d9,0x95f9,0x95f9,0x95d9,0x95d9,0x95d9,0x95d9,0x95f9,0x95f9,0x95d9,0x95d9,0x95d9,0x95d9,0x95d8,0x95d8,
0x95d8,0x95d9,0x95d9,0x95d9,0x95d9,0x95d9,0x95d9,0x95d9,0x95d9,0x95d9,0x95d8,0xa619,0xb679,0xcedb,0xdf1c,0xef7c,0xffbd,0xef5d,0xdf1c,0xceda,0xbe7a,0xae39,0x95d9,0x95d9,
0x9df9,0xa619,0xa619,0xa639,0x9e39,0x9e39,0xa639,0xa619,0xa619,0xa639,0xa638,0xa638,0xae39,0xae59,0xae59,0xb659,0xb67a,0xb67a,0xbeba,0xc6ba,0xceda,0xd71a,0xd71b,0xd73b,
0xd73b,0xd73b,0xd73b,0xd71a,0xd6fa,0xceda,0xbeba,0xbe9a,0xb67a,0xb659,0xb659,0xae79,0xae79,0xae79,0xae59,0xae59,0xae59,0xae39,0xae39,0xae39,0xa639,0xa639,0xa639,0xae5a,
0xae5a,0xae5a,0x9e19,0x9e19,0x9e19,0xa639,0xa639,0xa639,0xae39,0xae59,0xae59,0xae5a,0xae7a,0xae7a,0xb67a,0xb67a,0xb67a,0xb679,0xb679,0xb679,0xbeba,0xbeba,0xbeba,0xbeba,
0xc6ba,0xc6da,0xcefb,0xd71b,0xdf3b,0xef9b,0xef9b,0xef5b,0xdf5b,0xd73b,0xdf1c,0xd71b,0xcefa,0xc6da,0xc6da,0xc6ba,0xbe9a,0xbeba,0xbeba,0xbeba,0xbeba,0xbeba,0xbe9a,0xbe9a,
0xbe9a,0xb69a,0xb69a,0xb69a,0xb69a,0xb69a,0xb67a,0xb67a,0xb67a,0xae5a,0xae5a,0xae5a,0xae5a,0xae7a,0xb69a,0xb69a,0xc6da,0xc6ba,0xb659,0xae59,0xa639,0x9df9,0x9df9,0x9df9,
0x9df9,0xa619,0xa619,0xa659,0xae59,0xae59,0xae59,0xae59,0xae59,0xae79,0xae79,0xae79,0xb659,0xb659,0xb659,0xb699,0xb699,0xb699,0xbe9a,0xbeba,0xc6da,0xd6fa,0xdf1a,0xdf3b,
0xe75b,0xe75b,0xe77b,0xe77b,0xe77b,0xdf5b,0xd71a,0xd6fa,0xceda,0xceba,0xc6ba,0xbe99,0xbe9a,0xbe9a,0xb69a,0xb69a,0xb679,0xb679,0xae79,0xae79,0xae59,0xae59,0xae59,0xae59,
0xae5a,0xae5a,0xae3a,0xa61a,0x9df9,0x9df9,0x9df9,0x9df9,0x9df9,0x9df9,0x95f9,0x95f9,0x95f9,0x95d9,0x95d9,0x95d9,0x95d9,0x95d9,0x95d9,0x8d98,0x8d98,0x8d98,0x8db8,0x8db8,
0x8db8,0x8577,0x8577,0x8577,0x7d57,0x7d57,0x7d57,0x7d77,0x7d77,0x7d77,0x7d57,0x7d57,0x7d57,0x7d57,0x7d57,0x7d57,0x7d77,0x7d77,0x7d77,0x7d57,0x7d57,0x7d57,0x8598,0x8598,
0x8598,0x8578,0x8578,0x8578,0x8db8,0x8db8,0x8db8,0x8d98,0x8d98,0x8d98,0x8db8,0x8db8,0x8db8,0x95d9,0x95d9,0x95d9,0x95d9,0x95d9,0x95d9,0x95d9,0x95d9,0x95d9,0x95d9,0x95d9,
0x95d9,0x95d9,0x95d8,0x95d8,0x95d9,0x95d9,0x95d9,0x95d9,0x95f9,0x95f9,0x95f9,0x95d9,0x95d9,0x95d9,0x95b8,0x95b8,0x95b8,0x95d9,0x95d9,0x95d9,0x95d9,0x95d9,0x95d9,0x8db8,
0x8db8,0x8db8,0x95d8,0xa619,0xb679,0xcedb,0xdf1c,0xef7c,0xffbd,0xef5d,0xdf1c,0xceda,0xbe7a,0xae39,0x95d9,0x95d9,0x9df9,0xa619,0xa619,0xa639,0x9e39,0x9e39,0xa639,0xa619,
0xa619,0xa639,0xa638,0xa638,0xae39,0xae59,0xae59,0xae59,0xb659,0xb679,0xb67a,0xbe9a,0xc6ba,0xcefa,0xcefa,0xc6fa,0xd6fa,0xcefa,0xc6da,0xcefa,0xc6ba,0xbe9a,0xb69a,0xb67a,
0xb659,0xae59,0xae79,0xae79,0xae79,0xae79,0xae59,0xae59,0xae59,0xae39,0xae39,0xae39,0xa639,0xa639,0xa639,0xae5a,0xae5a,0xae5a,0x9e19,0x9e19,0x9e19,0xa639,0xae39,0xae39,
0xae39,0xae59,0xae59,0xae7a,0xae7a,0xae7a,0xb67a,0xb69a,0xb69a,0xb679,0xb679,0xb679,0xbeba,0xbeba,0xbeba,0xbeba,0xbeba,0xc6da,0xd6db,0xdf1b,0xe75b,0xf79c,0xf7bc,0xf7bc,
0xef9b,0xef7b,0xe75b,0xdf3b,0xdf1b,0xd71b,0xcefa,0xceda,0xc6ba,0xc6ba,0xc6ba,0xc6ba,0xbeba,0xbeba,0xbeba,0xbeba,0xbeba,0xbeba,0xbeba,0xbeba,0xbeba,0xbeba,0xbeba,0xbeba,
0xbeba,0xbeba,0xc6da,0xc6db,0xcefb,0xc6ba,0xb67a,0xae5a,0xa65a,0xa63a,0xa619,0xa619,0xa619,0x9df9,0x9df9,0x9df9,0x9df9,0xa619,0xa619,0xa659,0xa659,0xa659,0xae59,0xae59,
0xae59,0xae59,0xae79,0xae79,0xb659,0xb659,0xb659,0xb679,0xb699,0xb699,0xb67a,0xbe7a,0xbe9a,0xc6da,0xcefa,0xd71a,0xd71a,0xdf3a,0xdf3a,0xdf3b,0xd73b,0xcf3c,0xd6fa,0xceda,
0xc6ba,0xc69a,0xbe9a,0xbe99,0xbe9a,0xb69a,0xb69a,0xb69a,0xb679,0xb679,0xae79,0xae59,0xae59,0xae59,0xae59,0xa659,0xae5a,0xae5a,0xae5a,0xa61a,0x9df9,0x9df9,0x9df9,0x9df9,
0x9df9,0x9df9,0x95f9,0x95f9,0x95f9,0x95d9,0x95d9,0x95d9,0x95d9,0x95d9,0x95d9,0x8d98,0x8d98,0x8d98,0x8db8,0x8db8,0x8db8,0x8577,0x8577,0x8577,0x7d57,0x7d57,0x7d57,0x7d77,
0x7d77,0x7d77,0x7d57,0x7d57,0x7d57,0x7d57,0x7d57,0x7d57,0x7d77,0x7d77,0x7d77,0x7d57,0x7d57,0x7d57,0x8598,0x8598,0x8598,0x8578,0x8578,0x8578,0x8db8,0x8db8,0x8db8,0x8d98,
0x8d98,0x8d98,0x8db8,0x8db8,0x8db8,0x95d9,0x95d9,0x95d9,0x95d9,0x95d9,0x95d9,0x95d9,0x95d9,0x95d9,0x95d9,0x95d9,0x95d9,0x95d9,0x95d8,0x95d8,0x95d9,0x95d9,0x95d9,0x95d9,
0x95f9,0x95f9,0x95f9,0x95d9,0x95d9,0x95d9,0x95b8,0x95b8,0x95b8,0x95d9,0x95d9,0x95d9,0x95d9,0x95d9,0x95d9,0x8db8,0x8db8,0x8db8,0x95d8,0xa619,0xb679,0xcedb,0xdf1c,0xef7c,
0xffbd,0xef5d,0xdf1c,0xcedb,0xbe7a,0xae39,0x95d9,0x95d9,0x9df9,0xa619,0xa619,0xa619,0x9e39,0x9e39,0xa639,0xa639,0xa639,0xa639,0xa639,0xa659,0xae59,0xae59,0xae59,0xae59,
0xae59,0xb659,0xb67a,0xb67a,0xb67a,0xbeba,0xc6ba,0xc6ba,0xc6da,0xc6da,0xc6ba,0xbeba,0xbeba,0xbe9a,0xb67a,0xb67a,0xb659,0xae59,0xae59,0xae79,0xae79,0xae79,0xae59,0xae59,
0xae59,0xae59,0xae59,0xae59,0xa65a,0xa65a,0xae5a,0xae5a,0xae5a,0xa63a,0x9e19,0x9e19,0xa639,0xa65a,0xae5a,0xae5a,0xae5a,0xae5a,0xae5a,0xae7a,0xae7a,0xae7a,0xb67a,0xb67a,
0xb69a,0xb69a,0xb69a,0xb69a,0xbeba,0xbeba,0xbeba,0xbeba,0xc6da,0xcefb,0xd71b,0xdf3b,0xef7b,0xf7bc,0xf7bc,0xf7bc,0xf7bc,0xf79c,0xef7c,0xef7c,0xe75c,0xdf3b,0xd71b,0xd6fb,
0xcedb,0xceda,0xceda,0xceda,0xc6da,0xbeda,0xc6da,0xc6da,0xc6da,0xc6da,0xc6da,0xc6db,0xc6db,0xc6db,0xc6db,0xc6db,0xc6da,0xc6ba,0xc6da,0xc6da,0xc6db,0xbe9a,0xb67a,0xae5a,
0xae5a,0xa63a,0xa619,0xa619,0xa619,0x9e19,0x9e19,0x9e19,0x9e19,0xa619,0xae39,0xa659,0xa659,0xa659,0xae59,0xae59,0xae59,0xae59,0xae59,0xae79,0xb679,0xb679,0xb679,0xb679,
0xb699,0xbe99,0xb67a,0xbe9a,0xbe9a,0xc6ba,0xc6da,0xceda,0xcefa,0xcefa,0xcefa,0xcefb,0xcefb,0xcefb,0xceda,0xc6ba,0xc6ba,0xbeba,0xbe9a,0xbeb9,0xb69a,0xb69a,0xb69a,0xb69a,
0xb679,0xb679,0xb679,0xae5a,0xae7a,0xae7a,0xae7a,0xa65a,0xae5a,0xae5a,0xae3a,0xa61a,0x9df9,0x9e19,0x9df9,0x9df9,0x9df9,0x9df9,0x95f9,0x95f9,0x95f9,0x95d9,0x95d9,0x95d9,
0x95d9,0x95d9,0x8dd9,0x8d98,0x8d98,0x8d98,0x8db8,0x8db8,0x8598,0x8578,0x8578,0x8578,0x7d78,0x7d78,0x7d78,0x7d77,0x7d77,0x7d77,0x7d77,0x7d77,0x7d77,0x7d57,0x7d57,0x7d57,
0x7d77,0x7d77,0x7d77,0x7d77,0x7d77,0x7d77,0x8598,0x8598,0x8598,0x8578,0x8578,0x8578,0x8598,0x8db8,0x8db8,0x8d98,0x8d98,0x8d98,0x8db8,0x8db8,0x8db8,0x8db9,0x95d9,0x95d9,
0x95d9,0x95d9,0x95d9,0x95d9,0x95f9,0x95f9,0x95d9,0x95d9,0x95d9,0x95d9,0x95d8,0x95d8,0x95d9,0x95d9,0x95d9,0x95d9,0x95f9,0x95f9,0x95d9,0x95d9,0x95d9,0x95d9,0x95b8,0x95b8,
0x95b8,0x95d9,0x95d9,0x95d9,0x95d9,0x95d9,0x95d9,0x8dd8,0x8dd8,0x8dd8,0x95d8,0xa619,0xb679,0xcedb,0xdf1c,0xef7c,0xffbe,0xef5c,0xdf1b,0xcedc,0xbe7b,0xae3a,0x95d8,0x95d8,
0x9df8,0x9df9,0x9df9,0x9df9,0x9e19,0x9e19,0xa619,0xa639,0xa639,0xa639,0xa659,0xa659,0xa659,0xae39,0xae39,0xae39,0xae39,0xae39,0xae59,0xae59,0xae59,0xb67a,0xbe7a,0xbe9a,
0xbeba,0xbe9a,0xbe9a,0xb69a,0xb69a,0xb699,0xb679,0xb679,0xae59,0xae59,0xae59,0xae59,0xae59,0xae59,0xae59,0xae39,0xae39,0xae59,0xae59,0xae59,0xae5a,0xae5a,0xae5a,0xa639,
0xa639,0xa639,0xa619,0xa639,0xa639,0xa65a,0xae5a,0xae5a,0xae5a,0xae5a,0xae5a,0xae59,0xb659,0xb659,0xb659,0xb679,0xb679,0xb69a,0xb69a,0xb69a,0xbeba,0xbeba,0xbeba,0xc6ba,
0xcedb,0xcefc,0xdf5b,0xe77b,0xf79b,0xf7bc,0xf7bc,0xf7bc,0xf7bc,0xf7bc,0xf7bc,0xffbc,0xf7bc,0xe77b,0xe75b,0xdf3b,0xd71c,0xd71b,0xcefa,0xcefa,0xcefa,0xc6da,0xc6da,0xc6fa,
0xc6fa,0xcefa,0xcefb,0xcefc,0xcefb,0xd71b,0xdf1b,0xdf3c,0xd71b,0xc6da,0xbeba,0xbe9a,0xb65a,0xae7a,0xae7a,0xae5a,0xae5a,0xae5a,0xa619,0xa619,0xa619,0x9e19,0x9e19,0x9e19,
0xa619,0xae39,0xae39,0xa659,0xa659,0xa659,0xae39,0xae59,0xae59,0xae59,0xae59,0xae59,0xb679,0xb679,0xb679,0xb679,0xbe99,0xbe99,0xbe99,0xbe99,0xbe99,0xbeba,0xbeba,0xc6ba,
0xc6da,0xc6da,0xc6da,0xc6da,0xc6da,0xc6ba,0xbeba,0xbeba,0xbe99,0xbeba,0xbeba,0xbeba,0xb69a,0xb69a,0xb69a,0xb69a,0xb679,0xb679,0xb67a,0xb67a,0xb67a,0xb67a,0xae7a,0xae5a,
0xae5a,0xa639,0xa619,0xa619,0x9e19,0x9e19,0x9e19,0x9df9,0x9df9,0x9df9,0x95d9,0x95d9,0x95d9,0x95d9,0x95d9,0x95d9,0x8dd8,0x8dd8,0x8dd8,0x8d98,0x8d98,0x8d98,0x8598,0x8598,
0x8598,0x8578,0x8578,0x8578,0x8578,0x8578,0x8578,0x7d57,0x7d57,0x7d57,0x7d77,0x7d77,0x7d77,0x7d57,0x7d57,0x7d57,0x7d57,0x7d57,0x7d57,0x7d77,0x7d77,0x7d77,0x8577,0x8577,
0x8577,0x8577,0x8577,0x8577,0x8598,0x8598,0x8598,0x8598,0x8598,0x8598,0x8db8,0x8db8,0x8db8,0x8db8,0x8db8,0x8db8,0x8db8,0x8db8,0x8db8,0x95d9,0x95f9,0x95f9,0x95f9,0x95d9,
0x95d9,0x95d9,0x8db8,0x8db8,0x8dd9,0x95d9,0x95d9,0x95d9,0x95d9,0x95d9,0x95d9,0x95b8,0x95b8,0x95b8,0x95b8,0x95b8,0x95b8,0x95d8,0x95d8,0x95d8,0x95d9,0x95d9,0x95d9,0x95d8,
0x95d8,0x95d8,0x95d8,0xa619,0xb679,0xcedb,0xdf1c,0xef7c,0xffbe,0xef5c,0xdf1b,0xcedb,0xbe7b,0xae3a,0x95d8,0x95d8,0x9df8,0x9df9,0x9df9,0x9df9,0x9e19,0x9e19,0x9e19,0xa639,
0xa639,0xa639,0xa659,0xa659,0xa659,0xa639,0xa639,0xae39,0xae39,0xae39,0xae39,0xae39,0xae39,0xae59,0xb679,0xb679,0xb699,0xb679,0xb679,0xb679,0xb679,0xae79,0xae79,0xae79,
0xb659,0xb659,0xb659,0xb659,0xb659,0xb659,0xae59,0xae39,0xae39,0xae59,0xa659,0xa659,0xae5a,0xae5a,0xae5a,0xa639,0xa639,0xa639,0xa619,0xa639,0xa639,0xa65a,0xae5a,0xae5a,
0xae5a,0xae5a,0xae5a,0xae59,0xb659,0xb659,0xb659,0xb679,0xb679,0xb69a,0xb69a,0xb69a,0xbeba,0xbeba,0xbeba,0xc6da,0xcefa,0xd71b,0xe75b,0xef9b,0xf7bc,0xf7bc,0xf7bc,0xf7bc,
0xf7bc,0xf7bc,0xf7bc,0xf7bc,0xf7bc,0xf7bc,0xef9c,0xef7b,0xe75b,0xdf3b,0xdf3b,0xd73b,0xd73b,0xd71b,0xdf3b,0xdf3b,0xdf5b,0xe75b,0xe73b,0xdf3b,0xd6fb,0xcefb,0xc6fa,0xc6da,
0xbeba,0xb69a,0xb69a,0xb67a,0xae7a,0xae7a,0xae7a,0xae5a,0xae5a,0xae5a,0xa619,0xa619,0xa619,0x9e19,0x9e19,0x9e19,0xa619,0xae39,0xae39,0xa639,0xa659,0xa659,0xae39,0xae39,
0xae39,0xae59,0xae59,0xae59,0xb679,0xb679,0xb679,0xb679,0xb679,0xb679,0xb679,0xbe99,0xbe99,0xbe9a,0xbe9a,0xbe9a,0xbeba,0xbeba,0xbeba,0xbeba,0xbe9a,0xbe99,0xbe99,0xbe99,
0xbe99,0xbeba,0xb6ba,0xb6ba,0xb69a,0xb69a,0xb69a,0xb69a,0xb679,0xb659,0xb67a,0xb67a,0xae7a,0xae7a,0xae7a,0xae5a,0xae3a,0xa619,0xa619,0xa619,0x9e19,0x9e19,0x9e19,0x9df9,
0x9df9,0x9df9,0x95d9,0x95d9,0x95d9,0x95d9,0x95d9,0x95d9,0x8dd8,0x8dd8,0x8dd8,0x8d98,0x8d98,0x8d98,0x8598,0x8598,0x8598,0x8578,0x8578,0x8578,0x8578,0x8578,0x8578,0x7d57,
0x7d57,0x7d57,0x7d77,0x7d77,0x7d77,0x7d57,0x7d57,0x7d57,0x7d57,0x7d57,0x7d57,0x7d77,0x7d77,0x7d77,0x8577,0x8577,0x8577,0x8577,0x8577,0x8577,0x8598,0x8598,0x8598,0x8598,
0x8598,0x8598,0x8db8,0x8db8,0x8db8,0x8db8,0x8db8,0x8db8,0x8db8,0x8db8,0x8db8,0x95d9,0x9619,0x95f9,0x95f9,0x95d9,0x95d9,0x95d9,0x8db8,0x8db8,0x8dd9,0x95d9,0x95d9,0x95d9,
0x95d9,0x95d9,0x95d9,0x95b8,0x95b8,0x95b8,0x95b8,0x95b8,0x95b8,0x95d8,0x95d8,0x95d8,0x95d9,0x95d9,0x95d9,0x95d8,0x95d8,0x95d8,0x95d8,0xa619,0xb679,0xcedb,0xdf1c,0xef7c,
0xffbe,0xef5c,0xdf1b,0xcedb,0xbe9b,0xae3a,0x95f9,0x95f9,0x9df9,0x9df9,0x9df9,0x9df9,0x9e19,0x9e19,0x9e19,0xa619,0xa639,0xa639,0xa639,0xa659,0xa659,0xa659,0xa639,0xae39,
0xae39,0xae39,0xae39,0xae39,0xae39,0xae59,0xae59,0xb679,0xb679,0xb679,0xb659,0xb659,0xae79,0xae79,0xae79,0xb679,0xb659,0xb659,0xb659,0xb659,0xb659,0xb659,0xae59,0xae59,
0xae59,0xae59,0xa659,0xa659,0xae5a,0xae5a,0xae5a,0xa639,0xa63a,0xa639,0xa619,0xa639,0xa639,0xa65a,0xae5a,0xae5a,0xae5a,0xae5a,0xae5a,0xae59,0xb659,0xb659,0xb659,0xb679,
0xb679,0xb69a,0xb69a,0xb69a,0xbeba,0xbeba,0xc6ba,0xc6da,0xcefb,0xdf3b,0xe77c,0xef9c,0xf7bc,0xf7bc,0xf7bc,0xf7bc,0xf7bc,0xf7bc,0xf7bc,0xf7bc,0xf7bc,0xf7bc,0xf7bc,0xf79c,
0xef7c,0xe77b,0xe75b,0xdf5b,0xdf5b,0xdf5b,0xe75b,0xe75b,0xdf5b,0xe75b,0xdf3b,0xd71b,0xcefb,0xc6db,0xbeba,0xbeba,0xb69a,0xb67a,0xb67a,0xb67a,0xae7a,0xae7a,0xae7a,0xae5a,
0xae5a,0xae5a,0xa619,0xa61a,0xa61a,0x9e1a,0x9e1a,0x9e19,0xa619,0xae39,0xae39,0xa63a,0xa65a,0xa659,0xae39,0xae39,0xae39,0xae59,0xae59,0xae59,0xb679,0xb679,0xb679,0xb67a,
0xb67a,0xb67a,0xb67a,0xb69a,0xbe9a,0xbe9a,0xbe9a,0xbe9a,0xbeba,0xbeba,0xbeba,0xbe9a,0xbe9a,0xbe99,0xbe99,0xbe99,0xbe99,0xb6ba,0xb6ba,0xb6ba,0xb69a,0xb69a,0xb69a,0xb67a,
0xb679,0xb659,0xb65a,0xb67a,0xae7a,0xae7a,0xae7a,0xae5a,0xae3a,0xa619,0xa639,0xa619,0x9e19,0x9e19,0x9df9,0x9df9,0x9df9,0x9df9,0x95d9,0x95d9,0x95d9,0x95d9,0x95d9,0x95d9,
0x8dd8,0x8dd8,0x8db8,0x8d98,0x8d98,0x8d98,0x8598,0x8598,0x8598,0x8578,0x8578,0x8578,0x8578,0x8578,0x8578,0x7d57,0x7d57,0x7d57,0x7d77,0x7d77,0x7d77,0x7d57,0x7d57,0x7d57,
0x7d57,0x7d57,0x7d57,0x7d77,0x7d77,0x7d77,0x8577,0x8577,0x8577,0x8577,0x8577,0x8577,0x8598,0x8598,0x8598,0x8598,0x8598,0x8598,0x8db8,0x8db8,0x8db8,0x8db8,0x8db8,0x8db8,
0x8db8,0x8db8,0x8db8,0x8dd9,0x95f9,0x95d9,0x95d9,0x95d9,0x95d9,0x95d9,0x8db8,0x8db8,0x8dd8,0x95d9,0x95d9,0x95d9,0x95d9,0x95d9,0x95d9,0x95b8,0x95b8,0x95b8,0x95b8,0x95b8,
0x95b8,0x95d8,0x95d8,0x95d8,0x95d9,0x95d9,0x95d9,0x95d8,0x95d8,0x95d8,0x95d8,0xa639,0xb67a,0xcedb,0xdf1c,0xef7c,0xffbe,0xef5c,0xdf1b,0xcedb,0xbe9b,0xae5a,0x95f9,0x95f9,
0x9e19,0x9e19,0x9e19,0x9e19,0x9df8,0x9df8,0x9e18,0x9df8,0x9df8,0xa618,0xa619,0xa619,0xa639,0xae59,0xae59,0xae59,0xae59,0xae59,0xae59,0xae59,0xae39,0xae39,0xae59,0xae59,
0xae59,0xae59,0xae39,0xae39,0xae59,0xae79,0xb679,0xb679,0xb659,0xb659,0xb659,0xb659,0xb659,0xb659,0xb679,0xae79,0xae79,0xae59,0xa659,0xa659,0xa639,0xa639,0xa639,0xae5a,
0xa65a,0xa65a,0x9e19,0xa639,0xa639,0xa65a,0xae5a,0xae5a,0xae59,0xae59,0xae59,0xae79,0xb679,0xb679,0xb679,0xb679,0xb679,0xbeba,0xbeba,0xbeba,0xbeba,0xc6ba,0xc6ba,0xcefb,
0xd71b,0xdf5b,0xf7bc,0xffdc,0xf7bc,0xf7bc,0xf7bc,0xf7bc,0xf7bc,0xf7bc,0xf7bc,0xf7bc,0xf7bc,0xf7bc,0xf7bc,0xf7bc,0xffbd,0xf7bc,0xef9b,0xf79b,0xf79b,0xf7bb,0xef9b,0xe75b,
0xdf3b,0xd71c,0xcefb,0xc6da,0xbeba,0xb69a,0xb67a,0xb67a,0xb65a,0xb65a,0xb65a,0xae5a,0xa65a,0xa65a,0xa65a,0xae5a,0xae5a,0xae5a,0xa63a,0xa63a,0xa63a,0xa63a,0xa63a,0xa63a,
0xa619,0xae39,0xae39,0xae5a,0xae5a,0xae5a,0xa659,0xae59,0xae59,0xae59,0xb659,0xb659,0xae59,0xae79,0xae79,0xb69a,0xb69a,0xb69a,0xb69a,0xb69a,0xb69a,0xbe9a,0xbe9a,0xbe9a,
0xbe99,0xbe99,0xbe99,0xbe9a,0xbe9a,0xbe9a,0xbe99,0xbe99,0xb679,0xb699,0xb699,0xb699,0xb69a,0xb69a,0xb69a,0xb67a,0xb659,0xb659,0xae59,0xae59,0xae59,0xae59,0xae59,0xae59,
0xae59,0xa639,0xa639,0xa619,0x9df9,0x9df9,0x9df9,0x9df9,0x9df9,0x9df9,0x95f9,0x95f9,0x95f9,0x95d8,0x95d8,0x95d8,0x8db8,0x8db8,0x8db8,0x8d98,0x8d98,0x8d98,0x8db8,0x8db8,
0x8db8,0x8598,0x8598,0x8598,0x7d57,0x7d57,0x7d57,0x7d77,0x7d77,0x7d77,0x7d57,0x7d57,0x7d57,0x7d57,0x7d57,0x7d57,0x7d57,0x7d57,0x7d57,0x7d77,0x7d77,0x7d77,0x7d57,0x7d57,
0x7d57,0x7d77,0x7d77,0x7d77,0x8578,0x8578,0x8578,0x8598,0x8598,0x8598,0x8d98,0x8d98,0x8d98,0x8db8,0x8db8,0x8db8,0x8dd8,0x8dd8,0x8dd8,0x8dd8,0x8db8,0x8db8,0x8db8,0x8db8,
0x8db8,0x8dd8,0x95d8,0x95d8,0x95d8,0x8db8,0x8db8,0x8db9,0x95d9,0x95d9,0x95d9,0x8db8,0x8db8,0x8db8,0x8db8,0x8db8,0x8db8,0x95d8,0x95d8,0x95d8,0x8db8,0x8db8,0x8db8,0x95d8,
0x95d8,0x95d8,0x9df9,0xae3a,0xbe9a,0xcedb,0xdf1c,0xef7c,0xffbe,0xef5c,0xdf1b,0xcedb,0xbe9b,0xae5a,0x95f9,0x95f9,0x9e19,0x9e19,0x9e19,0x9e19,0x9df8,0x9df8,0x9e18,0x9df8,
0x9df8,0x9df8,0xa619,0xa619,0xa619,0xae59,0xae59,0xae59,0xae59,0xae59,0xae59,0xae59,0xae39,0xae39,0xae59,0xae59,0xae59,0xae59,0xae39,0xae39,0xae59,0xb679,0xb679,0xb679,
0xb659,0xb659,0xb659,0xb659,0xb659,0xb659,0xb679,0xb679,0xb679,0xae59,0xa659,0xa659,0xa639,0xa639,0xa639,0xa65a,0xa65a,0xa65a,0x9e19,0xa639,0xa639,0xae5a,0xae5a,0xae5a,
0xae59,0xae59,0xae59,0xae79,0xb679,0xb679,0xb679,0xb679,0xb679,0xbeba,0xbeba,0xbeba,0xc6ba,0xc6da,0xc6da,0xcefb,0xdf3b,0xef7b,0xf7bc,0xf7bc,0xf7bc,0xf7bc,0xf7bc,0xf7bc,
0xf7bc,0xf7bc,0xf7bc,0xf7bc,0xf7bc,0xf7bc,0xf7bc,0xf7bc,0xf7bc,0xf7bc,0xf7bc,0xe79b,0xe77b,0xe75b,0xdf3c,0xd71b,0xcefa,0xcefa,0xc6da,0xbeba,0xb6ba,0xb69a,0xb67a,0xb67a,
0xb67a,0xb65a,0xb65a,0xb65a,0xae5a,0xa65a,0xa65a,0xae5a,0xae5a,0xae5a,0xa63a,0xa63a,0xa63a,0xa63a,0xa63a,0xa63a,0xa619,0xa639,0xa639,0xae5a,0xae5a,0xae5a,0xa659,0xa659,
0xa659,0xae59,0xae59,0xae59,0xae59,0xae59,0xae59,0xb69a,0xb69a,0xb69a,0xb69a,0xb69a,0xb69a,0xb69a,0xb69a,0xb69a,0xb679,0xb679,0xb679,0xb69a,0xb69a,0xb69a,0xb679,0xb679,
0xb679,0xb699,0xb699,0xb699,0xb69a,0xb69a,0xb67a,0xb67a,0xb659,0xae59,0xae59,0xae59,0xae59,0xae59,0xae59,0xae39,0xae39,0xa639,0xa639,0xa619,0x9df9,0x9df9,0x9df9,0x9df9,
0x9df9,0x9df9,0x95f9,0x95f9,0x95f9,0x95d8,0x95d8,0x95d8,0x8db8,0x8db8,0x8db8,0x8d98,0x8d98,0x8d98,0x8db8,0x8db8,0x8db8,0x8598,0x8598,0x8598,0x7d57,0x7d57,0x7d57,0x7d77,
0x7d77,0x7d77,0x7d57,0x7d57,0x7d57,0x7d57,0x7d57,0x7d57,0x7d57,0x7d57,0x7d57,0x7d77,0x7d77,0x7d77,0x7d57,0x7d57,0x7d57,0x7d77,0x7d77,0x7d77,0x8578,0x8578,0x8578,0x8598,
0x8598,0x8598,0x8d98,0x8d98,0x8d98,0x8db8,0x8db8,0x8db8,0x8dd8,0x8dd8,0x8dd8,0x8dd8,0x8db8,0x8db8,0x8db8,0x8db8,0x8db8,0x8dd8,0x95d8,0x95d8,0x95d8,0x8db8,0x8db8,0x8db9,
0x95d9,0x95d9,0x95d9,0x8db8,0x8db8,0x8db8,0x8db8,0x8db8,0x8db8,0x95d8,0x95d8,0x95d8,0x8db8,0x8db8,0x8db8,0x95d8,0x95d8,0x95d8,0x9df9,0xae3a,0xbe9a,0xcedb,0xdf1c,0xef7c,
0xffbe,0xef5c,0xdf1b,0xcedb,0xbe9b,0xae5a,0x95f9,0x95f9,0x9e19,0x9e19,0x9e19,0x9e19,0x9df9,0x9df8,0x9e18,0x9e18,0x9df8,0x9df8,0xa619,0xa619,0xa619,0xae39,0xae59,0xae59,
0xae59,0xae59,0xae59,0xae59,0xae39,0xae39,0xae59,0xae59,0xae59,0xae59,0xae39,0xae39,0xb659,0xb679,0xb679,0xb659,0xb659,0xb659,0xb659,0xb659,0xb659,0xb659,0xb679,0xb679,
0xb679,0xae59,0xa659,0xa659,0xa639,0xa639,0xa639,0xa65a,0xa65a,0xa65a,0x9e19,0xa639,0xa63a,0xae5a,0xae5a,0xae5a,0xae59,0xae59,0xae59,0xae79,0xb679,0xb679,0xb679,0xb679,
0xb679,0xbeba,0xbeba,0xbeba,0xc6ba,0xc6da,0xc6fb,0xd71b,0xe75b,0xf79c,0xf7bc,0xf7bc,0xf7bc,0xf7bc,0xf7bc,0xf7bc,0xf7bc,0xf7bc,0xf7bc,0xf7bc,0xf7bc,0xf7bc,0xf7bc,0xf7bc,
0xf7bc,0xf7bc,0xf7bc,0xe77b,0xdf5b,0xd71b,0xd71b,0xcefb,0xcefa,0xc6da,0xc6ba,0xbeba,0xb6bb,0xb69a,0xb67a,0xb67a,0xb67a,0xb67a,0xb67a,0xb65a,0xae5a,0xa65a,0xa65a,0xae5a,
0xae5a,0xae5a,0xa63a,0xa63a,0xa63a,0xa63a,0xa63a,0xa63a,0xa619,0xa639,0xa65a,0xae5a,0xae5a,0xae5a,0xa659,0xa659,0xa659,0xae59,0xae59,0xae59,0xae59,0xae59,0xae59,0xb69a,
0xb69a,0xb69a,0xb69a,0xb69a,0xb69a,0xb69a,0xb69a,0xb69a,0xb69a,0xb679,0xb679,0xb69a,0xb69a,0xb69a,0xb67a,0xb679,0xb679,0xb699,0xb699,0xb699,0xb69a,0xb67a,0xb67a,0xb67a,
0xb659,0xae59,0xae59,0xae59,0xae59,0xae59,0xae59,0xae39,0xae39,0xa639,0xa639,0xa619,0x9df9,0x9df9,0x9df9,0x9df9,0x9df9,0x9df9,0x95f9,0x95f9,0x95f9,0x95d8,0x95d8,0x95d8,
0x8db8,0x8db8,0x8db8,0x8d98,0x8d98,0x8db8,0x8db8,0x8db8,0x8db8,0x8598,0x8598,0x8598,0x7d57,0x7d57,0x7d57,0x7d77,0x7d77,0x7d77,0x7d57,0x7d57,0x7d57,0x7d57,0x7d57,0x7d57,
0x7d57,0x7d57,0x7d57,0x7d77,0x7d77,0x7d77,0x7d77,0x7d57,0x7d57,0x7d77,0x7d77,0x7d77,0x8578,0x8578,0x8578,0x8598,0x8598,0x8598,0x8598,0x8d98,0x8d98,0x8d98,0x8db8,0x8db8,
0x8db8,0x8dd8,0x8dd8,0x8db8,0x8db8,0x8db8,0x8db8,0x8db8,0x8db8,0x8db8,0x95d8,0x95d8,0x95d8,0x8db8,0x8db8,0x8dd9,0x95d9,0x95d9,0x95d9,0x8db8,0x8db8,0x8db8,0x8db8,0x8db8,
0x8dd8,0x95d8,0x95d8,0x95d8,0x8db8,0x8db8,0x8db8,0x95d8,0x95d8,0x95d8,0x9df9,0xa639,0xb69a,0xcedb,0xdf1c,0xef7c,0xffbd,0xef5d,0xdf1c,0xcedb,0xbe7b,0xae3a,0x95f9,0x95f9,
0x95f9,0x9e19,0x9e19,0x9e19,0x9df9,0x9df9,0x9df9,0x9e18,0x9e18,0x9e18,0x9e39,0x9e39,0xa639,0xa639,0xa639,0xa639,0xa659,0xa659,0xa659,0xa659,0xa638,0xa638,0xae59,0xae59,
0xae59,0xae59,0xae59,0xae59,0xb659,0xb659,0xb659,0xb659,0xae59,0xae59,0xae59,0xae59,0xae59,0xae59,0xb659,0xb659,0xb659,0xae59,0xa639,0xa639,0xa619,0xa619,0xa639,0xa65a,
0xa65a,0xa65a,0xa61a,0xa63a,0xa63a,0xae39,0xae39,0xae39,0xa659,0xae59,0xae59,0xae59,0xb659,0xb659,0xb69a,0xb69a,0xb69a,0xb69a,0xb6ba,0xbeba,0xc6ba,0xc6db,0xcefc,0xe73b,
0xef7c,0xf7dd,0xf7bc,0xf7bc,0xf7bc,0xf7bc,0xf7bc,0xf7bc,0xf7bc,0xf7bc,0xf7bc,0xf7bc,0xf7bc,0xf7bc,0xf7bc,0xf7bc,0xf7bc,0xf7bc,0xef9b,0xe75b,0xd71b,0xcefb,0xc6da,0xc6db,
0xc6dc,0xc6bb,0xc6bb,0xc6bb,0xbebc,0xbebb,0xb69a,0xb69a,0xb69a,0xb69a,0xb6ba,0xb67a,0xae5a,0xa65a,0xa65a,0xae5a,0xae5a,0xae5a,0xa63a,0xa63a,0xa63a,0xae5a,0xae5a,0xae5a,
0xa63a,0xa65a,0xa65a,0xa659,0xae59,0xae59,0xae59,0xae59,0xae59,0xae59,0xae79,0xae79,0xae79,0xb679,0xb679,0xb67a,0xb69a,0xb69a,0xbe9a,0xbe9a,0xbe9a,0xb69a,0xb69a,0xb69a,
0xb69a,0xb69a,0xb69a,0xb679,0xb679,0xb679,0xb69a,0xb69a,0xb69a,0xb69a,0xb69a,0xb69a,0xb67a,0xb659,0xb659,0xae7a,0xae7a,0xae7a,0xb67a,0xb67a,0xb67a,0xb67a,0xae59,0xae39,
0xae39,0xa619,0xa619,0xa619,0x9e19,0x9e19,0x9e19,0x9e19,0x9e19,0x9df9,0x95d9,0x95d9,0x95d9,0x95d9,0x95d9,0x95d9,0x8d98,0x8d98,0x8d98,0x8db8,0x8db8,0x8db8,0x8d98,0x8d98,
0x8d98,0x8598,0x8598,0x8598,0x8578,0x8578,0x8578,0x7d57,0x7d57,0x7d57,0x7d78,0x7d78,0x7d78,0x7d57,0x7d57,0x7d57,0x7d57,0x7d57,0x7d57,0x7d57,0x7d57,0x7d57,0x7d77,0x7d77,
0x7d77,0x8578,0x8578,0x8578,0x8598,0x8598,0x8598,0x8598,0x8598,0x8598,0x8598,0x8598,0x8598,0x8d98,0x8d98,0x8d98,0x8d98,0x8d98,0x8d98,0x8db8,0x8db8,0x8db8,0x8db8,0x8db8,
0x8db8,0x8db8,0x8db8,0x8db8,0x8dd9,0x95d9,0x95d9,0x95d9,0x8db8,0x8db8,0x8db8,0x95d9,0x95d9,0x95d9,0x95d9,0x95d9,0x95d9,0x95d9,0x95d9,0x95d9,0x8db8,0x8db8,0x8db8,0x8db8,
0x8db8,0x8db8,0x95d8,0xa619,0xb679,0xcedb,0xdf1c,0xef7c,0xffbd,0xef5d,0xdf1c,0xcedb,0xbe7b,0xae3a,0x95f9,0x95f9,0x95f9,0x9e19,0x9e19,0x9e19,0x9df9,0x9df9,0x9df9,0x9df8,
0x9e18,0x9e18,0x9e39,0x9e39,0x9e39,0xa639,0xa639,0xa639,0xa639,0xa639,0xa639,0xa639,0xa638,0xa638,0xae59,0xae59,0xae59,0xae59,0xae59,0xae59,0xb659,0xb659,0xb659,0xb659,
0xae59,0xae59,0xae59,0xae59,0xae59,0xae59,0xb659,0xb659,0xb659,0xae59,0xa639,0xa639,0xa619,0xa619,0xa639,0xa65a,0xa65a,0xa65a,0xa61a,0xa63a,0xa63a,0xae39,0xae39,0xae39,
0xa659,0xae59,0xae59,0xae59,0xb659,0xb659,0xb69a,0xb69a,0xb69a,0xbeba,0xbeba,0xc6da,0xcedb,0xd6fb,0xdf3b,0xef5b,0xef9c,0xf7bc,0xf7bc,0xf7bc,0xf7bc,0xf7bc,0xf7bc,0xf7bc,
0xf7bc,0xf7bc,0xf7bc,0xf7bc,0xf7bc,0xf7bc,0xf7bc,0xf7bc,0xf7bc,0xef9c,0xe77b,0xdf3b,0xcefb,0xc6da,0xc6ba,0xc6bb,0xc6bb,0xc6bb,0xc6bb,0xc6bb,0xbebb,0xbebb,0xb69a,0xb69a,
0xb69a,0xb69a,0xb69a,0xb67a,0xae5a,0xa65a,0xa65a,0xae5a,0xae5a,0xae5a,0xa63a,0xa63a,0xa63a,0xae5a,0xae5a,0xae5a,0xa63a,0xa65a,0xa65a,0xa659,0xae59,0xae59,0xae39,0xae59,
0xae59,0xae59,0xae59,0xae59,0xae79,0xae79,0xae79,0xb67a,0xb67a,0xb67a,0xb69a,0xbe9a,0xbe9a,0xb69a,0xb69a,0xb69a,0xb69a,0xb69a,0xb69a,0xb679,0xb679,0xb679,0xb69a,0xb69a,
0xb69a,0xb69a,0xb67a,0xb67a,0xb65a,0xb659,0xae59,0xae7a,0xae7a,0xae5a,0xb67a,0xb67a,0xb67a,0xb65a,0xae39,0xae39,0xae39,0xa619,0xa619,0xa619,0x9e19,0x9e19,0x9e19,0x9e19,
0x9e19,0x9df9,0x95d9,0x95d9,0x95d9,0x95d9,0x95d9,0x95d9,0x8d98,0x8d98,0x8d98,0x8db8,0x8db8,0x8db8,0x8d98,0x8d98,0x8d98,0x8598,0x8598,0x8598,0x8578,0x8578,0x8578,0x7d57,
0x7d57,0x7d57,0x7d78,0x7d78,0x7d78,0x7d57,0x7d57,0x7d57,0x7d57,0x7d57,0x7d57,0x7d57,0x7d57,0x7d57,0x7d77,0x7d77,0x7d77,0x8578,0x8578,0x8578,0x8598,0x8598,0x8598,0x8598,
0x8598,0x8598,0x8598,0x8598,0x8598,0x8d98,0x8d98,0x8d98,0x8d98,0x8d98,0x8d98,0x8db8,0x8db8,0x8db8,0x8db8,0x8db8,0x8db8,0x8db8,0x8db8,0x8db8,0x8dd9,0x95d9,0x95d9,0x95d9,
0x8db8,0x8db8,0x8db8,0x95d9,0x95d9,0x95d9,0x95d9,0x95d9,0x95d9,0x95d9,0x95d9,0x95d9,0x8db8,0x8db8,0x8db8,0x8db8,0x8db8,0x8db8,0x95d8,0xa619,0xb679,0xcedb,0xdf1c,0xef7c,
0xffbd,0xef5d,0xdf1c,0xcedb,0xbe7b,0xae3a,0x95f9,0x95f9,0x95f9,0x9df9,0x9e19,0x9e19,0x9df9,0x9df9,0x9df9,0x9df8,0x9df8,0x9e18,0x9e39,0x9e39,0x9e39,0xa639,0xa639,0xa639,
0xa639,0xa639,0xa639,0xa639,0xa638,0xa638,0xae39,0xae59,0xae59,0xae59,0xae59,0xae59,0xae59,0xb659,0xb659,0xb659,0xae59,0xae59,0xae59,0xae59,0xae59,0xae59,0xb659,0xb659,
0xb659,0xae59,0xa659,0xa639,0xa619,0xa619,0xa639,0xa65a,0xa65a,0xa65a,0xa61a,0xa63a,0xa63a,0xae39,0xae39,0xae39,0xa659,0xae59,0xae59,0xae59,0xb659,0xb659,0xb69a,0xb69a,
0xb69a,0xc6ba,0xc6da,0xcefa,0xd6fb,0xdf1b,0xe75b,0xef7b,0xf79c,0xf7bc,0xf7bc,0xf7bc,0xf7bc,0xf7bc,0xf7bc,0xf7bc,0xf7bc,0xf7bc,0xf7bc,0xf7bc,0xf7bc,0xf7bc,0xf7bc,0xf7bc,
0xf7bc,0xef7c,0xdf5b,0xd71b,0xcefb,0xc6da,0xc6ba,0xc6bb,0xc6bb,0xc6bb,0xc6bb,0xc6bb,0xbebb,0xbebb,0xb69a,0xb69a,0xb69a,0xb69a,0xb69a,0xb67a,0xae5a,0xa65a,0xa65a,0xae5a,
0xae5a,0xae5a,0xa63a,0xa63a,0xa63a,0xae5a,0xae5a,0xae5a,0xa63a,0xa65a,0xa65a,0xa659,0xae59,0xae59,0xae39,0xae39,0xae59,0xae59,0xae59,0xae59,0xae79,0xae79,0xae79,0xb67a,
0xb67a,0xb67a,0xb69a,0xb69a,0xbe9a,0xb69a,0xb69a,0xb69a,0xb69a,0xb69a,0xb69a,0xb67a,0xb679,0xb679,0xb69a,0xb69a,0xb69a,0xb67a,0xb67a,0xb67a,0xb67a,0xb659,0xae59,0xae7a,
0xae7a,0xae5a,0xb67a,0xb67a,0xb67a,0xb65a,0xae39,0xae59,0xa639,0xa619,0xa619,0xa619,0x9e19,0x9e19,0x9e19,0x9e19,0x9e19,0x9df9,0x95d9,0x95d9,0x95d9,0x95d9,0x95d9,0x95d9,
0x8d98,0x8d98,0x8d98,0x8db8,0x8db8,0x8db8,0x8d98,0x8d98,0x8d98,0x8598,0x8598,0x8598,0x8578,0x8578,0x8578,0x7d57,0x7d57,0x7d57,0x7d78,0x7d78,0x7d78,0x7d57,0x7d57,0x7d57,
0x7d57,0x7d57,0x7d57,0x7d57,0x7d57,0x7d57,0x7d77,0x7d77,0x7d77,0x8578,0x8578,0x8578,0x8598,0x8598,0x8598,0x8598,0x8598,0x8598,0x8598,0x8598,0x8598,0x8d98,0x8d98,0x8d98,
0x8d98,0x8d98,0x8d98,0x8db8,0x8db8,0x8db8,0x8db8,0x8db8,0x8db8,0x8db8,0x8db8,0x8db8,0x8dd9,0x95d9,0x95d9,0x95d9,0x8db8,0x8db8,0x8db8,0x95d9,0x95d9,0x95d9,0x95d9,0x95d9,
0x95d9,0x95d9,0x95d9,0x95d9,0x8db8,0x8db8,0x8db8,0x8db8,0x8db8,0x8db8,0x95d8,0xa639,0xb67a,0xcedb,0xdf1c,0xef7c,0xffbe,0xef5c,0xdf1b,0xceda,0xbe7a,0xae39,0x95f9,0x95d9,
0x95d9,0x95d9,0x95d9,0x9df9,0x9df8,0x9df8,0x9df8,0x9df8,0x9df8,0x9df8,0x9e39,0x9e39,0x9e39,0x9e19,0x9e19,0xa619,0xa619,0xa618,0xa618,0xa639,0xa639,0xa639,0xa639,0xa618,
0xa618,0xa619,0xa619,0xa639,0xa659,0xae59,0xae59,0xae79,0xb679,0xb679,0xb679,0xae59,0xae59,0xae59,0xb659,0xb659,0xb659,0xae59,0xa659,0xa659,0xa619,0xa619,0xa619,0xa619,
0xa619,0xa619,0xa63a,0xa65a,0xa65a,0xae5a,0xae5a,0xae5a,0xa659,0xae59,0xae59,0xae7a,0xae7a,0xb67a,0xb679,0xb67a,0xbe9a,0xcefa,0xd71b,0xd71c,0xdf3b,0xe75b,0xe77b,0xf7bc,
0xffbc,0xf7bc,0xf7bc,0xf7bc,0xf7bc,0xf7bc,0xf7bc,0xf7bc,0xf7bc,0xf7bc,0xf7bc,0xf7bc,0xf7bc,0xf7bc,0xf7bc,0xf7bc,0xf79b,0xdf5b,0xd71b,0xc6da,0xc6da,0xc6da,0xc6ba,0xc6ba,
0xc6ba,0xc6ba,0xc6ba,0xbe9a,0xb69a,0xbe9a,0xbe9a,0xbe9a,0xbe9a,0xb67a,0xb67a,0xb67a,0xb6ba,0xae7a,0xae7a,0xae5a,0xae5a,0xae5a,0xae3a,0xae3a,0xae3a,0xae5a,0xae5a,0xae5a,
0xae5a,0xae5a,0xae5a,0xae7a,0xae7a,0xae7a,0xae39,0xae39,0xae39,0xae59,0xae59,0xae59,0xae59,0xae59,0xae59,0xb69a,0xb69a,0xb69a,0xb679,0xb679,0xb679,0xb67a,0xb67a,0xb67a,
0xb679,0xb679,0xb679,0xb69a,0xb69a,0xb69a,0xb67a,0xb67a,0xb67a,0xb67a,0xb67a,0xb67a,0xae7a,0xae7a,0xae7a,0xae7a,0xae5a,0xae5a,0xb67a,0xb67a,0xb67a,0xb67a,0xae7a,0xa69a,
0xa65a,0xa619,0x9df9,0x9e19,0x9e19,0x9e19,0x9e19,0x9e19,0x9e19,0x9df9,0x95d9,0x95d9,0x95d9,0x95f9,0x95f9,0x95d9,0x8d98,0x8d98,0x8d98,0x8d98,0x8d98,0x8d98,0x8578,0x8578,
0x8578,0x7d77,0x7d77,0x7d77,0x8578,0x8578,0x8578,0x7d77,0x7d77,0x7d77,0x7d37,0x7d37,0x7d37,0x7d57,0x7d57,0x7d57,0x7d37,0x7d37,0x7d37,0x7d57,0x7d57,0x7d57,0x7d57,0x7d57,
0x7d57,0x7d57,0x7d57,0x7d57,0x8578,0x8578,0x8578,0x8598,0x8598,0x8598,0x8578,0x8577,0x8577,0x8d98,0x8db8,0x8db8,0x8db8,0x8db8,0x8db8,0x8db8,0x8d98,0x8d98,0x8db8,0x8db8,
0x8db8,0x8dd9,0x95d9,0x95d9,0x95d9,0x95d8,0x95d8,0x95d8,0x8db8,0x8db8,0x8db8,0x95d9,0x95d9,0x95d9,0x8db8,0x8db8,0x8db8,0x95d8,0x95d8,0x95d8,0x8db8,0x8db8,0x8db8,0x8db8,
0x8db8,0x8db8,0x9df9,0xae3a,0xbe9a,0xcedb,0xdf1c,0xef7c,0xffbe,0xef5c,0xdf1b,0xceda,0xbe7a,0xae39,0x95f9,0x95d9,0x95d9,0x95d9,0x95d9,0x95d9,0x9df8,0x9df8,0x9df8,0x9df8,
0x9df8,0x9df8,0x9e19,0x9e19,0x9e19,0x9e19,0x9e19,0x9e19,0x9e19,0x9e18,0x9e18,0xa639,0xa639,0xa639,0xa639,0xa618,0xa618,0xa619,0xa619,0xa619,0xae39,0xae39,0xae59,0xae79,
0xb679,0xb679,0xb679,0xae59,0xae59,0xae59,0xb659,0xae59,0xae59,0xae59,0xa659,0xa639,0xa619,0xa619,0xa619,0xa619,0xa619,0xa619,0xa63a,0xa65a,0xa65a,0xa65a,0xae5a,0xae5a,
0xa659,0xae59,0xae59,0xb67a,0xb67a,0xbe9a,0xbe9a,0xc6ba,0xceda,0xd71b,0xdf3b,0xe77b,0xef7b,0xef7b,0xef7b,0xf79b,0xf7bc,0xf7bc,0xf7bc,0xf7bc,0xf7bc,0xf7bc,0xf7bc,0xf7bc,
0xf7bc,0xf7bc,0xf7bc,0xf7bc,0xf7bc,0xf7bc,0xf7bc,0xf7bc,0xef7b,0xdf3b,0xcefb,0xc6ba,0xc6da,0xc6da,0xc6ba,0xc6ba,0xc6ba,0xc6ba,0xc6ba,0xbe9a,0xb69a,0xbe9a,0xbe9a,0xbe9a,
0xbe9a,0xb67a,0xb67a,0xb67a,0xae7a,0xae7a,0xae7a,0xae5a,0xae5a,0xae5a,0xae3a,0xae3a,0xae3a,0xae5a,0xae5a,0xae5a,0xae5a,0xae5a,0xae5a,0xae5a,0xae7a,0xae7a,0xa639,0xae39,
0xae39,0xae39,0xae59,0xae59,0xae59,0xae59,0xae59,0xb69a,0xb69a,0xb69a,0xae79,0xae79,0xae79,0xb67a,0xb67a,0xb67a,0xb679,0xb679,0xb679,0xb69a,0xb69a,0xb69a,0xb67a,0xb67a,
0xb67a,0xae7a,0xae7a,0xae7a,0xae7a,0xae7a,0xae5a,0xae5a,0xae5a,0xae5a,0xb67a,0xb67a,0xb67a,0xae7a,0xa67a,0xa67a,0xa63a,0x9df9,0x9df9,0x9e19,0x9e19,0x9e19,0x9e19,0x9e19,
0x9e19,0x9df9,0x95d9,0x95d9,0x95d9,0x95f9,0x95f9,0x95d9,0x8d98,0x8d98,0x8d98,0x8d98,0x8d98,0x8d98,0x8578,0x8578,0x8578,0x7d77,0x7d77,0x7d77,0x8578,0x8578,0x8578,0x7d77,
0x7d77,0x7d77,0x7d37,0x7d37,0x7d37,0x7d57,0x7d57,0x7d57,0x7d37,0x7d37,0x7d37,0x7d57,0x7d57,0x7d57,0x7d57,0x7d57,0x7d57,0x7d57,0x7d57,0x7d57,0x8578,0x8578,0x8578,0x8598,
0x8598,0x8598,0x8578,0x8577,0x8577,0x8d98,0x8db8,0x8db8,0x8db8,0x8db8,0x8db8,0x8db8,0x8d98,0x8d98,0x8db8,0x8db8,0x8db8,0x8dd9,0x95d9,0x95d9,0x95d9,0x95d8,0x95d8,0x95d8,
0x8db8,0x8db8,0x8db8,0x95d9,0x95d9,0x95d9,0x8db8,0x8db8,0x8db8,0x95d8,0x95d8,0x95d8,0x8db8,0x8db8,0x8db8,0x8db8,0x8db8,0x8db8,0x9df9,0xae3a,0xbe9a,0xcedb,0xdf1c,0xef7c,
0xffbe,0xef5d,0xdf1b,0xceda,0xbe7a,0xae39,0x95f9,0x95d9,0x95d9,0x95d9,0x95d9,0x95d9,0x9df8,0x9df8,0x9df8,0x9dd8,0x9dd8,0x9df8,0x9e19,0x9e19,0x9e19,0x9e19,0x9e19,0x9e19,
0x9e19,0x9e18,0x9e18,0xa639,0xa639,0xa639,0xa639,0xa618,0xa618,0xa619,0xa619,0xa619,0xa639,0xae39,0xae59,0xae79,0xb679,0xb679,0xb679,0xae59,0xae59,0xae59,0xb659,0xae59,
0xae59,0xae59,0xa639,0xa639,0xa619,0xa619,0xa619,0xa619,0xa619,0xa619,0xa63a,0xa65a,0xa65a,0xa65a,0xae5a,0xae5a,0xa659,0xae59,0xae59,0xb69a,0xbe9a,0xc6ba,0xceda,0xcefa,
0xd71a,0xdf3b,0xe75b,0xe77b,0xef9b,0xef7b,0xef7b,0xef7b,0xef9c,0xf7bc,0xf7bc,0xf7bc,0xf7bc,0xf7bc,0xf7bc,0xf7bc,0xf7bc,0xf7bc,0xf7bc,0xf7bc,0xf7bc,0xf7bc,0xf7bc,0xf79c,
0xe75b,0xd71b,0xcefb,0xc6ba,0xc6da,0xc6da,0xc6ba,0xc6ba,0xc6ba,0xc6ba,0xc6ba,0xbe9a,0xb69a,0xbe9a,0xbe9a,0xbe9a,0xbe9a,0xb67a,0xb67a,0xb67a,0xae7a,0xae7a,0xae7a,0xae5a,
0xae5a,0xae5a,0xae3a,0xae3a,0xae5a,0xae5a,0xae5a,0xae5a,0xae5a,0xae5a,0xae5a,0xae5a,0xae7a,0xae7a,0xa639,0xae39,0xae39,0xae39,0xae59,0xae59,0xae59,0xae59,0xae59,0xb69a,
0xb69a,0xb69a,0xae79,0xae79,0xae79,0xb67a,0xb67a,0xb67a,0xb679,0xb679,0xb679,0xb69a,0xb69a,0xb69a,0xb67a,0xb67a,0xb67a,0xae7a,0xae7a,0xae7a,0xae7a,0xae7a,0xae5a,0xae5a,
0xae5a,0xae5a,0xb67a,0xb67a,0xb67a,0xae7a,0xa67a,0xa67a,0xa63a,0x9df9,0x9df9,0x9e19,0x9e19,0x9e19,0x9e19,0x9e19,0x9e19,0x9df9,0x95d9,0x95d9,0x95f9,0x95f9,0x95f9,0x95d9,
0x8d98,0x8d98,0x8d98,0x8d98,0x8d98,0x8d98,0x8578,0x8578,0x8578,0x7d77,0x7d77,0x7d77,0x8578,0x8578,0x8578,0x7d77,0x7d77,0x7d77,0x7d37,0x7d37,0x7d37,0x7d57,0x7d57,0x7d57,
0x7d37,0x7d37,0x7d37,0x7d57,0x7d57,0x7d57,0x7d57,0x7d57,0x7d57,0x7d57,0x7d57,0x7d57,0x8578,0x8578,0x8578,0x8598,0x8598,0x8598,0x8578,0x8577,0x8577,0x8598,0x8db8,0x8db8,
0x8db8,0x8db8,0x8db8,0x8db8,0x8d98,0x8d98,0x8db8,0x8db8,0x8db8,0x8dd8,0x95d9,0x95d9,0x95d9,0x95d8,0x95d8,0x95d8,0x8db8,0x8db8,0x8db8,0x95d9,0x95d9,0x95d9,0x8db8,0x8db8,
0x8db8,0x95d8,0x95d8,0x95d8,0x8db8,0x8db8,0x8db8,0x8db8,0x8db8,0x8dd8,0x9df9,0xae3a,0xb69a,0xcedb,0xdf1c,0xef7c,0xffbd,0xef5d,0xdf1c,0xc6ba,0xb65a,0xa619,0x95d8,0x95d8,
0x95d8,0x95d8,0x95d8,0x95d8,0x95d8,0x95d8,0x9df8,0x9df8,0x9df8,0x9df8,0x9df8,0x9df8,0x9df8,0x9df9,0x9df9,0x9df9,0x9df9,0x9df8,0x9df8,0x9e19,0x9e39,0x9e39,0x9e39,0x9e39,
0x9e39,0x9e39,0x9e18,0x9e18,0xa639,0xae39,0xae59,0xae59,0xb659,0xb659,0xb659,0xae59,0xae59,0xae59,0xae59,0xae39,0xae39,0xa639,0xa619,0xa619,0xa619,0xa619,0xa619,0xa619,
0xa619,0xa619,0x9e19,0xa639,0xa639,0xa63a,0xae3a,0xae3a,0xae59,0xae59,0xb679,0xc6ba,0xcedb,0xcf1c,0xdf3b,0xe75b,0xe77b,0xe73b,0xe73b,0xdf3b,0xd71b,0xd71b,0xd71b,0xdf3b,
0xe75b,0xe75b,0xef9b,0xf7bc,0xffbd,0xf7bc,0xf7bc,0xf7bc,0xf7bc,0xf7bc,0xf7bc,0xf7bc,0xf7bc,0xffbd,0xf79c,0xef7b,0xdf3b,0xd71b,0xcefb,0xc6dc,0xc6db,0xc6da,0xc6ba,0xc6db,
0xc6dc,0xc6dc,0xc6db,0xbeba,0xbeba,0xbeba,0xb69a,0xb67a,0xb67a,0xbe9a,0xbe9a,0xb69a,0xae7a,0xae7a,0xae7a,0xb67a,0xb67a,0xb67a,0xae5a,0xae5a,0xae5a,0xae7a,0xae7a,0xae7a,
0xae3a,0xae3a,0xae3a,0xae5a,0xae5a,0xae5a,0xae7a,0xae7a,0xae7a,0xb67a,0xb67a,0xb67a,0xb67a,0xb67a,0xb67a,0xb69a,0xb69a,0xb69a,0xb69a,0xb69a,0xb69a,0xb69a,0xb69a,0xb69a,
0xb69a,0xb69a,0xb69a,0xb69a,0xb69a,0xb69a,0xb67a,0xb67a,0xb67a,0xb67a,0xb67a,0xb67a,0xae5a,0xae5a,0xae5a,0xb67a,0xb67a,0xb67a,0xb67a,0xae5a,0xa65a,0xa65a,0xa65a,0xa63a,
0xa63a,0xa619,0xa619,0xa619,0x9df9,0x9df9,0x9e19,0x9e19,0x9e19,0x9e19,0x9df9,0x9df9,0x9df9,0x95f9,0x95f9,0x95f9,0x95d9,0x95d9,0x95d9,0x8d98,0x8d98,0x8d98,0x8598,0x8598,
0x8598,0x8598,0x8598,0x8598,0x7d77,0x7d77,0x7d77,0x7d57,0x7d57,0x7d57,0x7d57,0x7d57,0x7d57,0x7537,0x7537,0x7537,0x7d57,0x7d57,0x7d57,0x7d57,0x7d57,0x7d57,0x7d57,0x7d57,
0x7d57,0x7d57,0x7d57,0x7d57,0x8598,0x8598,0x8598,0x8598,0x8598,0x8598,0x8578,0x8577,0x8577,0x8598,0x8598,0x8598,0x8d98,0x8d98,0x8d98,0x8db8,0x8db8,0x8db8,0x8db8,0x8db8,
0x8db8,0x8db8,0x8db8,0x8db8,0x8db8,0x8db8,0x8db8,0x8db8,0x8db8,0x8db8,0x8db8,0x8db8,0x8db8,0x8db8,0x8db8,0x8db8,0x8db8,0x8db8,0x8db8,0x8db8,0x8db8,0x8db8,0x8db8,0x95d9,
0x95d9,0x95d9,0x95d8,0xa619,0xb679,0xcedb,0xdf1c,0xef7c,0xffbd,0xef5d,0xdf1c,0xc6ba,0xb65a,0xa619,0x95d8,0x95d8,0x95d8,0x95d8,0x95d8,0x95d8,0x95d8,0x95d8,0x95d8,0x9df8,
0x9df8,0x9df8,0x9df8,0x9df8,0x9df8,0x9df9,0x9df9,0x9df9,0x9df9,0x9df8,0x9df8,0x9e19,0x9e39,0x9e39,0x9e39,0x9e39,0x9e39,0x9e39,0x9e18,0x9e18,0xa639,0xae39,0xae59,0xae59,
0xae59,0xb659,0xae59,0xa638,0xa638,0xae39,0xae59,0xae39,0xa639,0xa619,0xa619,0xa619,0xa619,0xa619,0xa619,0xa619,0xa619,0x9df9,0x9e19,0xa639,0xa639,0xa65a,0xae5a,0xb67a,
0xbe9a,0xc6ba,0xc6da,0xd6fb,0xcefb,0xcefb,0xd71b,0xd71b,0xcefa,0xcefb,0xcefb,0xcefb,0xcefb,0xcefb,0xcefb,0xd71a,0xd71b,0xdf3b,0xe75b,0xe77b,0xef9c,0xf7bc,0xf7bc,0xf7bc,
0xf7bc,0xf7bc,0xf7bc,0xf7bc,0xf7bc,0xf7bc,0xef7b,0xe75b,0xdf3b,0xcefb,0xc6db,0xc6db,0xc6db,0xc6ba,0xc6ba,0xc6db,0xc6db,0xc6db,0xc6db,0xbeba,0xbeba,0xbeba,0xb69a,0xb67a,
0xb67a,0xbe9a,0xbe9a,0xb69a,0xae7a,0xae7a,0xae7a,0xb67a,0xb67a,0xb67a,0xae5a,0xae5a,0xae5a,0xae7a,0xae7a,0xae7a,0xae3a,0xae3a,0xae3a,0xae5a,0xae5a,0xae5a,0xae7a,0xae7a,
0xae7a,0xae7a,0xae7a,0xae7a,0xb67a,0xb67a,0xb67a,0xb69a,0xb69a,0xb69a,0xb69a,0xb69a,0xb69a,0xb69a,0xb67a,0xb67a,0xb67a,0xb67a,0xb67a,0xb69a,0xb69a,0xb69a,0xb67a,0xb65a,
0xb65a,0xb67a,0xb67a,0xb67a,0xae5a,0xae5a,0xae5a,0xb67a,0xb67a,0xae7a,0xae7a,0xa65a,0xa65a,0xa65a,0xa63a,0xa63a,0xa63a,0xa619,0xa619,0xa619,0x9df9,0x9df9,0x9e19,0x9e19,
0x9e19,0x9e19,0x9df9,0x9df9,0x9df9,0x95f9,0x95f9,0x95f9,0x95d9,0x95d9,0x95d9,0x8d98,0x8d98,0x8d98,0x8598,0x8598,0x8598,0x8598,0x8598,0x8598,0x7d77,0x7d77,0x7d77,0x7d57,
0x7d57,0x7d57,0x7d57,0x7d57,0x7d57,0x7537,0x7537,0x7537,0x7d57,0x7d57,0x7d57,0x7d57,0x7d57,0x7d57,0x7d57,0x7d57,0x7d57,0x7d57,0x7d57,0x7d57,0x8598,0x8598,0x8598,0x8598,
0x8598,0x8598,0x8578,0x8577,0x8577,0x8598,0x8598,0x8598,0x8d98,0x8d98,0x8d98,0x8db8,0x8db8,0x8db8,0x8db8,0x8db8,0x8db8,0x8db8,0x8db8,0x8db8,0x8db8,0x8db8,0x8db8,0x8db8,
0x8db8,0x8db8,0x8db8,0x8db8,0x8db8,0x8db8,0x8db8,0x8db8,0x8db8,0x8db8,0x8db8,0x8db8,0x8db8,0x8db8,0x8db8,0x95d9,0x95d9,0x95d9,0x95d8,0xa619,0xb679,0xcedb,0xdf1c,0xef7c,
0xffbd,0xef5d,0xdf1c,0xc6bb,0xb67a,0xa619,0x95d8,0x95d8,0x95d8,0x95d8,0x95d8,0x95d8,0x95d8,0x95d8,0x95d8,0x9df8,0x9df8,0x9df8,0x9df8,0x9df8,0x9df8,0x9df9,0x9df9,0x9df9,
0x9df9,0x9df8,0x9df8,0x9df9,0x9e19,0x9e39,0x9e39,0x9e39,0x9e39,0x9e19,0x9e18,0x9e18,0x9e19,0xa639,0xae39,0xae39,0xae59,0xae59,0xa639,0xa638,0xa638,0xa639,0xae39,0xa639,
0xa639,0xa619,0xa619,0xa619,0xa619,0xa619,0xa619,0xa619,0x9df9,0x9df9,0x9e19,0xa639,0xae59,0xae7a,0xb67a,0xbe9a,0xc6ba,0xceda,0xcefa,0xd71b,0xcefb,0xcefb,0xcefb,0xc6db,
0xc6da,0xc6da,0xc6da,0xc6da,0xc6da,0xc6da,0xc6da,0xceda,0xcefa,0xd71b,0xdf1b,0xdf3b,0xe77b,0xef9c,0xf7bc,0xf7bc,0xf7bc,0xf7bc,0xf7bc,0xf7bc,0xf7bc,0xef9b,0xe77b,0xdf3b,
0xd71b,0xcefb,0xc6db,0xc6db,0xc6db,0xc6ba,0xc6ba,0xc6db,0xc6db,0xc6db,0xc6db,0xbeba,0xbeba,0xbeba,0xb69a,0xb67a,0xbe9a,0xbe9a,0xbe9a,0xbe9a,0xae7a,0xae7a,0xb67a,0xb67a,
0xb67a,0xb67a,0xae5a,0xae5a,0xae5a,0xae7a,0xae7a,0xae7a,0xae3a,0xae3a,0xae5a,0xae5a,0xae5a,0xae5a,0xae7a,0xae7a,0xae7a,0xae7a,0xae7a,0xae7a,0xb67a,0xb67a,0xb67a,0xb69a,
0xb69a,0xb69a,0xb69a,0xb69a,0xb69a,0xb67a,0xb67a,0xb67a,0xb67a,0xb67a,0xb67a,0xb69a,0xb69a,0xb69a,0xb67a,0xb65a,0xb65a,0xb67a,0xb67a,0xb67a,0xae5a,0xae5a,0xae5a,0xb67a,
0xb67a,0xae7a,0xa67a,0xa65a,0xa65a,0xa65a,0xa63a,0xa63a,0xa63a,0xa619,0xa619,0xa619,0x9df9,0x9df9,0x9e19,0x9e19,0x9e19,0x9e19,0x9df9,0x9df9,0x9df9,0x95f9,0x95f9,0x95f9,
0x95d9,0x95d9,0x95d9,0x8d98,0x8d98,0x8d98,0x8598,0x8598,0x8598,0x8598,0x8598,0x8598,0x7d77,0x7d77,0x7d77,0x7d57,0x7d57,0x7d57,0x7d57,0x7d57,0x7d57,0x7537,0x7537,0x7537,
0x7d57,0x7d57,0x7d57,0x7d57,0x7d57,0x7d57,0x7d57,0x7d57,0x7d57,0x7d57,0x7d57,0x7d57,0x8578,0x8598,0x8598,0x8598,0x8598,0x8598,0x8578,0x8577,0x8577,0x8598,0x8598,0x8598,
0x8598,0x8d98,0x8d98,0x8db8,0x8db8,0x8db8,0x8db8,0x8db8,0x8db8,0x8db8,0x8db8,0x8db8,0x8db8,0x8db8,0x8db8,0x8db8,0x8db8,0x8db8,0x8db8,0x8db8,0x8db8,0x8db8,0x8db8,0x8db8,
0x8db8,0x8db8,0x8db8,0x8db8,0x8db8,0x8db8,0x8db8,0x95d9,0x95d9,0x95d9,0x95d8,0xa619,0xb679,0xcedb,0xdf1c,0xef7c,0xffbe,0xe75c,0xd71b,0xcedb,0xbe7b,0xae3a,0x8dd8,0x8db8,
0x8db8,0x8db8,0x8db8,0x8db8,0x8dd8,0x8dd8,0x8dd8,0x95d9,0x95d9,0x95d9,0x95d8,0x95d8,0x95d8,0x95d8,0x95d8,0x95d8,0x9df9,0x9df9,0x9df9,0x9df9,0x9df8,0x9df8,0x9df8,0x9df8,
0x9df8,0x9df9,0x9df9,0x9df9,0x9df9,0x9df8,0x9df8,0x9e19,0x9e19,0x9e19,0x9e19,0x9e19,0x9e19,0x9e19,0x9df8,0x9df8,0x9df8,0xa619,0xa619,0xa619,0x9df9,0x9df9,0x9df9,0xa619,
0x9df9,0x9df9,0xa659,0xae99,0xbeb9,0xd71c,0xcefb,0xc6da,0xc69a,0xbe9a,0xb699,0xb69a,0xb69a,0xb69a,0xb69a,0xb69a,0xb69a,0xb69a,0xb69a,0xb69a,0xbeba,0xc6ba,0xc6ba,0xc6ba,
0xc6ba,0xc6da,0xcefa,0xd6fb,0xd71c,0xdf3b,0xe75b,0xe77b,0xef9b,0xf7bc,0xffbc,0xffbc,0xf7bc,0xef7b,0xdf5b,0xd73b,0xcefb,0xcefb,0xc6db,0xc6db,0xc6db,0xc6db,0xc6db,0xc6db,
0xc6bb,0xc6bb,0xc6bb,0xc6bb,0xc6bb,0xc6bb,0xbebb,0xbebb,0xbebb,0xbe9a,0xbe9a,0xbe9b,0xbebb,0xbebb,0xbebb,0xbe9a,0xb67a,0xb67a,0xb67b,0xb67b,0xb67b,0xae7a,0xae7a,0xae7a,
0xb67a,0xb67a,0xb67a,0xae5a,0xae5a,0xae5a,0xb67b,0xb67b,0xb67b,0xae5a,0xae5a,0xae5a,0xae7a,0xb67a,0xb67a,0xb69a,0xb69a,0xb69a,0xb67a,0xb67a,0xb67a,0xb69a,0xb69a,0xb69a,
0xbe9b,0xbe9b,0xbe9b,0xb67a,0xb67a,0xb67a,0xb67a,0xb67a,0xb67a,0xb69a,0xb69a,0xb69a,0xb69a,0xb67a,0xb67a,0xae7a,0xae5a,0xae5a,0xa65a,0xa659,0xa639,0xa63a,0xa63a,0xa63a,
0xa63a,0xa619,0xa619,0xa619,0x9df9,0x9df9,0x9e19,0x9e19,0x9e19,0x9e19,0x9df9,0x9df9,0x9df9,0x95d8,0x95d8,0x95d8,0x8db8,0x8db8,0x8db8,0x8dd8,0x8dd8,0x8dd8,0x8577,0x8577,
0x8577,0x8577,0x8577,0x8577,0x7d57,0x7d57,0x7d57,0x7d78,0x7d78,0x7d78,0x7d77,0x7d77,0x7d77,0x7d57,0x7d57,0x7d57,0x7d57,0x7d57,0x7d57,0x7d57,0x7d57,0x7d57,0x7d37,0x7d37,
0x7d37,0x8578,0x8578,0x8578,0x7d57,0x7d57,0x7d57,0x8577,0x8577,0x8577,0x8578,0x8578,0x8578,0x8578,0x8578,0x8578,0x8598,0x8598,0x8598,0x8598,0x8598,0x8598,0x85b8,0x8db8,
0x8db8,0x8db8,0x8db8,0x8db8,0x8db8,0x8db8,0x8db8,0x8db8,0x8dd8,0x8dd8,0x8dd8,0x8db8,0x8db8,0x8db8,0x8db8,0x8db8,0x8db8,0x95d8,0x95d8,0x95d8,0x95d9,0x95d9,0x95d9,0x8db8,
0x8db8,0x8db8,0x95d8,0xa619,0xb679,0xcedb,0xdf1c,0xef7c,0xffbe,0xe75c,0xd71b,0xcedb,0xbe7b,0xae3a,0x8dd8,0x8db8,0x8db8,0x8db8,0x8db8,0x8db8,0x8db8,0x8dd8,0x8dd8,0x95d9,
0x95d9,0x95d9,0x95d8,0x8dd8,0x8dd8,0x8dd8,0x8dd8,0x8dd8,0x95d9,0x9df9,0x95f9,0x95f9,0x95f8,0x95f8,0x9df8,0x9df8,0x9dd8,0x9df9,0x9df9,0x9df9,0x9df9,0x9df8,0x9df8,0x9df9,
0x9e19,0x9e19,0x9e19,0x9e19,0x9e19,0x9df9,0x9df8,0x9df8,0x9df8,0xa619,0xa619,0xa619,0x9df9,0x9df9,0x9e19,0xae59,0xae5a,0xb67a,0xae79,0xae79,0xb679,0xbe9b,0xb69a,0xb69a,
0xae5a,0xae79,0xae79,0xae7a,0xae7a,0xae9a,0xb69a,0xb69a,0xb69a,0xb69a,0xb69a,0xb69a,0xbeba,0xbeba,0xc6ba,0xc6ba,0xc6ba,0xc6da,0xc6da,0xcefa,0xcefb,0xd71b,0xd71b,0xdf3b,
0xe75b,0xe77b,0xef9c,0xf79c,0xef9c,0xe77b,0xdf3b,0xd71b,0xcefb,0xcefb,0xc6db,0xc6db,0xc6db,0xc6db,0xc6db,0xc6db,0xc6bb,0xc6bb,0xc6bb,0xc6bb,0xc6bb,0xc6bb,0xbebb,0xbebb,
0xbebb,0xbe9a,0xbe9a,0xbe9b,0xbebb,0xbebb,0xbebb,0xbe9a,0xbe9a,0xbe9a,0xbe9b,0xb67b,0xb67b,0xae7a,0xae7a,0xae7a,0xb67a,0xb67a,0xb67a,0xae5a,0xae5a,0xae5a,0xb67b,0xb67b,
0xb67b,0xae3a,0xae3a,0xae3a,0xae5a,0xae5a,0xae5a,0xae9a,0xae9a,0xae9a,0xae5a,0xae5a,0xae5a,0xae7a,0xae7a,0xae7a,0xb67b,0xbe7b,0xbe7b,0xb67a,0xae5a,0xae5a,0xae5a,0xae5a,
0xae5a,0xae7a,0xae9a,0xae9a,0xae7a,0xae5a,0xae5a,0xae5a,0xae5a,0xae5a,0xa63a,0xa639,0xa639,0xa63a,0xa63a,0xa63a,0xa63a,0xa619,0xa619,0xa619,0x9df9,0x9df9,0x9e19,0x9e19,
0x9e19,0x9e19,0x9df9,0x9df9,0x9df9,0x95d8,0x95d8,0x95d8,0x8db8,0x8db8,0x8db8,0x8dd8,0x8dd8,0x8dd8,0x8577,0x8577,0x8577,0x8577,0x8577,0x8577,0x7d57,0x7d57,0x7d57,0x7d78,
0x7d78,0x7d78,0x7d77,0x7d77,0x7d77,0x7d57,0x7d57,0x7d57,0x7d57,0x7d57,0x7d57,0x7d57,0x7d57,0x7d57,0x7d37,0x7d37,0x7d37,0x8578,0x8578,0x8578,0x7d57,0x7d57,0x7d57,0x8577,
0x8577,0x8577,0x8578,0x8578,0x8578,0x8578,0x8578,0x8578,0x8598,0x8598,0x8598,0x8598,0x8598,0x8598,0x85b8,0x8db8,0x8db8,0x8db8,0x8db8,0x8db8,0x8db8,0x8db8,0x8db8,0x8db8,
0x8dd8,0x8dd8,0x8dd8,0x8db8,0x8db8,0x8db8,0x8db8,0x8db8,0x8db8,0x95d8,0x95d8,0x95d8,0x95d9,0x95d9,0x95d9,0x8db8,0x8db8,0x8db8,0x95d8,0xa619,0xb679,0xcedb,0xdf1c,0xef7c,
0xffbe,0xe75c,0xd71b,0xcedb,0xbe7b,0xae3a,0x8dd8,0x8db8,0x8db8,0x8db8,0x8db8,0x8db8,0x8db8,0x8db8,0x8db8,0x95d9,0x95d9,0x95d9,0x8db8,0x8db8,0x8db8,0x8dd8,0x8dd8,0x8dd8,
0x95d9,0x95d9,0x95d9,0x95d9,0x95d8,0x95d8,0x9dd8,0x9dd8,0x9dd8,0x9df9,0x9df9,0x9df9,0x9df9,0x9df8,0x9df8,0x9df9,0x9df9,0x9df9,0x9df9,0x9df9,0x9df9,0x9df9,0x9df8,0x9df8,
0x9df8,0xa619,0xa619,0xa619,0x9df9,0x9df9,0xa619,0xae59,0xb67a,0xbe9a,0xb679,0xae59,0xae59,0xae3a,0xae5a,0xae5a,0xa639,0xa639,0xa659,0xae5a,0xae5a,0xae7a,0xb67a,0xb67a,
0xb67a,0xb69a,0xb69a,0xb69a,0xbeba,0xbeba,0xbeba,0xbeba,0xbeba,0xbeba,0xc6da,0xc6da,0xc6da,0xcefa,0xcefa,0xd71b,0xdf3b,0xdf3b,0xe77b,0xef9b,0xef9b,0xdf5b,0xdf3b,0xd71b,
0xcefb,0xcefb,0xc6db,0xc6db,0xc6db,0xc6db,0xc6db,0xc6db,0xc6bb,0xbebb,0xc6bb,0xc6bb,0xc6bb,0xc6bb,0xbebb,0xbebb,0xbebb,0xbe9a,0xbe9a,0xbebb,0xbebb,0xbebb,0xbebb,0xbe9a,
0xbe9a,0xbe9a,0xbe9b,0xbe7b,0xb67b,0xae7a,0xae7a,0xae7a,0xb67a,0xb67a,0xb67a,0xae5a,0xae5a,0xae5a,0xb67b,0xb67b,0xb67b,0xae3a,0xae3a,0xae3a,0xae5a,0xae5a,0xae5a,0xae7a,
0xae7a,0xae7a,0xae5a,0xae5a,0xae5a,0xae7a,0xae7a,0xae7a,0xb67b,0xb67b,0xb67b,0xae5a,0xae5a,0xae5a,0xae5a,0xae5a,0xae5a,0xae7a,0xae7a,0xae7a,0xae5a,0xae5a,0xae5a,0xae5a,
0xae3a,0xae3a,0xa63a,0xa639,0xa639,0xa63a,0xa63a,0xa63a,0xa63a,0xa619,0xa619,0xa619,0x9df9,0x9df9,0x9e19,0x9e19,0x9e19,0x9e19,0x9df9,0x9df9,0x9df9,0x95d8,0x95d8,0x95d8,
0x8db8,0x8db8,0x8db8,0x8dd8,0x8dd8,0x8dd8,0x8577,0x8577,0x8577,0x8577,0x8577,0x8577,0x7d57,0x7d57,0x7d57,0x7d78,0x7d78,0x7d78,0x7d77,0x7d77,0x7d77,0x7d57,0x7d57,0x7d57,
0x7d57,0x7d57,0x7d57,0x7d57,0x7d57,0x7d57,0x7d37,0x7d37,0x7d37,0x8578,0x8578,0x8578,0x7d57,0x7d57,0x7d57,0x8577,0x8577,0x8577,0x8578,0x8578,0x8578,0x8578,0x8578,0x8578,
0x8598,0x8598,0x8598,0x8598,0x8598,0x8598,0x85b8,0x8db8,0x8db8,0x8db8,0x8db8,0x8db8,0x8db8,0x8db8,0x8db8,0x8db8,0x8dd8,0x8dd8,0x8dd8,0x8db8,0x8db8,0x8db8,0x8db8,0x8db8,
0x8db8,0x95d8,0x95d8,0x95d8,0x95d9,0x95d9,0x95d9,0x8db8,0x8db8,0x8db8,0x95d8,0xa619,0xb67a,0xcedb,0xdf1c,0xef7c,0xffbe,0xe75c,0xd71b,0xc6da,0xb67a,0xa639,0x8dd8,0x8db8,
0x8db8,0x8d98,0x8d98,0x8d98,0x8db8,0x8db8,0x8db8,0x8db8,0x8db8,0x8db8,0x8d98,0x8d98,0x8d98,0x8dd8,0x8dd8,0x8dd8,0x95d9,0x95d9,0x95d9,0x8dd9,0x8dd8,0x8dd8,0x95d8,0x95d8,
0x9df8,0x9df9,0x9df9,0x9df9,0x9df9,0x9df9,0x9df9,0x9df9,0x9df9,0x9df9,0x9df9,0x9df9,0x9df9,0x9df9,0xa619,0xa619,0xa619,0x9df8,0xa618,0xa638,0xae79,0xa659,0xa639,0x9df8,
0x95d8,0x95d8,0x9df9,0x9df9,0x9df9,0xa619,0xa619,0xa619,0xa639,0xa639,0xa639,0xa659,0xae59,0xae59,0xae7a,0xb67a,0xb67a,0xb67a,0xbe9a,0xbe9a,0xb69a,0xb69a,0xb69a,0xbeba,
0xbeba,0xbeba,0xbeba,0xbeba,0xbeba,0xc6fb,0xc6fb,0xcefb,0xcf1b,0xd73b,0xdf3b,0xe77b,0xe77b,0xdf5b,0xdf3b,0xd71b,0xc6da,0xc6db,0xc6db,0xc6db,0xc6db,0xc6bb,0xc6bb,0xc6bb,
0xbebb,0xbebb,0xbebb,0xbebb,0xbebb,0xbebb,0xbebb,0xbebb,0xc6db,0xc6db,0xc6db,0xc6db,0xbebb,0xbebb,0xbebb,0xbebb,0xbebb,0xbebb,0xbe9a,0xbe9a,0xbe9a,0xb69b,0xb69b,0xb69b,
0xb67b,0xb67b,0xb67b,0xb67a,0xb67a,0xb67a,0xae5a,0xae5a,0xae5a,0xae5a,0xae5a,0xae5a,0xb67a,0xb67a,0xb67a,0xb67a,0xb67a,0xb67a,0xb69b,0xb69b,0xb69b,0xae7a,0xae7a,0xae7a,
0xae7a,0xae7a,0xae7a,0xb67b,0xb67b,0xb67b,0xb67a,0xb67a,0xb67a,0xae5a,0xae5a,0xae5a,0xae5a,0xae5a,0xae5a,0xae5a,0xae3a,0xae3a,0xae5a,0xae5a,0xae5a,0xae5a,0xae5a,0xae5a,
0xae3a,0xa619,0xa619,0xa63a,0xa63a,0xa63a,0xa63a,0x9e19,0x9e19,0x9df9,0x95d8,0x95d8,0x95d8,0x95d8,0x95d8,0x95d8,0x95d9,0x95d9,0x95d9,0x8db8,0x8db8,0x8db8,0x8db8,0x8db8,
0x8db8,0x8598,0x8598,0x8598,0x8578,0x8578,0x8578,0x7d77,0x7d77,0x7d77,0x7d57,0x7d57,0x7d57,0x7d57,0x7d57,0x7d57,0x7d57,0x7d57,0x7d57,0x7d57,0x7d57,0x7d57,0x7d77,0x7d77,
0x7d77,0x7d77,0x7d77,0x7d77,0x7d57,0x7d57,0x7d57,0x8577,0x8577,0x8577,0x8598,0x8598,0x8598,0x8598,0x8598,0x8598,0x8598,0x8598,0x8598,0x8598,0x8598,0x8598,0x8598,0x8598,
0x8598,0x8598,0x8d98,0x8d98,0x8db8,0x8db8,0x8db8,0x8db8,0x8dd8,0x8dd8,0x8dd8,0x8db8,0x8db8,0x8db8,0x8db8,0x8db8,0x8db8,0x95d8,0x95d8,0x95d8,0x95d9,0x95d9,0x95d9,0x95d8,
0x95d8,0x95d8,0x9df9,0xae3a,0xbe9a,0xcedb,0xdf1c,0xef7c,0xffbe,0xe75c,0xd71b,0xc6da,0xb67a,0xa639,0x8dd8,0x8db8,0x8db8,0x8d98,0x8d98,0x8d98,0x8db8,0x8db8,0x8db8,0x8db8,
0x8db8,0x8db8,0x8d98,0x8d98,0x8d98,0x8dd8,0x8dd8,0x8dd8,0x95d9,0x95d9,0x95d9,0x8dd9,0x8dd8,0x8dd8,0x95d8,0x95d8,0x95f8,0x9df9,0x9df9,0x9df9,0x9df9,0x9df9,0x9df9,0x9df9,
0x9df9,0x9df9,0x9df9,0x9df9,0x9df9,0x9df9,0xa619,0xa619,0xa619,0x9df8,0x9df8,0xa618,0xa639,0xa619,0x9e19,0x95f8,0x95d8,0x95d8,0x9df9,0x9df9,0x9df9,0x9e19,0xa619,0xa619,
0xa639,0xa639,0xa639,0xa659,0xa659,0xae59,0xae7a,0xae7a,0xb67a,0xb67a,0xb67a,0xbe9a,0xb69a,0xb69a,0xb69a,0xbeba,0xbeba,0xbeba,0xbeba,0xbeba,0xbeba,0xc6db,0xc6fb,0xcefb,
0xcefb,0xd71b,0xdf1b,0xdf5b,0xe77b,0xdf5b,0xd71b,0xcefb,0xc6da,0xc6db,0xc6db,0xc6db,0xc6db,0xc6bb,0xc6bb,0xbebb,0xbebb,0xbebb,0xbebb,0xbebb,0xbebb,0xbebb,0xbebb,0xbebb,
0xc6db,0xc6db,0xc6db,0xc6db,0xbebb,0xbebb,0xbebb,0xbebb,0xbebb,0xbebb,0xbe9a,0xbe9a,0xbe9a,0xbebb,0xb69b,0xb69b,0xb67b,0xb67b,0xb67b,0xb67a,0xb67a,0xb67a,0xae5a,0xae5a,
0xae5a,0xae5a,0xae5a,0xae5a,0xb67a,0xb67a,0xb67a,0xb67a,0xb67a,0xb67a,0xb69b,0xb69b,0xb69b,0xae7a,0xae7a,0xae7a,0xae7a,0xae7a,0xae7a,0xb67b,0xb67b,0xb67b,0xb67a,0xb67a,
0xb67a,0xae5a,0xae5a,0xae5a,0xae5a,0xae5a,0xae5a,0xae5a,0xae3a,0xae3a,0xae5a,0xae5a,0xae5a,0xae5a,0xae5a,0xae5a,0xae3a,0xa619,0xa619,0xa63a,0xa63a,0xa63a,0xa63a,0x9e19,
0x9e19,0x9df9,0x95d8,0x95d8,0x95d8,0x95d8,0x95d8,0x95d8,0x95d9,0x95d9,0x95d9,0x8db8,0x8db8,0x8db8,0x8db8,0x8db8,0x8db8,0x8598,0x8598,0x8598,0x8578,0x8578,0x8578,0x7d77,
0x7d77,0x7d77,0x7d57,0x7d57,0x7d57,0x7d57,0x7d57,0x7d57,0x7d57,0x7d57,0x7d57,0x7d57,0x7d57,0x7d57,0x7d77,0x7d77,0x7d77,0x7d77,0x7d77,0x7d77,0x7d57,0x7d57,0x7d57,0x8577,
0x8577,0x8577,0x8598,0x8598,0x8598,0x8598,0x8598,0x8598,0x8598,0x8598,0x8598,0x8598,0x8598,0x8598,0x8598,0x8598,0x8598,0x8598,0x8d98,0x8d98,0x8db8,0x8db8,0x8db8,0x8db8,
0x8dd8,0x8dd8,0x8dd8,0x8db8,0x8db8,0x8db8,0x8db8,0x8db8,0x8db8,0x95d8,0x95d8,0x95d8,0x95d9,0x95d9,0x95d9,0x95d8,0x95d8,0x95d8,0x9df9,0xae3a,0xbe9a,0xcedb,0xdf1c,0xef7c,
0xffbe,0xe75c,0xd71b,0xc6da,0xb67a,0xa639,0x8dd8,0x8db8,0x8db8,0x8d98,0x8d98,0x8d98,0x8db8,0x8db8,0x8db8,0x8db8,0x8db8,0x8db8,0x8d98,0x8d98,0x8d98,0x8dd8,0x8dd8,0x8dd8,
0x95d9,0x95d9,0x95d9,0x8dd9,0x8dd8,0x8dd8,0x95d8,0x95d8,0x95d8,0x95f9,0x9df9,0x9df9,0x9df9,0x9df9,0x9df9,0x9df9,0x9df9,0x9df9,0x9df9,0x9df9,0x9df9,0x9df9,0xa619,0xa619,
0xa619,0x9df8,0x9df8,0x9df8,0x9df9,0x9df9,0x9df9,0x95d8,0x95d8,0x95d8,0x9df9,0x9df9,0x9df9,0x9df9,0xa619,0xa619,0xa639,0xa639,0xa639,0xa659,0xa659,0xa659,0xae7a,0xae7a,
0xae7a,0xb67a,0xb67a,0xb67a,0xb69a,0xb69a,0xb69a,0xbeba,0xbeba,0xbeba,0xbeba,0xbeba,0xbeba,0xc6db,0xc6db,0xc6db,0xcefb,0xcefb,0xd71b,0xdf3b,0xdf5b,0xdf5b,0xd71b,0xcefa,
0xc6da,0xc6db,0xc6db,0xc6db,0xc6db,0xc6bb,0xbebb,0xbebb,0xbebb,0xbebb,0xbebb,0xbebb,0xbebb,0xbebb,0xbebb,0xbebb,0xc6db,0xc6db,0xc6db,0xc6db,0xbebb,0xbebb,0xbebb,0xbebb,
0xbebb,0xbebb,0xbe9a,0xbe9a,0xbe9a,0xbedb,0xbe9b,0xb69b,0xb67b,0xb67b,0xb67b,0xb67a,0xb67a,0xb67a,0xae5a,0xae5a,0xae5a,0xae5a,0xae5a,0xae5a,0xb67a,0xb67a,0xb67a,0xb67a,
0xb67a,0xb67a,0xb69b,0xb69b,0xb69b,0xae7a,0xae7a,0xae7a,0xae7a,0xae7a,0xae7a,0xb67b,0xb67b,0xb67b,0xb67a,0xb67a,0xb67a,0xae5a,0xae5a,0xae5a,0xae5a,0xae5a,0xae5a,0xae5a,
0xae3a,0xae3a,0xae5a,0xae5a,0xae5a,0xae5a,0xae5a,0xae5a,0xae3a,0xa619,0xa619,0xa63a,0xa63a,0xa63a,0xa63a,0x9e19,0x9e19,0x9df9,0x95d8,0x95d8,0x95d8,0x95d8,0x95d8,0x95d8,
0x95d9,0x95d9,0x95d9,0x8db8,0x8db8,0x8db8,0x8db8,0x8db8,0x8db8,0x8598,0x8598,0x8598,0x8578,0x8578,0x8578,0x7d77,0x7d77,0x7d77,0x7d57,0x7d57,0x7d57,0x7d57,0x7d57,0x7d57,
0x7d57,0x7d57,0x7d57,0x7d57,0x7d57,0x7d57,0x7d77,0x7d77,0x7d77,0x7d77,0x7d77,0x7d77,0x7d57,0x7d57,0x7d57,0x8577,0x8577,0x8577,0x8598,0x8598,0x8598,0x8598,0x8598,0x8598,
0x8598,0x8598,0x8598,0x8598,0x8598,0x8598,0x8598,0x8598,0x8598,0x8598,0x8d98,0x8d98,0x8db8,0x8db8,0x8db8,0x8db8,0x8dd8,0x8dd8,0x8dd8,0x8db8,0x8db8,0x8db8,0x8db8,0x8db8,
0x8db8,0x95d8,0x95d8,0x95d8,0x95d9,0x95d9,0x95d9,0x95d8,0x95d8,0x95d8,0x9df9,0xae3a,0xbe9a,0xcedb,0xdf1c,0xef7c,0xffbe,0xe75c,0xd71b,0xc6ba,0xb65a,0xa619,0x8dd8,0x8db8,
0x8db8,0x8d98,0x8d98,0x8d98,0x8598,0x8598,0x8598,0x8db8,0x8db8,0x8db8,0x8db8,0x8db8,0x8db8,0x8db8,0x8db8,0x8db8,0x8dd8,0x8dd8,0x8dd8,0x8dd8,0x8dd8,0x8dd8,0x95d9,0x95d9,
0x95d9,0x8dd9,0x8dd8,0x8dd8,0x95d8,0x95d8,0x95d8,0x95d8,0x95d8,0x95d8,0x9df9,0x9df9,0x9df9,0x9df9,0x9df9,0x9df9,0x9df9,0x95d9,0x95d9,0x95d9,0x9df9,0x9df9,0x9df9,0x9df9,
0x9df9,0x9df9,0x9e19,0x9e19,0x9e19,0x9df9,0xa619,0xa619,0xa639,0xa639,0xa639,0xae5a,0xae5a,0xae5a,0xae59,0xae79,0xae79,0xb69a,0xb69a,0xb69a,0xb69a,0xb69a,0xbe9a,0xbeba,
0xbeba,0xbeba,0xc6ba,0xc6ba,0xc6ba,0xc6bb,0xc6bb,0xc6bb,0xc6da,0xc6fa,0xcefa,0xd71b,0xdf3b,0xef5b,0xdf3b,0xd71b,0xcedb,0xcedb,0xc6db,0xc6db,0xc6db,0xc6bb,0xc6bb,0xc6bb,
0xbebb,0xc6db,0xc6db,0xc6db,0xc6db,0xc6db,0xc6db,0xc6bb,0xc6bb,0xbebb,0xbebb,0xbebb,0xbeba,0xbe9a,0xbebb,0xc6db,0xc6db,0xc6db,0xbebb,0xbebb,0xbebb,0xbedb,0xbedb,0xbedb,
0xb69b,0xb69b,0xb69b,0xb67a,0xb67a,0xb67a,0xb67a,0xb67a,0xb67a,0xb67a,0xb67a,0xb67a,0xb69b,0xb69b,0xb69b,0xb67b,0xb67b,0xb67b,0xb69b,0xb69b,0xb69b,0xb67a,0xb67a,0xb67a,
0xb69b,0xb69b,0xb69b,0xb69b,0xb69b,0xb69b,0xae7a,0xae5a,0xae5a,0xb67a,0xb67a,0xb67a,0xae7a,0xae7a,0xae7a,0xae7a,0xae5a,0xae5a,0xae5a,0xae3a,0xae3a,0xae3a,0xa63a,0xa63a,
0xa63a,0xa639,0xa639,0xa619,0x9df9,0x9df9,0x9df9,0x9df9,0x9df9,0x9df9,0x9e19,0x9e19,0x9e19,0x95f9,0x95f9,0x95f9,0x95d8,0x95d8,0x95d8,0x8db8,0x8db8,0x8db8,0x8598,0x8598,
0x8598,0x8598,0x8598,0x8598,0x8598,0x8598,0x8598,0x7d37,0x7d37,0x7d37,0x7d78,0x7d78,0x7d78,0x7d57,0x7d57,0x7d57,0x7d57,0x7d57,0x7d57,0x7d57,0x7d57,0x7d57,0x7d37,0x7d37,
0x7d37,0x7d57,0x7d57,0x7d57,0x7d57,0x7d57,0x7d57,0x7d77,0x7d77,0x7d77,0x8577,0x8577,0x8577,0x8578,0x8578,0x8578,0x8598,0x8598,0x8598,0x8598,0x8598,0x8598,0x8598,0x8598,
0x8598,0x85b8,0x8db8,0x8db8,0x8db8,0x8d98,0x8d98,0x8d98,0x8db8,0x8db8,0x8db8,0x8db8,0x8db8,0x8db8,0x95d9,0x95d9,0x95d9,0x8db8,0x8db8,0x8db8,0x95d9,0x95d9,0x95d9,0x8db8,
0x8db8,0x8db8,0x9df9,0xae3a,0xbe9a,0xcedb,0xdf1c,0xef7c,0xffbe,0xe75c,0xd71b,0xc6ba,0xb65a,0xa619,0x8dd8,0x8db8,0x8db8,0x8d98,0x8d98,0x8d98,0x8598,0x8598,0x8598,0x8db8,
0x8db8,0x8db8,0x8db8,0x8db8,0x8db8,0x8db8,0x8db8,0x8db8,0x8dd8,0x8dd8,0x8dd8,0x8dd8,0x8dd8,0x8dd8,0x95d9,0x95d9,0x95d9,0x8dd9,0x8dd8,0x8dd8,0x8dd8,0x95d8,0x8dd8,0x8dd8,
0x8dd8,0x8dd8,0x95d9,0x9df9,0x9df9,0x9df9,0x9df9,0x9df9,0x95d9,0x95d9,0x95d9,0x95d9,0x9df9,0x9df9,0x9df9,0x9df9,0x9df9,0x9df9,0x9e19,0x9e19,0x9e19,0x9df9,0x9df9,0xa619,
0xa639,0xa639,0xa639,0xae5a,0xae5a,0xae5a,0xae59,0xae79,0xae79,0xb69a,0xb69a,0xb69a,0xb69a,0xb69a,0xbe9a,0xbeba,0xbeba,0xbeba,0xc6ba,0xc6ba,0xc6ba,0xc6bb,0xc6bb,0xc6bb,
0xc6ba,0xc6da,0xcefa,0xcefb,0xd71b,0xe75b,0xdf3b,0xd71b,0xcedb,0xcedb,0xc6db,0xc6db,0xc6db,0xc6db,0xc6db,0xc6db,0xc6db,0xc6db,0xc6db,0xc6db,0xc6db,0xc6db,0xc6db,0xc6db,
0xc6db,0xc6db,0xc6db,0xbebb,0xbeba,0xbeba,0xbebb,0xc6db,0xc6db,0xc6db,0xbebb,0xbebb,0xbebb,0xc6db,0xbedb,0xbedb,0xbebb,0xb69b,0xb69b,0xb67a,0xb67a,0xb67a,0xb67a,0xb67a,
0xb67a,0xb67a,0xb67a,0xb67a,0xb69b,0xb69b,0xb69b,0xb67b,0xb67b,0xb67b,0xb69b,0xb69b,0xb69b,0xb67a,0xb67a,0xb67a,0xb69b,0xb69b,0xb69b,0xb69b,0xb69b,0xb69b,0xae7a,0xae5a,
0xae5a,0xb67a,0xb67a,0xb67a,0xae7a,0xae7a,0xae7a,0xae7a,0xae5a,0xae5a,0xae5a,0xae3a,0xae3a,0xae3a,0xa63a,0xa63a,0xa63a,0xa639,0xa639,0xa619,0x9df9,0x9df9,0x9df9,0x9df9,
0x9df9,0x9df9,0x9e19,0x9e19,0x9e19,0x95f9,0x95f9,0x95f9,0x95d8,0x95d8,0x95d8,0x8db8,0x8db8,0x8db8,0x8598,0x8598,0x8598,0x8598,0x8598,0x8598,0x8598,0x8598,0x8598,0x7d37,
0x7d37,0x7d37,0x7d78,0x7d78,0x7d78,0x7d57,0x7d57,0x7d57,0x7d57,0x7d57,0x7d57,0x7d57,0x7d57,0x7d57,0x7d37,0x7d37,0x7d37,0x7d57,0x7d57,0x7d57,0x7d57,0x7d57,0x7d57,0x7d77,
0x7d77,0x7d77,0x8577,0x8577,0x8577,0x8578,0x8578,0x8578,0x8598,0x8598,0x8598,0x8598,0x8598,0x8598,0x8598,0x8598,0x8598,0x85b8,0x8db8,0x8db8,0x8db8,0x8d98,0x8d98,0x8d98,
0x8db8,0x8db8,0x8db8,0x8db8,0x8db8,0x8db8,0x95d9,0x95d9,0x95d9,0x8db8,0x8db8,0x8db8,0x95d9,0x95d9,0x95d9,0x8db8,0x8db8,0x8db8,0x9df9,0xae3a,0xbe9a,0xcedb,0xdf1c,0xef7c,
0xffbe,0xe75c,0xd71b,0xc6ba,0xb65a,0xa619,0x8dd8,0x8db8,0x8db8,0x8d98,0x8d98,0x8d98,0x8598,0x8598,0x8598,0x8db8,0x8db8,0x8db8,0x8db8,0x8db8,0x8db8,0x8db8,0x8db8,0x8db8,
0x8dd8,0x8dd8,0x8dd8,0x8dd8,0x8dd8,0x8dd8,0x95d9,0x95d9,0x95d9,0x8dd9,0x8dd8,0x8dd8,0x8dd8,0x8dd8,0x8dd8,0x8dd8,0x8dd8,0x8dd8,0x8dd9,0x95d9,0x95d9,0x95d9,0x95d9,0x95d9,
0x95d9,0x95d9,0x95d9,0x95d9,0x9df9,0x9df9,0x9df9,0x9df9,0x9df9,0x9df9,0x9e19,0x9e19,0x9e19,0x9df9,0x9df9,0x9df9,0xa639,0xa639,0xa639,0xae5a,0xae5a,0xae5a,0xae59,0xae79,
0xae79,0xb69a,0xb69a,0xb69a,0xb69a,0xb69a,0xb69a,0xbeba,0xbeba,0xbeba,0xc6ba,0xc6ba,0xc6ba,0xc6bb,0xc6bb,0xc6bb,0xc6ba,0xc6ba,0xc6da,0xcefb,0xcefb,0xdf3b,0xdf3b,0xd71b,
0xcedb,0xcedb,0xc6db,0xc6bb,0xc6db,0xc6db,0xc6db,0xc6db,0xc6db,0xc6db,0xc6db,0xc6db,0xc6db,0xc6db,0xc6db,0xc6db,0xc6db,0xc6db,0xc6db,0xc6db,0xbeba,0xbeba,0xbebb,0xc6db,
0xc6db,0xc6db,0xbebb,0xbebb,0xbebb,0xc6db,0xbedb,0xbedb,0xbebb,0xb6bb,0xb69b,0xb67a,0xb67a,0xb67a,0xb67a,0xb67a,0xb67a,0xb67a,0xb67a,0xb67a,0xb69b,0xb69b,0xb69b,0xb67b,
0xb67b,0xb67b,0xb69b,0xb69b,0xb69b,0xb67a,0xb67a,0xb67a,0xb69b,0xb69b,0xb69b,0xb69b,0xb69b,0xb69b,0xae7a,0xae5a,0xae5a,0xb67a,0xb67a,0xb67a,0xae7a,0xae7a,0xae7a,0xae7a,
0xae5a,0xae5a,0xae5a,0xae3a,0xae3a,0xae3a,0xa63a,0xa63a,0xa63a,0xa639,0xa639,0xa619,0x9df9,0x9df9,0x9df9,0x9df9,0x9df9,0x9df9,0x9e19,0x9e19,0x9e19,0x95f9,0x95f9,0x95f9,
0x95d8,0x95d8,0x95d8,0x8db8,0x8db8,0x8db8,0x8598,0x8598,0x8598,0x8598,0x8598,0x8598,0x8598,0x8598,0x8598,0x7d37,0x7d37,0x7d37,0x7d78,0x7d78,0x7d78,0x7d57,0x7d57,0x7d57,
0x7d57,0x7d57,0x7d57,0x7d57,0x7d57,0x7d57,0x7d37,0x7d37,0x7d37,0x7d57,0x7d57,0x7d57,0x7d57,0x7d57,0x7d57,0x7d77,0x7d77,0x7d77,0x8577,0x8577,0x8577,0x8578,0x8578,0x8578,
0x8598,0x8598,0x8598,0x8598,0x8598,0x8598,0x8598,0x8598,0x8598,0x85b8,0x8db8,0x8db8,0x8db8,0x8d98,0x8d98,0x8d98,0x8db8,0x8db8,0x8db8,0x8db8,0x8db8,0x8db8,0x95d9,0x95d9,
0x95d9,0x8db8,0x8db8,0x8db8,0x95d9,0x95d9,0x95d9,0x8db8,0x8db8,0x8db8,0x9df9,0xae3a,0xbe9a,0xcedb,0xdf1c,0xef7c,0xffbe,0xe75c,0xd71b,0xc6ba,0xb65a,0xa619,0x8dd8,0x8db8,
0x8db8,0x8db8,0x8db8,0x8db8,0x8db8,0x8db8,0x8db8,0x8db8,0x8db8,0x8db8,0x8598,0x8598,0x8598,0x8db8,0x8db8,0x8db8,0x8db8,0x8db8,0x8dd8,0x8dd8,0x8dd8,0x8dd8,0x8dd8,0x8db8,
0x8db8,0x8dd8,0x8dd8,0x8dd8,0x8dd8,0x8dd8,0x8dd8,0x8dd8,0x95d8,0x95d8,0x95f9,0x95f9,0x95f9,0x95f9,0x95d9,0x95d9,0x95d9,0x95d8,0x95d8,0x95d8,0x95f9,0x95f9,0x95f9,0x9df9,
0x9df9,0x9df9,0x9df9,0x9df9,0x9df9,0xa619,0xa619,0xa619,0xa63a,0xa65a,0xa65a,0xb67a,0xb67a,0xb67a,0xb67a,0xb67a,0xb67a,0xb69a,0xb69a,0xb69a,0xb69a,0xb69a,0xb69a,0xbebb,
0xbebb,0xbebb,0xc6ba,0xc6ba,0xc6ba,0xc6db,0xc6db,0xc6db,0xc6db,0xc6db,0xc6db,0xc6db,0xcedb,0xdf1b,0xd73b,0xd73b,0xc6fb,0xc6fb,0xc6fb,0xc6fb,0xc6fb,0xc6fb,0xc6fb,0xc6db,
0xc6ba,0xc6ba,0xc6db,0xc6db,0xc6db,0xc6db,0xc6db,0xc6db,0xc6fb,0xc6fb,0xc6fb,0xc6fb,0xc6fb,0xc6fb,0xc6fb,0xc6db,0xc6db,0xc6db,0xbebb,0xbebb,0xbebb,0xc6db,0xc6db,0xc6db,
0xbedb,0xbedb,0xbedb,0xbe9b,0xbe9b,0xbe9b,0xbe9b,0xbe9b,0xbe9b,0xbe9b,0xbe9b,0xbe9b,0xb69b,0xb69b,0xb69b,0xbe9b,0xbe9b,0xbe9b,0xb69b,0xb69b,0xb69b,0xb69b,0xb69b,0xb69b,
0xb67a,0xb67a,0xb67a,0xb67a,0xb67a,0xb67a,0xb67a,0xb67a,0xb67a,0xb69b,0xb69b,0xb69b,0xae7b,0xae5a,0xae5a,0xb67a,0xb67a,0xb67a,0xae7a,0xae7a,0xae7a,0xae5a,0xae3a,0xae3a,
0xae3a,0xa63a,0xa63a,0xa63a,0xa619,0xa619,0xa63a,0xa63a,0xa63a,0xa61a,0x9df9,0x9df9,0x9df9,0x95f9,0x95f9,0x95f9,0x95d8,0x95d8,0x95d8,0x8db8,0x8db8,0x8db8,0x8d98,0x8d98,
0x8d98,0x8577,0x8577,0x8577,0x8577,0x8577,0x8577,0x7d77,0x7d77,0x7d77,0x7d57,0x7d57,0x7d57,0x7d57,0x7d57,0x7d57,0x7d77,0x7d77,0x7d77,0x7d57,0x7d57,0x7d57,0x7d77,0x7d77,
0x7d77,0x7d57,0x7d57,0x7d57,0x7d57,0x7d57,0x7d57,0x7d77,0x7d77,0x7d77,0x8578,0x8578,0x8578,0x8598,0x8598,0x8598,0x8598,0x8577,0x8577,0x8598,0x8598,0x8598,0x8598,0x8598,
0x8598,0x85b8,0x8db8,0x8db8,0x8db8,0x8598,0x8598,0x85b8,0x8dd8,0x8dd8,0x8dd8,0x8db8,0x8db8,0x8db8,0x8dd8,0x8dd8,0x8dd8,0x8db8,0x8db8,0x8db8,0x95d9,0x95d9,0x95d9,0x8db8,
0x8db8,0x8db8,0x9df8,0xae39,0xbe99,0xcedb,0xdf1c,0xef7c,0xffbe,0xe75c,0xd71b,0xc6ba,0xb65a,0xa619,0x8dd8,0x8db8,0x8db8,0x8db8,0x8db8,0x8db8,0x8db8,0x8db8,0x8db8,0x8db8,
0x8db8,0x8db8,0x8598,0x8598,0x8598,0x8db8,0x8db8,0x8db8,0x8db8,0x8db8,0x8dd8,0x8dd8,0x8dd8,0x8dd8,0x8dd8,0x8db8,0x8db8,0x8dd8,0x8dd8,0x8dd8,0x8dd8,0x8dd8,0x8dd8,0x8dd8,
0x95d8,0x95d8,0x95f9,0x95f9,0x95f9,0x95f9,0x95d9,0x95d9,0x95d9,0x95d8,0x95d8,0x95d8,0x95f9,0x95f9,0x95f9,0x9df9,0x9df9,0x9df9,0x9df9,0x9df9,0x9df9,0xa619,0xa619,0xa619,
0xa63a,0xa65a,0xa65a,0xb67a,0xb67a,0xb67a,0xb67a,0xb67a,0xb67a,0xb69a,0xb69a,0xb69a,0xb69a,0xb69a,0xb69a,0xbebb,0xbebb,0xbebb,0xc6ba,0xc6ba,0xc6ba,0xc6db,0xc6db,0xc6db,
0xc6db,0xc6db,0xc6db,0xc6db,0xc6db,0xd71b,0xd73b,0xd73b,0xc6fb,0xc6fb,0xc6fb,0xc6fb,0xc6fb,0xc6fb,0xc6fb,0xc6db,0xc6ba,0xc6ba,0xc6db,0xc6db,0xc6db,0xc6db,0xc6db,0xc6db,
0xc6fb,0xc6fb,0xc6fb,0xc6fb,0xc6fb,0xc6fb,0xc6fb,0xc6fb,0xc6db,0xc6db,0xbebb,0xbebb,0xbebb,0xc6db,0xc6db,0xc6db,0xc6db,0xbedb,0xbedb,0xbebb,0xbe9b,0xbe9b,0xbe9b,0xbe9b,
0xbe9b,0xbe9b,0xbe9b,0xbe9b,0xb69b,0xb69b,0xb69b,0xbe9b,0xbe9b,0xbe9b,0xb69b,0xb69b,0xb69b,0xb69b,0xb69b,0xb69b,0xb67a,0xb67a,0xb67a,0xb67a,0xb67a,0xb67a,0xb67a,0xb67a,
0xb67a,0xb69b,0xb69b,0xb69b,0xae7b,0xae5a,0xae5a,0xb67a,0xb67a,0xb67a,0xae7a,0xae7a,0xae7a,0xae5a,0xae3a,0xae3a,0xae3a,0xa63a,0xa63a,0xa63a,0xa619,0xa619,0xa63a,0xa63a,
0xa63a,0xa61a,0x9df9,0x9df9,0x9df9,0x95f9,0x95f9,0x95f9,0x95d8,0x95d8,0x95d8,0x8db8,0x8db8,0x8db8,0x8d98,0x8d98,0x8d98,0x8577,0x8577,0x8577,0x8577,0x8577,0x8577,0x7d77,
0x7d77,0x7d77,0x7d57,0x7d57,0x7d57,0x7d57,0x7d57,0x7d57,0x7d77,0x7d77,0x7d77,0x7d57,0x7d57,0x7d57,0x7d77,0x7d77,0x7d77,0x7d57,0x7d57,0x7d57,0x7d57,0x7d57,0x7d57,0x7d77,
0x7d77,0x7d77,0x8578,0x8578,0x8578,0x8598,0x8598,0x8598,0x8598,0x8577,0x8577,0x8598,0x8598,0x8598,0x8598,0x8598,0x8598,0x85b8,0x8db8,0x8db8,0x8db8,0x8598,0x8598,0x85b8,
0x8dd8,0x8dd8,0x8dd8,0x8db8,0x8db8,0x8db8,0x8dd8,0x8dd8,0x8dd8,0x8db8,0x8db8,0x8db8,0x95d9,0x95d9,0x95d9,0x8db8,0x8db8,0x8db8,0x9df8,0xae39,0xbe99,0xcedb,0xdf1c,0xef7c,
0xffbe,0xe75c,0xd71b,0xc6ba,0xb65a,0xa619,0x8dd8,0x8db8,0x8db8,0x8db8,0x8db8,0x8db8,0x8db8,0x8db8,0x8db8,0x8db8,0x8db8,0x8db8,0x8598,0x8598,0x8598,0x8db8,0x8db8,0x8db8,
0x8db8,0x8db8,0x8db8,0x8db8,0x8db8,0x8dd8,0x8dd8,0x8db8,0x8db8,0x8dd8,0x8dd8,0x8dd8,0x8dd8,0x8dd8,0x8dd8,0x8dd8,0x95d8,0x95d8,0x95f9,0x95f9,0x95f9,0x95f9,0x95d9,0x95d9,
0x95d9,0x95d8,0x95d8,0x95d8,0x95f9,0x95f9,0x95f9,0x9df9,0x9df9,0x9df9,0x9df9,0x9df9,0x9df9,0xa619,0xa619,0xa619,0xa63a,0xa65a,0xa65a,0xae7a,0xb67a,0xb67a,0xb67a,0xb67a,
0xb67a,0xb69a,0xb69a,0xb69a,0xb69a,0xb69a,0xb69a,0xbe9b,0xbe9b,0xbebb,0xbeba,0xbeba,0xbeba,0xbebb,0xbebb,0xbebb,0xbebb,0xbebb,0xbebb,0xc6db,0xc6db,0xcefb,0xd73b,0xd73b,
0xc6fb,0xc6fb,0xc6fb,0xc6fb,0xc6fb,0xc6fb,0xc6fb,0xc6db,0xc6ba,0xc6ba,0xc6db,0xc6db,0xc6db,0xc6db,0xc6db,0xc6db,0xc6fb,0xc6fb,0xc6fb,0xc6fb,0xc6fb,0xc6fb,0xc6fb,0xc6fb,
0xc6db,0xc6db,0xbebb,0xbebb,0xbebb,0xc6db,0xc6db,0xc6db,0xc6db,0xc6db,0xbedb,0xbebb,0xbebb,0xbe9b,0xbe9b,0xbe9b,0xbe9b,0xbe9b,0xbe9b,0xbe9b,0xb69b,0xb69b,0xb69b,0xbe9b,
0xbe9b,0xbe9b,0xb69b,0xb69b,0xb69b,0xb69b,0xb69b,0xb69b,0xb67a,0xb67a,0xb67a,0xb67a,0xb67a,0xb67a,0xb67a,0xb67a,0xb67a,0xb69b,0xb69b,0xb69b,0xae7b,0xae5a,0xae5a,0xb67a,
0xb67a,0xb67a,0xae7a,0xae7a,0xae7a,0xae5a,0xae3a,0xae3a,0xae3a,0xa63a,0xa63a,0xa63a,0xa619,0xa619,0xa63a,0xa63a,0xa63a,0xa61a,0x9df9,0x9df9,0x9df9,0x95f9,0x95f9,0x95f9,
0x95d8,0x95d8,0x95d8,0x8db8,0x8db8,0x8db8,0x8d98,0x8d98,0x8d98,0x8577,0x8577,0x8577,0x8577,0x8577,0x8577,0x7d77,0x7d77,0x7d77,0x7d57,0x7d57,0x7d57,0x7d57,0x7d57,0x7d57,
0x7d77,0x7d77,0x7d77,0x7d57,0x7d57,0x7d57,0x7d77,0x7d77,0x7d77,0x7d57,0x7d57,0x7d57,0x7d57,0x7d57,0x7d57,0x7d77,0x7d77,0x7d77,0x8578,0x8578,0x8578,0x8598,0x8598,0x8598,
0x8598,0x8577,0x8577,0x8598,0x8598,0x8598,0x8598,0x8598,0x8598,0x85b8,0x8db8,0x8db8,0x8db8,0x8598,0x8598,0x85b8,0x8dd8,0x8dd8,0x8dd8,0x8db8,0x8db8,0x8db8,0x8dd8,0x8dd8,
0x8dd8,0x8db8,0x8db8,0x8db8,0x95d9,0x95d9,0x95d9,0x8db8,0x8db8,0x8db8,0x9df8,0xae39,0xbe99,0xcedb,0xdf1c,0xef7c,0xffbe,0xe75c,0xd71b,0xc6ba,0xb65a,0xa619,0x8dd8,0x8db8,
0x8db8,0x8d98,0x8d98,0x8d98,0x8598,0x8598,0x8598,0x8d98,0x8d98,0x8d98,0x8db8,0x8db8,0x8db8,0x8d98,0x8d98,0x8d98,0x8db8,0x8db8,0x8db8,0x8db8,0x8db8,0x8db8,0x8dd8,0x8dd8,
0x8dd8,0x8dd9,0x8dd9,0x8dd9,0x8dd9,0x8dd8,0x8dd8,0x8dd8,0x8dd8,0x8dd8,0x8dd9,0x95d9,0x95d9,0x95d9,0x95d8,0x95d8,0x95d8,0x95d9,0x95d9,0x95d9,0x95f9,0x95f9,0x95f9,0x9df9,
0x9df9,0x9df9,0x9e19,0x9e19,0x9e19,0xa619,0xa619,0xa619,0xa63a,0xa63a,0xa63a,0xae7a,0xae7a,0xae7a,0xb69a,0xb69a,0xb69a,0xb67a,0xb67a,0xb67a,0xbe9a,0xbe9a,0xbe9a,0xbebb,
0xbebb,0xbebb,0xc6db,0xc6db,0xc6db,0xc6bb,0xc6bb,0xc6bb,0xc6db,0xc6db,0xc6db,0xc6bb,0xc6bb,0xc6db,0xd71b,0xd71b,0xcedb,0xcefb,0xc6fb,0xc6fb,0xc6fb,0xc6fb,0xcefb,0xcefb,
0xcedb,0xcedb,0xcedb,0xcedb,0xcedb,0xcefb,0xcefb,0xcefb,0xcefb,0xcedb,0xc6db,0xc6db,0xc6fb,0xc6fb,0xc6fb,0xc6fb,0xc6fb,0xc6fb,0xc6db,0xc6db,0xc6db,0xc6db,0xc6db,0xc6db,
0xc6db,0xc6db,0xbedb,0xbedb,0xbedb,0xbebb,0xbe9b,0xbe9b,0xbe9b,0xbebb,0xbebb,0xbebb,0xbebb,0xbebb,0xbebb,0xbebb,0xbebb,0xbebb,0xb67a,0xb67a,0xb67a,0xbebb,0xbebb,0xbebb,
0xb69b,0xb69b,0xb69b,0xbe9b,0xbe9b,0xbe9b,0xb69b,0xb69b,0xb69b,0xb67b,0xb67a,0xb67a,0xae5a,0xae5a,0xae5a,0xb67b,0xb67b,0xb67b,0xae7b,0xae5a,0xae5a,0xae5a,0xae5a,0xae5a,
0xae3a,0xa619,0xa619,0xa619,0x9e19,0x9e19,0x9e3a,0xa63a,0xa63a,0xa61a,0x9df9,0x9df9,0x9df9,0x95d9,0x95d9,0x95d9,0x95d9,0x95d9,0x95d9,0x8db8,0x8db8,0x8db8,0x8db8,0x8db8,
0x8db8,0x8598,0x8598,0x8598,0x8577,0x8577,0x8577,0x7d57,0x7d57,0x7d57,0x7d77,0x7d77,0x7d77,0x7d57,0x7d57,0x7d57,0x7d57,0x7d57,0x7d57,0x7d77,0x7d77,0x7d77,0x7d78,0x7d78,
0x7d78,0x7d77,0x7d77,0x7d77,0x7d77,0x7d77,0x7d77,0x7d77,0x7d77,0x7d77,0x7d77,0x7d77,0x7d77,0x8598,0x8598,0x8598,0x8598,0x8598,0x8598,0x8598,0x8598,0x8598,0x8598,0x8577,
0x8577,0x8598,0x8db8,0x8db8,0x8db8,0x8db8,0x8db8,0x8db8,0x8db8,0x8db8,0x8db8,0x8db8,0x8db8,0x8db8,0x8db8,0x8db8,0x8db8,0x8db8,0x8db8,0x8db8,0x95d8,0x95d8,0x95d8,0x95d8,
0x95d8,0x95d8,0x9df9,0xae3a,0xbe9a,0xcedb,0xdf1c,0xef7c,0xffbe,0xe75c,0xd71b,0xc6ba,0xb65a,0xa619,0x8dd8,0x8db8,0x8db8,0x8d98,0x8d98,0x8d98,0x8598,0x8598,0x8598,0x8d98,
0x8d98,0x8d98,0x8db8,0x8db8,0x8db8,0x8d98,0x8d98,0x8d98,0x8db8,0x8db8,0x8db8,0x8db8,0x8db8,0x8db8,0x8db8,0x8dd8,0x8dd8,0x8dd9,0x8dd9,0x8dd9,0x8dd9,0x8dd8,0x8dd8,0x8dd8,
0x8dd8,0x8dd8,0x8dd9,0x95d9,0x95d9,0x95d9,0x95d8,0x95d8,0x95d8,0x95d9,0x95d9,0x95d9,0x95f9,0x95f9,0x95f9,0x9df9,0x9df9,0x9df9,0x9e19,0x9e19,0x9e19,0xa619,0xa619,0xa619,
0xa63a,0xa63a,0xa63a,0xae7a,0xae7a,0xae7a,0xb69a,0xb69a,0xb69a,0xb67a,0xb67a,0xb67a,0xbe9a,0xbe9a,0xbe9a,0xbebb,0xbebb,0xbebb,0xc6db,0xc6db,0xc6db,0xc6bb,0xc6bb,0xc6bb,
0xc6db,0xc6db,0xc6db,0xc6bb,0xc6bb,0xc6db,0xcefb,0xd71b,0xcedb,0xcefb,0xc6fb,0xc6fb,0xc6fb,0xcefb,0xcefb,0xcefb,0xcedb,0xcefb,0xcefb,0xcefb,0xcefb,0xcefb,0xcefb,0xcefb,
0xcefb,0xcedb,0xcedb,0xc6db,0xc6fb,0xc6fb,0xc6fb,0xc6fb,0xc6fb,0xc6fb,0xc6fb,0xc6db,0xc6db,0xc6db,0xc6db,0xc6db,0xc6db,0xc6db,0xbedb,0xbedb,0xbedb,0xbebb,0xbe9b,0xbe9b,
0xbe9b,0xbebb,0xbebb,0xbebb,0xbebb,0xbebb,0xbebb,0xbebb,0xbebb,0xbebb,0xb67a,0xb67a,0xb67a,0xbebb,0xbebb,0xbebb,0xb69b,0xb69b,0xb69b,0xbe9b,0xbe9b,0xbe9b,0xb69b,0xb69b,
0xb69b,0xb67b,0xb67a,0xb67a,0xae5a,0xae5a,0xae5a,0xb67b,0xb67b,0xb67b,0xae7b,0xae5a,0xae5a,0xae5a,0xae5a,0xae5a,0xae3a,0xa619,0xa619,0xa619,0x9e19,0x9e19,0x9e3a,0xa63a,
0xa63a,0xa61a,0x9df9,0x9df9,0x9df9,0x95d9,0x95d9,0x95d9,0x95d9,0x95d9,0x95d9,0x8db8,0x8db8,0x8db8,0x8db8,0x8db8,0x8db8,0x8598,0x8598,0x8598,0x8577,0x8577,0x8577,0x7d57,
0x7d57,0x7d57,0x7d77,0x7d77,0x7d77,0x7d57,0x7d57,0x7d57,0x7d57,0x7d57,0x7d57,0x7d77,0x7d77,0x7d77,0x7d78,0x7d78,0x7d78,0x7d77,0x7d77,0x7d77,0x7d77,0x7d77,0x7d77,0x7d77,
0x7d77,0x7d77,0x7d77,0x7d77,0x7d77,0x8598,0x8598,0x8598,0x8598,0x8598,0x8598,0x8598,0x8598,0x8598,0x8598,0x8577,0x8577,0x8598,0x8db8,0x8db8,0x8db8,0x8db8,0x8db8,0x8db8,
0x8db8,0x8db8,0x8db8,0x8db8,0x8db8,0x8db8,0x8db8,0x8db8,0x8db8,0x8db8,0x8db8,0x8db8,0x95d8,0x95d8,0x95d8,0x95d8,0x95d8,0x95d8,0x9df9,0xae3a,0xbe9a,0xcedb,0xdf1c,0xef7c,
0xffbe,0xe75c,0xd71b,0xc6ba,0xb65a,0xa619,0x8dd8,0x8db8,0x8db8,0x8d98,0x8d98,0x8d98,0x8598,0x8598,0x8598,0x8d98,0x8d98,0x8d98,0x8db8,0x8db8,0x8db8,0x8d98,0x8d98,0x8d98,
0x8db8,0x8db8,0x8db8,0x8db8,0x8db8,0x8db8,0x8db8,0x8db8,0x8db8,0x8dd9,0x8dd9,0x8dd9,0x8dd9,0x8dd8,0x8dd8,0x8dd8,0x8dd8,0x8dd8,0x8dd9,0x95d9,0x95d9,0x95d9,0x95d8,0x95d8,
0x95d8,0x95d9,0x95d9,0x95d9,0x95f9,0x95f9,0x95f9,0x9df9,0x9df9,0x9df9,0x9e19,0x9e19,0x9e19,0xa619,0xa619,0xa619,0xa63a,0xa63a,0xa63a,0xae5a,0xae7a,0xae7a,0xae7a,0xb69a,
0xb69a,0xb67a,0xb67a,0xb67a,0xbe9a,0xbe9a,0xbe9a,0xbebb,0xbebb,0xbebb,0xc6db,0xc6db,0xc6db,0xc6bb,0xc6bb,0xc6bb,0xc6db,0xc6db,0xc6db,0xc6bb,0xc6bb,0xc6db,0xcefb,0xcefb,
0xcefb,0xcefb,0xc6fb,0xc6fb,0xcefb,0xcefb,0xcefb,0xcefb,0xcedb,0xcefb,0xcefb,0xcefb,0xcefb,0xcefb,0xcefb,0xcefb,0xcefb,0xcedb,0xcedb,0xcedb,0xc6fb,0xc6fb,0xc6fb,0xc6fb,
0xc6fb,0xc6fb,0xc6fb,0xc6db,0xc6db,0xc6db,0xc6db,0xc6db,0xc6db,0xc6db,0xc6db,0xbedb,0xbedb,0xbebb,0xbe9b,0xbe9b,0xbe9b,0xbebb,0xbebb,0xbebb,0xbebb,0xbebb,0xbebb,0xbebb,
0xbebb,0xbebb,0xb67a,0xb67a,0xb67a,0xbebb,0xbebb,0xbebb,0xb69b,0xb69b,0xb69b,0xbe9b,0xbe9b,0xbe9b,0xb69b,0xb69b,0xb69b,0xb67b,0xb67a,0xb67a,0xae5a,0xae5a,0xae5a,0xb67b,
0xb67b,0xb67b,0xae7b,0xae5a,0xae5a,0xae5a,0xae5a,0xae5a,0xae3a,0xa619,0xa619,0xa619,0x9e19,0x9e19,0x9e3a,0xa63a,0xa63a,0xa61a,0x9df9,0x9df9,0x9df9,0x95d9,0x95d9,0x95d9,
0x95d9,0x95d9,0x95d9,0x8db8,0x8db8,0x8db8,0x8db8,0x8db8,0x8db8,0x8598,0x8598,0x8598,0x8577,0x8577,0x8577,0x7d57,0x7d57,0x7d57,0x7d77,0x7d77,0x7d77,0x7d57,0x7d57,0x7d57,
0x7d57,0x7d57,0x7d57,0x7d77,0x7d77,0x7d77,0x7d78,0x7d78,0x7d78,0x7d77,0x7d77,0x7d77,0x7d77,0x7d77,0x7d77,0x7d77,0x7d77,0x7d77,0x7d77,0x7d77,0x7d77,0x8598,0x8598,0x8598,
0x8598,0x8598,0x8598,0x8598,0x8598,0x8598,0x8598,0x8577,0x8577,0x8598,0x8db8,0x8db8,0x8db8,0x8db8,0x8db8,0x8db8,0x8db8,0x8db8,0x8db8,0x8db8,0x8db8,0x8db8,0x8db8,0x8db8,
0x8db8,0x8db8,0x8db8,0x8db8,0x95d8,0x95d8,0x95d8,0x95d8,0x95d8,0x95d8,0x9df9,0xae3a,0xbe9a,0xcedb,0xdf1c,0xef7c,0xffbe,0xe75c,0xd71b,0xc6da,0xb67a,0xa639,0x8dd8,0x8db8,
0x8db8,0x8d98,0x8d98,0x8d98,0x8db8,0x8db8,0x8db8,0x8598,0x8577,0x8577,0x8598,0x8598,0x8598,0x8d98,0x8d98,0x8d98,0x8db8,0x8db8,0x8db8,0x8db8,0x8d98,0x8d98,0x8db8,0x8db8,
0x8db8,0x8db8,0x8db8,0x8db8,0x8db8,0x8d98,0x8d98,0x8db8,0x8dd8,0x8dd8,0x8dd8,0x8dd8,0x8dd8,0x8dd9,0x95d9,0x95d9,0x95d9,0x95d9,0x95d9,0x95d9,0x95f9,0x95f9,0x95f9,0x9df9,
0x9df9,0x9df9,0xa619,0xa619,0xa619,0xa619,0xa619,0xa619,0xae5a,0xae5a,0xae5a,0xae5a,0xae5a,0xae5a,0xae7a,0xb69a,0xb69a,0xb69b,0xb69b,0xbebb,0xbebb,0xbebb,0xbebb,0xbebb,
0xbebb,0xbebb,0xc6bb,0xc6bb,0xc6bb,0xc6db,0xc6db,0xc6db,0xc6bb,0xc6bb,0xc6bb,0xc6db,0xc6db,0xc6db,0xc6fb,0xc6fb,0xcf1b,0xcefb,0xc6db,0xcedb,0xcefb,0xcefb,0xcefb,0xcefb,
0xcf1b,0xd71b,0xd71b,0xd71b,0xd71b,0xd71c,0xd73c,0xd71c,0xd6fc,0xcefb,0xcedb,0xcefc,0xcf1c,0xcefc,0xcefc,0xc6db,0xc6db,0xc6db,0xc6fb,0xc6fb,0xc6fb,0xc6db,0xc6db,0xc6db,
0xc6bb,0xc6bb,0xc6bb,0xbedb,0xbedb,0xbebb,0xbe9b,0xbe9b,0xbe9b,0xbebb,0xbebb,0xbebb,0xbe9b,0xbe9b,0xbe9b,0xbe9b,0xbe9b,0xbe9b,0xbebb,0xbebb,0xbebb,0xbebb,0xbebb,0xbebb,
0xbebb,0xbebb,0xbebb,0xbebb,0xbebb,0xbebb,0xb69b,0xb67b,0xb67b,0xb67b,0xb67a,0xb67a,0xb67a,0xb67a,0xb67a,0xb69b,0xb69b,0xb69b,0xae9b,0xae7a,0xae7a,0xae7a,0xae5a,0xae5a,
0xae5a,0xa63a,0xa63a,0xa63a,0xa619,0xa619,0xa619,0x9e19,0x9e19,0x9e19,0x9df9,0x9df9,0x9df9,0x95d8,0x95d8,0x95d8,0x95d8,0x95d8,0x95d8,0x95d9,0x95d9,0x95d9,0x8db8,0x8db8,
0x8db8,0x8577,0x8577,0x8577,0x8577,0x8577,0x8577,0x8577,0x8577,0x8577,0x8598,0x8598,0x8598,0x7d77,0x7d77,0x7d77,0x7d57,0x7d57,0x7d57,0x7d57,0x7d57,0x7d57,0x7d57,0x7d57,
0x7d57,0x8578,0x8578,0x8578,0x8578,0x8578,0x8578,0x8598,0x8598,0x8598,0x8598,0x8598,0x8598,0x8598,0x8577,0x8577,0x8578,0x8578,0x8578,0x8578,0x8578,0x8578,0x8578,0x8577,
0x8577,0x8598,0x8db8,0x8db8,0x8db8,0x8db8,0x8db8,0x8db8,0x8d98,0x8d98,0x8d98,0x8db8,0x8db8,0x8db8,0x95d9,0x95d9,0x95d9,0x8db8,0x8db8,0x8db8,0x8db8,0x8db8,0x8db8,0x95d9,
0x95d9,0x95d9,0x95d8,0xa619,0xb67a,0xcedb,0xdf1c,0xef7c,0xffbe,0xe75c,0xd71b,0xc6da,0xb67a,0xa639,0x8dd8,0x8db8,0x8db8,0x8d98,0x8d98,0x8d98,0x8db8,0x8db8,0x8db8,0x8597,
0x8577,0x8577,0x8598,0x8598,0x8598,0x8d98,0x8d98,0x8d98,0x8db8,0x8db8,0x8db8,0x8db8,0x8d98,0x8d98,0x8db8,0x8db8,0x8db8,0x8db8,0x8db8,0x8db8,0x8db8,0x8d98,0x8d98,0x8db8,
0x8dd8,0x8dd8,0x8dd8,0x8dd8,0x8dd8,0x8dd9,0x95d9,0x95d9,0x95d9,0x95d9,0x95d9,0x95d9,0x95f9,0x95f9,0x95f9,0x9df9,0x9df9,0x9df9,0xa619,0xa619,0xa619,0xa619,0xa619,0xa619,
0xae5a,0xae5a,0xae5a,0xae5a,0xae5a,0xae5a,0xae7a,0xb69a,0xb69a,0xb6bb,0xbebb,0xbebb,0xbebb,0xbebb,0xbebb,0xbebb,0xbebb,0xbebb,0xc6bb,0xc6bb,0xc6bb,0xc6db,0xc6db,0xc6db,
0xc6bb,0xc6bb,0xc6bb,0xc6db,0xc6db,0xc6db,0xc6fb,0xc6fb,0xcf1b,0xcefb,0xcedb,0xcedb,0xcefb,0xcf1b,0xd6fb,0xd71b,0xd73b,0xdf3b,0xdf3b,0xdf3b,0xdf3b,0xdf3c,0xdf5c,0xdf3c,
0xd71c,0xcf1b,0xcedb,0xcefc,0xcf1c,0xcf1c,0xcefc,0xc6db,0xc6db,0xc6db,0xc6fb,0xc6fb,0xc6fb,0xc6db,0xc6db,0xc6db,0xc6bb,0xc6bb,0xc6bb,0xc6db,0xbedb,0xbebb,0xbe9b,0xbe9b,
0xbe9b,0xbebb,0xbebb,0xbebb,0xbe9b,0xbe9b,0xbe9b,0xbe9b,0xbe9b,0xbe9b,0xbebb,0xbebb,0xbebb,0xbebb,0xbebb,0xbebb,0xbebb,0xbebb,0xbebb,0xbebb,0xbebb,0xbebb,0xb69b,0xb67b,
0xb67b,0xb67b,0xb67a,0xb67a,0xb67a,0xb67a,0xb67a,0xb69b,0xb69b,0xb69b,0xae9b,0xae7a,0xae7a,0xae7a,0xae5a,0xae5a,0xae5a,0xa63a,0xa63a,0xa63a,0xa619,0xa619,0xa619,0x9e19,
0x9e19,0x9e19,0x9df9,0x9df9,0x9df9,0x95d8,0x95d8,0x95d8,0x95d8,0x95d8,0x95d8,0x95d9,0x95d9,0x95d9,0x8db8,0x8db8,0x8db8,0x8577,0x8577,0x8577,0x8577,0x8577,0x8577,0x8577,
0x8577,0x8577,0x8598,0x8598,0x8598,0x7d77,0x7d77,0x7d77,0x7d57,0x7d57,0x7d57,0x7d57,0x7d57,0x7d57,0x7d57,0x7d57,0x7d57,0x8578,0x8578,0x8578,0x8578,0x8578,0x8578,0x8598,
0x8598,0x8598,0x8598,0x8598,0x8598,0x8598,0x8577,0x8577,0x8578,0x8578,0x8578,0x8578,0x8578,0x8578,0x8578,0x8577,0x8577,0x8598,0x8db8,0x8db8,0x8db8,0x8db8,0x8db8,0x8db8,
0x8d98,0x8d98,0x8d98,0x8db8,0x8db8,0x8db8,0x95d9,0x95d9,0x95d9,0x8db8,0x8db8,0x8db8,0x8db8,0x8db8,0x8db8,0x95d9,0x95d9,0x95d9,0x95d8,0xa619,0xb679,0xcedb,0xdf1c,0xef7c,
0xffbe,0xe75c,0xd71b,0xc6da,0xb67a,0xa639,0x8dd8,0x8db8,0x8db8,0x8d98,0x8d98,0x8d98,0x8db8,0x8db8,0x8db8,0x8597,0x8577,0x8577,0x8598,0x8598,0x8598,0x8d98,0x8d98,0x8d98,
0x8db8,0x8db8,0x8db8,0x8db8,0x8d98,0x8d98,0x8db8,0x8db8,0x8db8,0x8db8,0x8db8,0x8db8,0x8db8,0x8d98,0x8d98,0x8db8,0x8db8,0x8db8,0x8db8,0x8db8,0x8db8,0x8db9,0x95d9,0x95d9,
0x95d9,0x95d9,0x95d9,0x95d9,0x95f9,0x95f9,0x95f9,0x9df9,0x9df9,0x9df9,0xa619,0xa619,0xa619,0xa619,0xa619,0xa619,0xae5a,0xae5a,0xae5a,0xae5a,0xae5a,0xae5a,0xae7a,0xb69a,
0xb69a,0xbebb,0xbebb,0xb69b,0xb69b,0xb6bb,0xbebb,0xbebb,0xbebb,0xbebb,0xbebb,0xbebb,0xc6bb,0xc6db,0xc6db,0xc6db,0xc6bb,0xc6bb,0xc6bb,0xc6db,0xc6db,0xc6db,0xc6fb,0xc6fb,
0xcf1b,0xcefb,0xcedb,0xcedb,0xcefb,0xcf3b,0xd71b,0xd73b,0xd73b,0xdf5b,0xdf5b,0xdf5b,0xdf5b,0xdf5c,0xdf5d,0xe73c,0xdf3c,0xd71b,0xcefb,0xcefc,0xcf1c,0xcf1c,0xcf1c,0xc6db,
0xc6db,0xc6db,0xc6fb,0xc6fb,0xc6fb,0xc6db,0xc6db,0xc6db,0xc6bb,0xc6bb,0xc6bb,0xc6db,0xc6db,0xbebb,0xbe9b,0xbe9b,0xbe9b,0xbebb,0xbebb,0xbebb,0xbe9b,0xbe9b,0xbe9b,0xbe9b,
0xbe9b,0xbe9b,0xbebb,0xbebb,0xbebb,0xbebb,0xbebb,0xbebb,0xbebb,0xbebb,0xbebb,0xbebb,0xbebb,0xbebb,0xb69b,0xb67b,0xb67b,0xb67b,0xb67a,0xb67a,0xb67a,0xb67a,0xb67a,0xb69b,
0xb69c,0xb69c,0xae9b,0xae7a,0xae7a,0xae7a,0xae5a,0xae5a,0xae5a,0xa63a,0xa63a,0xa63a,0xa619,0xa619,0xa619,0x9e19,0x9e19,0x9e19,0x9df9,0x9df9,0x9df9,0x95d8,0x95d8,0x95d8,
0x95d8,0x95d8,0x95d8,0x95d9,0x95d9,0x95d9,0x8db8,0x8db8,0x8db8,0x8577,0x8577,0x8577,0x8577,0x8577,0x8577,0x8577,0x8577,0x8577,0x8598,0x8598,0x8598,0x7d77,0x7d77,0x7d77,
0x7d57,0x7d57,0x7d57,0x7d57,0x7d57,0x7d57,0x7d57,0x7d57,0x7d57,0x8578,0x8578,0x8578,0x8578,0x8578,0x8578,0x8598,0x8598,0x8598,0x8598,0x8598,0x8598,0x8598,0x8577,0x8577,
0x8578,0x8578,0x8578,0x8578,0x8578,0x8578,0x8578,0x8577,0x8577,0x8598,0x8db8,0x8db8,0x8db8,0x8db8,0x8db8,0x8db8,0x8d98,0x8d98,0x8d98,0x8db8,0x8db8,0x8db8,0x95d9,0x95d9,
0x95d9,0x8db8,0x8db8,0x8db8,0x8db8,0x8db8,0x8db8,0x95d9,0x95d9,0x95d9,0x95d8,0xa619,0xb679,0xcedb,0xdf1c,0xef7c,0xffbe,0xe75c,0xd71b,0xc6ba,0xb67a,0xa619,0x8dd8,0x8db8,
0x8db8,0x8db8,0x8db8,0x8db8,0x8d98,0x8d98,0x8d98,0x8d98,0x8d98,0x8d98,0x8598,0x8598,0x8598,0x8d98,0x8d98,0x8d98,0x8598,0x8578,0x8578,0x8d98,0x8d98,0x8d98,0x8598,0x8598,
0x8598,0x8598,0x8598,0x8598,0x8598,0x8598,0x8598,0x85b8,0x8db8,0x8db8,0x8db8,0x8db8,0x8db8,0x8db8,0x8db8,0x8db8,0x8db8,0x95d8,0x95d8,0x95d9,0x9df9,0x9df9,0x9df9,0x9df9,
0x9df9,0x9df9,0xa619,0xa619,0xa619,0xa619,0xa619,0xa619,0xae3a,0xae3a,0xae3a,0xae5a,0xae7a,0xae7a,0xae7a,0xb69a,0xb69a,0xc6db,0xc6bb,0xbebb,0xb69a,0xb67a,0xb67a,0xbe9b,
0xbe9b,0xbe9b,0xbedb,0xbedb,0xc6db,0xc6fb,0xc6fb,0xcefb,0xcedb,0xcedb,0xcedb,0xc6fb,0xc6fb,0xc6fb,0xc6fb,0xc6fb,0xcefb,0xcedb,0xcedb,0xcefb,0xd71b,0xd71b,0xdf3b,0xdf3b,
0xe75b,0xe77b,0xe77b,0xef9b,0xef9b,0xef7b,0xe77b,0xe75b,0xe73b,0xdf3b,0xd71b,0xd71b,0xd71b,0xcf1b,0xcf1b,0xcefb,0xc6fb,0xc6fb,0xc6fb,0xc6fb,0xc6fb,0xcefb,0xcefb,0xcefb,
0xc6db,0xc6db,0xc6db,0xc6fc,0xc6dc,0xc6dc,0xbebb,0xbebb,0xbebb,0xc6dc,0xc6dc,0xc6dc,0xbe9b,0xbe9b,0xbe9b,0xbebb,0xbebb,0xbebb,0xbebb,0xbebb,0xbebb,0xbe9b,0xbe9b,0xbe9b,
0xbebb,0xbebb,0xbebb,0xbebb,0xbebb,0xbebb,0xbe9b,0xbe9b,0xbe9b,0xb67b,0xb67a,0xb67a,0xb67b,0xb67b,0xb67b,0xb67b,0xb67a,0xb67a,0xae7a,0xae5a,0xae5a,0xae5a,0xae5a,0xae5a,
0xae5a,0xa63a,0xa63a,0xa63a,0xa63a,0xa63a,0xa63a,0xa63a,0xa63a,0xa61a,0x9df9,0x9df9,0x9df9,0x95d8,0x95d8,0x95d8,0x95d8,0x95d8,0x95d8,0x95d9,0x95d9,0x95d9,0x8dd9,0x8dd9,
0x8dd9,0x8db8,0x8db8,0x8db8,0x8577,0x8577,0x8577,0x8578,0x8578,0x8578,0x8577,0x8577,0x8577,0x8578,0x8578,0x8578,0x7d57,0x7d57,0x7d57,0x8578,0x8578,0x8578,0x8578,0x8578,
0x8578,0x7d58,0x7d57,0x7d57,0x7d57,0x7d57,0x7d57,0x7d77,0x7d77,0x7d77,0x8577,0x8577,0x8577,0x8577,0x8577,0x8577,0x8577,0x8577,0x8577,0x8598,0x8598,0x8598,0x8598,0x8598,
0x8598,0x8598,0x8598,0x8598,0x85b8,0x8db8,0x8db8,0x8db8,0x8db8,0x8db8,0x8db8,0x8598,0x8598,0x85b8,0x8db8,0x8db8,0x8db8,0x8db8,0x8db8,0x8db8,0x95d9,0x95d9,0x95d9,0x95d9,
0x95d9,0x95d9,0x9df8,0xae39,0xb699,0xcedb,0xdf1c,0xef7c,0xffbe,0xe75c,0xd71b,0xc6ba,0xb65a,0xa619,0x8dd8,0x8db8,0x8db8,0x8db8,0x8db8,0x8db8,0x8d98,0x8d98,0x8d98,0x8d98,
0x8d98,0x8d98,0x8598,0x8598,0x8598,0x8d98,0x8d98,0x8d98,0x8578,0x8578,0x8578,0x8d98,0x8d98,0x8d98,0x8598,0x8598,0x8598,0x8598,0x8598,0x8598,0x8598,0x8598,0x8598,0x85b8,
0x8db8,0x8db8,0x8db8,0x8db8,0x8db8,0x8db8,0x8db8,0x8db8,0x8db8,0x95d8,0x95d8,0x95d8,0x9df9,0x9df9,0x9df9,0x9df9,0x9df9,0x9df9,0xa619,0xa619,0xa619,0xa619,0xa619,0xa619,
0xae3a,0xae3a,0xae3a,0xae5a,0xae7a,0xae7a,0xae7a,0xb69a,0xb69a,0xc6db,0xc6db,0xbebb,0xb67a,0xb67a,0xb67a,0xbe9b,0xbe9b,0xbe9b,0xbedb,0xbedb,0xc6db,0xc6fb,0xcefb,0xcefb,
0xcedb,0xcedb,0xcedb,0xc6fb,0xc6fb,0xc6fb,0xc6fb,0xc6fb,0xcefb,0xcefb,0xcedb,0xcefb,0xd71b,0xdf3b,0xe75b,0xe75b,0xef7b,0xef9c,0xef9c,0xf79c,0xf79c,0xef9c,0xef9c,0xef7b,
0xe75b,0xe75b,0xdf3b,0xd71b,0xd71b,0xd71b,0xcf1b,0xcefb,0xc6fb,0xc6fb,0xc6fb,0xc6fb,0xc6fb,0xcefb,0xcefb,0xcefb,0xc6db,0xc6db,0xc6db,0xc6fc,0xc6fc,0xc6dc,0xbebb,0xbebb,
0xbebb,0xc6dc,0xc6dc,0xc6dc,0xbe9b,0xbe9b,0xbe9b,0xbebb,0xbebb,0xbebb,0xbebb,0xbebb,0xbebb,0xbe9b,0xbe9b,0xbe9b,0xbebb,0xbebb,0xbebb,0xbebb,0xbebb,0xbebb,0xbe9b,0xbe9b,
0xbe9b,0xb67b,0xb67a,0xb67a,0xb67b,0xb67b,0xb67b,0xb67b,0xb67a,0xb67a,0xae7a,0xae5a,0xae5a,0xae5a,0xae5a,0xae5a,0xae5a,0xa63a,0xa63a,0xa63a,0xa63a,0xa63a,0xa63a,0xa63a,
0xa63a,0xa61a,0x9df9,0x9df9,0x9df9,0x95d8,0x95d8,0x95d8,0x95d8,0x95d8,0x95d8,0x95d9,0x95d9,0x95d9,0x8dd9,0x8dd9,0x8dd9,0x8db8,0x8db8,0x8db8,0x8577,0x8577,0x8577,0x8578,
0x8578,0x8578,0x8577,0x8577,0x8577,0x8578,0x8578,0x8578,0x7d57,0x7d57,0x7d57,0x8578,0x8578,0x8578,0x8578,0x8578,0x8578,0x7d57,0x7d57,0x7d57,0x7d57,0x7d57,0x7d57,0x7d77,
0x7d77,0x7d77,0x8577,0x8577,0x8577,0x8577,0x8577,0x8577,0x8577,0x8577,0x8577,0x8598,0x8598,0x8598,0x8598,0x8598,0x8598,0x8598,0x8598,0x8598,0x85b8,0x8db8,0x8db8,0x8db8,
0x8db8,0x8db8,0x8db8,0x8598,0x8598,0x8598,0x8db8,0x8db8,0x8db8,0x8db8,0x8db8,0x8db8,0x95d9,0x95d9,0x95d9,0x95d9,0x95d9,0x95d9,0x9df8,0xae39,0xbe99,0xcedb,0xdf1c,0xef7c,
0xffbe,0xe75c,0xd71b,0xc6ba,0xb65a,0xa619,0x8dd8,0x8db8,0x8db8,0x8db8,0x8db8,0x8db8,0x8d98,0x8d98,0x8d98,0x8d98,0x8d98,0x8d98,0x8598,0x8598,0x8598,0x8d98,0x8d98,0x8d98,
0x8578,0x8578,0x8578,0x8d98,0x8d98,0x8d98,0x8598,0x8598,0x8598,0x8598,0x8598,0x8598,0x8598,0x8598,0x8598,0x85b8,0x8db8,0x8db8,0x8db8,0x8db8,0x8db8,0x8db8,0x8db8,0x8db8,
0x8db8,0x95d8,0x95d8,0x95d8,0x9df9,0x9df9,0x9df9,0x9df9,0x9df9,0x9df9,0xa619,0xa619,0xa619,0xa619,0xa619,0xa619,0xae3a,0xae5a,0xae5a,0xae7a,0xae7a,0xae7a,0xae7a,0xb67a,
0xb67a,0xc6fb,0xc6fb,0xc6db,0xb67a,0xb67a,0xb67a,0xbe9b,0xbe9b,0xbe9b,0xbebb,0xbebb,0xc6db,0xcefb,0xcefb,0xcefb,0xcedb,0xcedb,0xcefb,0xc6fb,0xc6fb,0xc6fb,0xc6fb,0xc6fb,
0xcefb,0xcefb,0xcefb,0xd6fb,0xdf1b,0xe73b,0xe77b,0xef9b,0xef9b,0xf7bc,0xf7bc,0xf7bc,0xf7bc,0xf7bc,0xf7bc,0xef9b,0xef9b,0xe77b,0xe73b,0xdf3b,0xd73b,0xd71b,0xd71b,0xcefb,
0xc6fb,0xc6fb,0xc6fb,0xc6fb,0xc6fb,0xcefb,0xcefb,0xcefb,0xc6db,0xc6db,0xc6db,0xc6fc,0xc6fc,0xc6dc,0xbebb,0xbebb,0xbebb,0xc6dc,0xc6dc,0xc6dc,0xbe9b,0xbe9b,0xbe9b,0xbebb,
0xbebb,0xbebb,0xbebb,0xbebb,0xbebb,0xbe9b,0xbe9b,0xbe9b,0xbebb,0xbebb,0xbebb,0xbebb,0xbebb,0xbebb,0xbe9b,0xbe9b,0xbe9b,0xb67b,0xb67a,0xb67a,0xb67b,0xb67b,0xb67c,0xb67b,
0xb67a,0xb67a,0xae7a,0xae5a,0xae5a,0xae5a,0xae5a,0xae5a,0xae5a,0xa63a,0xa63a,0xa63a,0xa63a,0xa63a,0xa63a,0xa63a,0xa65a,0xa61a,0x9df9,0x9df9,0x9df9,0x95d8,0x95d8,0x95d8,
0x95d8,0x95d8,0x95d8,0x95d9,0x95d9,0x95d9,0x8dd9,0x8dd9,0x8dd9,0x8db8,0x8db8,0x8db8,0x8577,0x8577,0x8577,0x8578,0x8578,0x8578,0x8577,0x8577,0x8577,0x8578,0x8578,0x8578,
0x7d57,0x7d57,0x7d57,0x8578,0x8578,0x8578,0x8578,0x8578,0x8578,0x7d57,0x7d57,0x7d57,0x7d57,0x7d57,0x7d57,0x7d77,0x7d77,0x7d77,0x8577,0x8577,0x8577,0x8577,0x8577,0x8577,
0x8577,0x8577,0x8577,0x8598,0x8598,0x8598,0x8598,0x8598,0x8598,0x8598,0x8598,0x8598,0x85b8,0x8db8,0x8db8,0x8db8,0x8db8,0x8db8,0x8db8,0x8598,0x8598,0x8598,0x8db8,0x8db8,
0x8db8,0x8db8,0x8db8,0x8db8,0x95d9,0x95d9,0x95d9,0x95d9,0x95d9,0x95d9,0x9df8,0xae39,0xbe99,0xcedb,0xdf1c,0xef7c,0xffbe,0xe75c,0xd71b,0xc6ba,0xb65a,0xa619,0x8db8,0x8d98,
0x8d98,0x8d98,0x8d98,0x8d98,0x8db8,0x8db8,0x8db8,0x8d98,0x8d98,0x8d98,0x8598,0x8598,0x8598,0x8598,0x8577,0x8577,0x8598,0x8598,0x8598,0x8598,0x8598,0x8598,0x8598,0x8578,
0x8578,0x8598,0x8598,0x8598,0x8598,0x8598,0x8598,0x85b8,0x8db8,0x8db8,0x8db8,0x8db8,0x8db8,0x8db8,0x8db8,0x8db8,0x8db8,0x8db8,0x8db8,0x95d8,0x9df9,0x9df9,0x9e19,0xa63a,
0xa63a,0xa63a,0xa63a,0xa63a,0xa63a,0xae3a,0xae3a,0xae3a,0xb67a,0xb67a,0xb67a,0xb67a,0xb67a,0xb67a,0xb69b,0xb69b,0xbebb,0xc6fb,0xc6fb,0xc6db,0xbedb,0xbedb,0xbedb,0xbedb,
0xbedb,0xbedb,0xc6db,0xc6db,0xc6fb,0xcefc,0xcefc,0xcefc,0xcefc,0xcefc,0xcefc,0xc6fc,0xc6fb,0xc6fb,0xcf1c,0xcf1c,0xcf1c,0xcf1c,0xcf1b,0xd73b,0xdf3b,0xdf5b,0xef9b,0xf79c,
0xf7bc,0xf7bc,0xf7bc,0xf7bc,0xf7bc,0xf7bc,0xf7bc,0xf7bc,0xf79c,0xef9b,0xe75b,0xdf3b,0xd73b,0xd71b,0xcf1b,0xcefb,0xcefb,0xcefc,0xcefc,0xcefc,0xcefc,0xcefb,0xcefb,0xcedb,
0xc6db,0xc6db,0xc6db,0xc6fc,0xc6dc,0xc6dc,0xc6dc,0xc6dc,0xc6dc,0xc6dc,0xc6dc,0xc6dc,0xc6bb,0xc6bb,0xc6bb,0xc6dc,0xc6dc,0xc6dc,0xc6db,0xc6db,0xc6db,0xc6db,0xc6db,0xc6db,
0xbe9b,0xbe9b,0xbe9b,0xbe9b,0xbe9b,0xbe9b,0xbe9b,0xbe9b,0xbe9b,0xb69b,0xb69b,0xb69b,0xb67b,0xb67a,0xb67a,0xb67b,0xb67b,0xb67b,0xb67b,0xb67b,0xb67b,0xae7b,0xae5a,0xae5a,
0xae5a,0xae5a,0xae5a,0xae5a,0xa63a,0xa63a,0xa63a,0x9df9,0x9e19,0x9e19,0x9e19,0x9e19,0x9e19,0x95f9,0x95f9,0x95f9,0x95f9,0x95f9,0x95f9,0x8db8,0x8db8,0x8dd8,0x8dd8,0x8dd8,
0x8dd8,0x8d98,0x8d98,0x8d98,0x8d98,0x8d98,0x8d98,0x8598,0x8598,0x8598,0x8598,0x8598,0x8598,0x8578,0x8578,0x8578,0x7d57,0x7d57,0x7d57,0x8577,0x8577,0x8577,0x7d77,0x7d77,
0x7d77,0x8598,0x8598,0x8598,0x7d77,0x7d77,0x7d77,0x8577,0x8577,0x8577,0x8577,0x8577,0x8577,0x8578,0x8578,0x8578,0x8598,0x8598,0x8598,0x8598,0x8577,0x8577,0x8598,0x8598,
0x8598,0x8598,0x8598,0x8598,0x85b8,0x8db8,0x8db8,0x8db8,0x8d98,0x8d98,0x8db8,0x8dd8,0x8dd8,0x8db8,0x8d98,0x8d98,0x8db8,0x8db8,0x8db8,0x8db8,0x8db8,0x8db8,0x8dd8,0x95d8,
0x95d8,0x95d8,0x9df8,0xae39,0xbe99,0xcedb,0xdf1c,0xef7c,0xffbe,0xe75c,0xd71b,0xc6ba,0xb65a,0xa619,0x8db8,0x8d98,0x8d98,0x8d98,0x8d98,0x8d98,0x8db8,0x8db8,0x8db8,0x8d98,
0x8d98,0x8d98,0x8598,0x8598,0x8598,0x8577,0x8577,0x8577,0x8598,0x8598,0x8598,0x8598,0x8598,0x8598,0x8598,0x8578,0x8578,0x8598,0x8598,0x8598,0x8598,0x8598,0x8598,0x85b8,
0x8db8,0x8db8,0x8db8,0x8db8,0x8db8,0x8db8,0x8db8,0x8db8,0x8db8,0x8db8,0x8db8,0x8dd8,0x9df9,0x9df9,0x9e19,0xa63a,0xa63a,0xa63a,0xa63a,0xa63a,0xa63a,0xae3a,0xae3a,0xae5a,
0xb67a,0xb67a,0xb67a,0xb67a,0xb67a,0xb67a,0xb69b,0xbebb,0xbebb,0xc6fb,0xc6fb,0xc6db,0xc6db,0xbedb,0xbedb,0xbedb,0xbedb,0xbedb,0xc6db,0xc6db,0xc6fb,0xcefc,0xcefc,0xcefc,
0xcefc,0xcefc,0xcefc,0xc6fc,0xc6fb,0xc6fb,0xcf1c,0xcf1c,0xcf1c,0xcf1c,0xcf1b,0xd73b,0xdf5b,0xe77b,0xef9b,0xf7bc,0xf7bc,0xf7bc,0xf7bc,0xf7bc,0xf7bc,0xf7bc,0xf7bc,0xf7bc,
0xf7bc,0xef9b,0xe77b,0xdf5b,0xd73b,0xcf1b,0xcf1b,0xcefb,0xcefb,0xcefc,0xcefc,0xcefc,0xcefc,0xcefb,0xcedb,0xcedb,0xc6db,0xc6db,0xc6db,0xc6fc,0xc6dc,0xc6dc,0xc6dc,0xc6dc,
0xc6dc,0xc6db,0xc6db,0xc6db,0xc6bb,0xc6bb,0xc6bb,0xc6dc,0xc6dc,0xc6dc,0xc6db,0xc6db,0xc6db,0xc6db,0xc6db,0xc6db,0xbe9b,0xbe9b,0xbe9b,0xbe9b,0xbe9b,0xbe9b,0xbe9b,0xbe9b,
0xbe9b,0xb69b,0xb69b,0xb69c,0xb67b,0xb67a,0xb67a,0xb67b,0xb67b,0xb67b,0xb67b,0xb67b,0xb67b,0xb67b,0xae5a,0xae5a,0xae5a,0xae5a,0xae5a,0xae5a,0xa63a,0xa63a,0xa61a,0x9df9,
0x9df9,0x9df9,0x9e19,0x9e19,0x9e19,0x95f9,0x95f9,0x95f9,0x95f9,0x95f9,0x95f9,0x8db8,0x8db8,0x8db8,0x8dd8,0x8dd8,0x8dd8,0x8d98,0x8d98,0x8d98,0x8d98,0x8d98,0x8d98,0x8598,
0x8598,0x8598,0x8598,0x8598,0x8598,0x8578,0x8578,0x8578,0x7d57,0x7d57,0x7d57,0x8577,0x8577,0x8577,0x7d77,0x7d77,0x7d77,0x8598,0x8598,0x8598,0x7d77,0x7d77,0x7d77,0x8577,
0x8577,0x8577,0x8577,0x8577,0x8577,0x8578,0x8578,0x8578,0x8598,0x8598,0x8598,0x8598,0x8577,0x8577,0x8598,0x8598,0x8598,0x8598,0x8598,0x8598,0x85b8,0x8db8,0x8db8,0x8db8,
0x8d98,0x8d98,0x8db8,0x8dd8,0x8dd8,0x8dd8,0x8d98,0x8d98,0x8d98,0x8db8,0x8db8,0x8db8,0x8db8,0x8db8,0x8db8,0x95d8,0x95d8,0x95d8,0x9df8,0xae39,0xbe99,0xcedb,0xdf1c,0xef7c,
0xffbe,0xe75c,0xd71b,0xc6ba,0xb65a,0xa619,0x8db8,0x8d98,0x8d98,0x8d98,0x8d98,0x8d98,0x8db8,0x8db8,0x8db8,0x8d98,0x8d98,0x8d98,0x8598,0x8598,0x8598,0x8577,0x8577,0x8577,
0x8598,0x8598,0x8598,0x8598,0x8598,0x8598,0x8598,0x8578,0x8578,0x8598,0x8598,0x8598,0x8598,0x8598,0x8598,0x85b8,0x8db8,0x8db8,0x8db8,0x8db8,0x8db8,0x8db8,0x8db8,0x8db8,
0x8db8,0x8db8,0x8db8,0x8dd8,0x9df9,0x9df9,0x9e19,0xa63a,0xa63a,0xa63a,0xa63a,0xa63a,0xa63a,0xae3a,0xae5a,0xae5a,0xb67a,0xb67a,0xb67a,0xb67a,0xb67a,0xb67a,0xbebb,0xbebb,
0xbebb,0xc6fb,0xc6fb,0xc6fb,0xc6db,0xc6db,0xbedb,0xbedb,0xbedb,0xbedb,0xc6db,0xc6db,0xc6fb,0xcefc,0xcefc,0xcefc,0xcefc,0xcefc,0xcefd,0xc6fc,0xc6fb,0xc6fb,0xcf1c,0xcf1c,
0xcf1d,0xcf1c,0xcf1b,0xd73b,0xdf5b,0xef7b,0xef9b,0xf7bc,0xf7bc,0xf7bc,0xf7bc,0xf7bc,0xf7bc,0xf7bc,0xf7bc,0xf7bc,0xf7bc,0xef9b,0xef7b,0xe75b,0xd73b,0xcf1b,0xcf1b,0xcefb,
0xcefb,0xcefc,0xcefd,0xcefc,0xcefc,0xcefb,0xcedb,0xcedb,0xc6db,0xc6db,0xc6db,0xc6fc,0xc6dc,0xc6dc,0xc6dc,0xc6dc,0xc6dc,0xc6db,0xc6db,0xc6db,0xc6bb,0xc6bb,0xc6bb,0xc6dc,
0xc6dc,0xc6dc,0xc6db,0xc6db,0xc6db,0xc6db,0xc6db,0xc6db,0xbe9b,0xbe9b,0xbe9b,0xbe9b,0xbe9b,0xbe9b,0xbe9b,0xbe9b,0xbe9b,0xb69b,0xb69b,0xb69b,0xb67b,0xb67a,0xb67a,0xb67b,
0xb67c,0xb67b,0xb67b,0xb67b,0xb67c,0xb67b,0xae5a,0xae5a,0xae5a,0xae5a,0xae5a,0xae5a,0xa63a,0xa63a,0xa61a,0x9df9,0x9df9,0x9df9,0x9e19,0x9e19,0x9e19,0x95f9,0x95f9,0x95f9,
0x95f9,0x95f9,0x95f9,0x8db8,0x8db8,0x8db8,0x8dd8,0x8dd8,0x8dd8,0x8d98,0x8d98,0x8d98,0x8d98,0x8d98,0x8d98,0x8598,0x8598,0x8598,0x8598,0x8598,0x8598,0x8578,0x8578,0x8578,
0x7d57,0x7d57,0x7d57,0x8577,0x8577,0x8577,0x7d77,0x7d77,0x7d77,0x8598,0x8598,0x8598,0x7d77,0x7d77,0x7d77,0x8577,0x8577,0x8577,0x8577,0x8577,0x8577,0x8578,0x8578,0x8578,
0x8598,0x8598,0x8598,0x8598,0x8577,0x8577,0x8598,0x8598,0x8598,0x8598,0x8598,0x8598,0x85b8,0x8db8,0x8db8,0x8db8,0x8d98,0x8d98,0x8db8,0x8df8,0x8dd8,0x8dd8,0x8d98,0x8d98,
0x8d98,0x8db8,0x8db8,0x8db8,0x8db8,0x8db8,0x8db8,0x95d8,0x95d8,0x95d8,0x9df8,0xae39,0xbe99,0xcedb,0xdf1c,0xef7c,0xffbe,0xe75c,0xd71b,0xc6ba,0xb65a,0xa619,0x8db8,0x8598,
0x8598,0x8598,0x8598,0x8598,0x8db8,0x8db8,0x8db8,0x8d98,0x8d98,0x8d98,0x8598,0x8578,0x8578,0x8598,0x8598,0x8598,0x8598,0x8577,0x8577,0x8598,0x8598,0x8598,0x8598,0x8577,
0x8577,0x8598,0x8598,0x8598,0x8598,0x8db8,0x8db8,0x8db8,0x8dd8,0x8dd8,0x8dd8,0x8dd8,0x8dd8,0x8dd8,0x95d8,0x95d8,0x95d8,0x95d8,0x95d8,0x95d8,0x9e19,0x9e19,0x9e19,0xa63a,
0xa63a,0xa63a,0xae5a,0xae5a,0xae5a,0xb67b,0xb67b,0xb67b,0xb69b,0xb69b,0xb69b,0xbe9a,0xbe9a,0xbe9a,0xbedb,0xc6db,0xc6db,0xc6fb,0xc6fb,0xcefb,0xcedb,0xcedb,0xc6db,0xc6db,
0xc6db,0xc6db,0xc6dc,0xc6dc,0xc6fc,0xcefc,0xcefc,0xcefc,0xcefc,0xcefc,0xcefc,0xc6fb,0xc6fb,0xc6fb,0xcefb,0xcefc,0xcefc,0xcefb,0xcf1b,0xd73b,0xdf5c,0xef7c,0xef9c,0xf7bc,
0xf7bc,0xf7bc,0xf7bc,0xf7bc,0xf7bc,0xf7bc,0xf7bc,0xf7bc,0xf7bc,0xef9c,0xef7c,0xe75c,0xdf3b,0xd71b,0xd71b,0xcf1c,0xcf1c,0xcf1c,0xcefc,0xcefc,0xcefc,0xcf1c,0xcf1c,0xcf1c,
0xcf1c,0xcf1c,0xcefc,0xc6fc,0xc6fc,0xc6dc,0xc6dc,0xc6dc,0xc6dc,0xc6bb,0xc6bb,0xc6bb,0xc6dc,0xc6dc,0xc6dc,0xbebc,0xbebc,0xbebc,0xc6bb,0xc6bb,0xc6bb,0xc6dc,0xc6dc,0xc6dc,
0xbebb,0xbebb,0xbebb,0xbebb,0xbedb,0xbedb,0xbebb,0xbebb,0xbebb,0xbe9b,0xbe9b,0xbe9b,0xb67b,0xb67a,0xb67a,0xb67a,0xae5b,0xae5a,0xae5a,0xae5a,0xae5b,0xae5a,0xae5a,0xae5a,
0xae3a,0xa619,0xa639,0xa639,0xa619,0xa619,0xa63a,0xa63a,0xa63a,0xa61a,0x9df9,0x9df9,0x9df9,0x95f9,0x95f9,0x95f9,0x95d8,0x95d8,0x95d8,0x8db8,0x8db8,0x8db8,0x8db8,0x8db8,
0x8db8,0x8598,0x8598,0x8598,0x8598,0x8598,0x8598,0x8598,0x8598,0x8598,0x8598,0x8598,0x8598,0x8598,0x8598,0x8598,0x8598,0x8598,0x8598,0x8598,0x8598,0x8598,0x8577,0x8577,
0x8577,0x8577,0x8577,0x8577,0x8577,0x8577,0x8577,0x8598,0x8598,0x8598,0x8578,0x8578,0x8578,0x8578,0x8578,0x8578,0x8598,0x8598,0x8598,0x8598,0x8577,0x8577,0x8598,0x8598,
0x8598,0x8598,0x8db8,0x8db8,0x8db8,0x8db8,0x8db8,0x8db8,0x8db8,0x8db8,0x8db8,0x8db8,0x8db8,0x8db8,0x8db8,0x8db8,0x8db8,0x8db8,0x8db8,0x8db8,0x95d9,0x95d9,0x95d9,0x95d9,
0x95d9,0x95d9,0x95d8,0xa639,0xb679,0xcedb,0xdf1c,0xef7c,0xffbe,0xe75c,0xd71b,0xc6ba,0xb65a,0xa619,0x85b8,0x8598,0x8598,0x8598,0x8598,0x8598,0x8db8,0x8db8,0x8db8,0x8d98,
0x8d98,0x8d98,0x8578,0x8578,0x8578,0x8598,0x8598,0x8598,0x8578,0x8577,0x8577,0x8598,0x8598,0x8598,0x8598,0x8577,0x8577,0x8598,0x8598,0x8598,0x85b8,0x8db8,0x8db8,0x8dd8,
0x8dd8,0x8dd8,0x8dd8,0x8dd8,0x8dd8,0x8dd8,0x95d8,0x95d8,0x95d8,0x95d8,0x95d8,0x95f8,0x9e19,0x9e19,0x9e19,0xa63a,0xa63a,0xa63a,0xae5a,0xae5a,0xae7a,0xb67b,0xb67b,0xb67b,
0xb69b,0xb69b,0xb69b,0xbe9a,0xbe9a,0xbe9a,0xbedb,0xc6db,0xc6db,0xc6fb,0xcefb,0xcefb,0xcedb,0xcedb,0xc6db,0xc6db,0xc6db,0xc6db,0xc6dc,0xc6fc,0xc6fc,0xcefc,0xcefc,0xcefc,
0xcedc,0xcedb,0xcefb,0xc6fb,0xc6fb,0xc6fb,0xcefb,0xcefb,0xcefb,0xcefb,0xcefb,0xd73b,0xdf5c,0xef7c,0xef9c,0xf7bc,0xf7bc,0xf7bc,0xf7bc,0xf7bc,0xf7bc,0xf7bc,0xf7bc,0xf7bc,
0xf7bc,0xef9c,0xef7d,0xe75c,0xdf3b,0xd71b,0xd71c,0xcf1d,0xcf1c,0xcf1c,0xcefb,0xcefb,0xcefc,0xcf1d,0xcf1c,0xcf1c,0xcf1c,0xcf1c,0xcf1c,0xc6fb,0xc6fb,0xc6db,0xc6db,0xc6db,
0xc6db,0xc6bb,0xc6bb,0xc6bb,0xc6dc,0xc6dc,0xc6dc,0xbebb,0xbebb,0xbebb,0xc6bb,0xc6bb,0xc6bb,0xc6dc,0xc6dc,0xc6dc,0xbebb,0xbebb,0xbebb,0xbedb,0xbedb,0xbedb,0xbebb,0xbebb,
0xbebb,0xbe9b,0xbe9b,0xbe9b,0xb67b,0xb67a,0xb67a,0xae7a,0xae5a,0xae5a,0xae5a,0xae5a,0xae5a,0xae5a,0xae5a,0xae5a,0xae3a,0xa619,0xa619,0xa619,0xa619,0xa619,0xa63a,0xa63a,
0xa63a,0xa61a,0x9df9,0x9df9,0x9df9,0x95f9,0x95f9,0x95f9,0x95d8,0x95d8,0x95d8,0x8db8,0x8db8,0x8db8,0x8db8,0x8db8,0x8db8,0x8598,0x8598,0x8598,0x8598,0x8598,0x8598,0x8598,
0x8598,0x8598,0x8598,0x8598,0x8598,0x8598,0x8598,0x8598,0x8598,0x8598,0x8598,0x8598,0x8598,0x8598,0x8577,0x8577,0x8577,0x8577,0x8577,0x8577,0x8577,0x8577,0x8577,0x8598,
0x8598,0x8598,0x8578,0x8578,0x8578,0x8578,0x8578,0x8578,0x8598,0x8598,0x8598,0x8598,0x8577,0x8577,0x8598,0x8598,0x8598,0x85b8,0x8db8,0x8db8,0x8db8,0x8db8,0x8db8,0x8db8,
0x8db8,0x8db8,0x8db8,0x8d98,0x8d98,0x8d98,0x8db8,0x8db8,0x8db8,0x8db8,0x8db8,0x8db8,0x95d9,0x95d9,0x95d9,0x95d9,0x95d9,0x95d9,0x95d8,0xa619,0xb679,0xcedb,0xdf1c,0xef7c,
0xffbe,0xe75c,0xd71b,0xc6ba,0xb65a,0xa619,0x85b8,0x8598,0x8598,0x8598,0x8598,0x8598,0x8db8,0x8db8,0x8db8,0x8d98,0x8d98,0x8d98,0x8578,0x8578,0x8578,0x8598,0x8598,0x8598,
0x8578,0x8577,0x8577,0x8598,0x8598,0x8598,0x8598,0x8577,0x8577,0x8598,0x8598,0x8598,0x85b8,0x8db8,0x8db8,0x8dd8,0x8dd8,0x8dd8,0x8dd8,0x8dd8,0x8dd8,0x8dd8,0x95d8,0x95d8,
0x95d8,0x95d8,0x95d8,0x95f8,0x9e19,0x9e19,0x9e19,0xa63a,0xa63a,0xa63a,0xae5a,0xae7a,0xae7a,0xb67b,0xb67b,0xb67b,0xb69b,0xbebb,0xbebb,0xbe9a,0xbe9a,0xbe9a,0xbedb,0xc6db,
0xc6db,0xc6fb,0xc71b,0xcf1b,0xcefb,0xcefb,0xcedb,0xc6db,0xc6db,0xc6db,0xc6fc,0xc6fc,0xc6fc,0xcefc,0xcefc,0xcefd,0xcedc,0xcedb,0xcefb,0xc6fb,0xc6fb,0xc6fb,0xcefb,0xcefb,
0xcefb,0xcefb,0xcefb,0xd73b,0xdf5c,0xef7d,0xef9c,0xf7bc,0xf7bc,0xf7bc,0xf7bc,0xf7bc,0xf7bc,0xf7bc,0xf7bc,0xf7bc,0xf7bc,0xef9c,0xef7c,0xe75c,0xdf3b,0xd71b,0xd71b,0xcf1c,
0xcf1c,0xcf1c,0xcefb,0xcefb,0xcefc,0xcf1c,0xcf1c,0xcf1c,0xcf1c,0xcf1c,0xcf1c,0xc6fb,0xc6fb,0xc6db,0xc6db,0xc6db,0xc6db,0xc6bb,0xc6bb,0xc6bb,0xc6dc,0xc6dc,0xc6dc,0xbebb,
0xbebb,0xbebb,0xc6bb,0xc6bb,0xc6bb,0xc6dc,0xc6dc,0xc6dc,0xbebb,0xbebb,0xbebb,0xbedb,0xbedb,0xbedb,0xbebb,0xbebb,0xbebb,0xbe9b,0xbe9b,0xbe9b,0xb67a,0xb67a,0xb67a,0xae7a,
0xae5a,0xae5a,0xae5a,0xae5a,0xae5a,0xae5a,0xae5a,0xae5a,0xae3a,0xa619,0xa619,0xa619,0xa619,0xa619,0xa63a,0xa63a,0xa63a,0xa61a,0x9df9,0x9df9,0x9df9,0x95f9,0x95f9,0x95f9,
0x95d8,0x95d8,0x95d8,0x8db8,0x8db8,0x8db8,0x8db8,0x8db8,0x8db8,0x8598,0x8598,0x8598,0x8598,0x8598,0x8598,0x8598,0x8598,0x8598,0x8598,0x8598,0x8598,0x8598,0x8598,0x8598,
0x8598,0x8598,0x8598,0x8598,0x8598,0x8598,0x8577,0x8577,0x8577,0x8577,0x8577,0x8577,0x8577,0x8577,0x8577,0x8598,0x8598,0x8598,0x8578,0x8578,0x8578,0x8578,0x8578,0x8578,
0x8598,0x8598,0x8598,0x8598,0x8577,0x8577,0x8598,0x8598,0x8598,0x85b8,0x8db8,0x8db8,0x8db8,0x8db8,0x8db8,0x8db8,0x8db8,0x8db8,0x8db8,0x8d98,0x8d98,0x8d98,0x8db8,0x8db8,
0x8db8,0x8db8,0x8db8,0x8db8,0x95d9,0x95d9,0x95d9,0x95d9,0x95d9,0x95d9,0x95d8,0xa619,0xb679,0xcedb,0xdf1c,0xef7c,0xffbe,0xe75c,0xd71b,0xc6ba,0xb65a,0xa619,0x8db8,0x8db8,
0x8db8,0x8db8,0x8db8,0x8db8,0x85b8,0x8598,0x8598,0x8db8,0x8db8,0x8db8,0x8d98,0x8d98,0x8d98,0x8598,0x8598,0x8598,0x8578,0x8577,0x8577,0x8577,0x8577,0x8577,0x8598,0x8598,
0x8598,0x8598,0x8598,0x8598,0x8598,0x8598,0x8598,0x8db8,0x8db8,0x8db8,0x8dd8,0x95d9,0x95d9,0x95d9,0x95d9,0x95d9,0x95d9,0x9df9,0x9df9,0x9df9,0x9e19,0x9df9,0x9e19,0xa63a,
0xa63a,0xa63a,0xae5a,0xae7a,0xae7a,0xbe9b,0xbe9b,0xbe9b,0xbebb,0xbebb,0xbebb,0xbedb,0xbebb,0xbebb,0xc6db,0xc6db,0xcedb,0xcf1c,0xcf1c,0xd73c,0xd6fb,0xd6fb,0xcefb,0xcefc,
0xcefc,0xc6fc,0xc6fc,0xc6fc,0xc6fc,0xcefc,0xcefc,0xcefc,0xcefc,0xcefc,0xcefc,0xc6fb,0xc6fb,0xc6fb,0xcefb,0xcefb,0xcefb,0xcefb,0xcefb,0xd71b,0xdf5c,0xe77c,0xef7c,0xf79c,
0xf7bc,0xf7bc,0xf7bc,0xf7bc,0xf7bc,0xf7bc,0xf7bc,0xf7bc,0xf7bc,0xef9c,0xef7c,0xe75c,0xdf3c,0xd71c,0xd71c,0xcf1c,0xcf1c,0xcf1c,0xcefb,0xcefb,0xcefc,0xcf1c,0xcf1c,0xcf1c,
0xcefc,0xcefc,0xcefc,0xc6fb,0xc6db,0xc6db,0xc6dc,0xc6dc,0xc6dc,0xc6db,0xc6db,0xc6db,0xc6dc,0xc6dc,0xc6dc,0xc6dc,0xc6dc,0xc6dc,0xc6db,0xc6db,0xc6db,0xc6dc,0xbebc,0xbebc,
0xbebb,0xbebb,0xbebb,0xbebb,0xbebb,0xbebb,0xbebb,0xbebb,0xbebb,0xbe9b,0xb69b,0xb69b,0xbe9b,0xbe9b,0xbe9b,0xb67b,0xb67b,0xb67b,0xb67b,0xb67b,0xb67b,0xae5b,0xae5a,0xae5a,
0xae3a,0xa619,0xa619,0xa619,0xa63a,0xa63a,0xa63a,0xa61a,0xa63a,0xa61a,0x9e19,0x9e19,0x9df9,0x95d8,0x95d8,0x95f9,0x95f9,0x95f9,0x95f9,0x95d9,0x95d9,0x95d9,0x8db8,0x8db8,
0x8db8,0x8598,0x8598,0x8598,0x8db8,0x8db8,0x8db8,0x8db8,0x8db8,0x8db8,0x8598,0x8598,0x8598,0x8598,0x8598,0x8598,0x8578,0x8577,0x8577,0x8577,0x8577,0x8577,0x8598,0x8598,
0x8598,0x8598,0x8598,0x8598,0x8598,0x8598,0x8598,0x8598,0x8578,0x8578,0x8598,0x8598,0x8598,0x8598,0x8598,0x8598,0x8598,0x8598,0x8598,0x8598,0x8598,0x8598,0x8598,0x8598,
0x8598,0x85b8,0x8db8,0x8db8,0x8db8,0x8597,0x8597,0x8d98,0x8d98,0x8d98,0x8db8,0x8db8,0x8db8,0x8db8,0x8dd8,0x8dd8,0x8dd8,0x95d9,0x95d9,0x95d9,0x8db8,0x8db8,0x8db8,0x8db8,
0x8db8,0x8dd9,0x9dd9,0xa639,0xb69a,0xcedb,0xdf3c,0xef5c,0xffbe,0xe75c,0xd71b,0xc6ba,0xb65a,0xa619,0x8dd8,0x8db8,0x8db8,0x8db8,0x8db8,0x8db8,0x8598,0x8598,0x8598,0x8db8,
0x8db8,0x8db8,0x8d98,0x8d98,0x8d98,0x8598,0x8598,0x8598,0x8578,0x8577,0x8577,0x8577,0x8577,0x8577,0x8598,0x8598,0x8598,0x8598,0x8598,0x8598,0x8598,0x8598,0x8598,0x85b8,
0x8db8,0x8db8,0x8dd9,0x95d9,0x95d9,0x95d9,0x95d9,0x95d9,0x95d9,0x9df9,0x9df9,0x9df9,0x9df9,0x9df9,0x9e19,0xa63a,0xa63a,0xa63a,0xae5a,0xae7a,0xae7a,0xbe9b,0xbe9b,0xbe9b,
0xbebb,0xbebb,0xbebb,0xbedb,0xbedb,0xbedb,0xc6db,0xcedb,0xcedb,0xcf1c,0xd73c,0xd73c,0xd71b,0xd6fb,0xcefb,0xcefc,0xcefc,0xc6fc,0xc6fc,0xc6fc,0xc6fc,0xcefc,0xcefb,0xcefb,
0xcefc,0xcefc,0xcefd,0xc6fc,0xc6fb,0xc6fb,0xcefb,0xcefb,0xcefb,0xcefb,0xcefb,0xd71b,0xdf3b,0xdf5b,0xef7b,0xf79c,0xf7bc,0xf7bc,0xf7bc,0xf7bc,0xf7bc,0xf7bc,0xf7bc,0xf7bc,
0xf79c,0xef9c,0xe75c,0xe75c,0xdf3c,0xd71c,0xd71c,0xcf1c,0xcf1c,0xcf1c,0xcefb,0xcefb,0xcefc,0xcf1c,0xcf1c,0xcf1c,0xcedb,0xcedb,0xcedb,0xc6fb,0xc6db,0xc6db,0xc6dc,0xc6dc,
0xc6dc,0xc6db,0xc6db,0xc6db,0xc6db,0xc6db,0xc6db,0xc6dc,0xc6dc,0xc6dc,0xc6db,0xc6db,0xc6db,0xbebb,0xbebb,0xbebb,0xbebb,0xbebb,0xbebb,0xbe9b,0xbe9b,0xbe9b,0xbebb,0xbebb,
0xbebb,0xb69b,0xb69b,0xb69b,0xbe9b,0xbe9b,0xbe9b,0xb69b,0xb67b,0xb67b,0xb67b,0xb67b,0xb67c,0xb67b,0xae5a,0xae5a,0xae3a,0xa619,0xa619,0xa63a,0xa63a,0xa63a,0xa63a,0xa61a,
0xa61a,0xa61a,0x9e19,0x9e19,0x9e19,0x95d8,0x95d8,0x95d8,0x95f9,0x95f9,0x95f9,0x95d9,0x95d9,0x95d9,0x8db8,0x8db8,0x8db8,0x8598,0x8598,0x8598,0x8db8,0x8db8,0x8db8,0x8db8,
0x8db8,0x8db8,0x8598,0x8598,0x8598,0x8598,0x8598,0x8598,0x8577,0x8577,0x8577,0x8577,0x8577,0x8577,0x8598,0x8598,0x8598,0x8598,0x8598,0x8598,0x8598,0x8598,0x8598,0x8578,
0x8578,0x8578,0x8598,0x8598,0x8598,0x8598,0x8598,0x8598,0x8598,0x8598,0x8598,0x8598,0x8598,0x8598,0x8598,0x8598,0x8598,0x85b8,0x8db8,0x8db8,0x8d98,0x8577,0x8577,0x8578,
0x8d98,0x8d98,0x8d98,0x8db8,0x8db8,0x8db8,0x8dd8,0x8dd8,0x8dd8,0x95d9,0x95d9,0x95d9,0x8db8,0x8db8,0x8db8,0x8db8,0x8db8,0x8db8,0x9df9,0xae3a,0xbe9a,0xcefb,0xdf3c,0xef5c,
0xffbe,0xe75c,0xd71b,0xc6ba,0xb65a,0xa619,0x8dd8,0x8db8,0x8db8,0x8db8,0x8db8,0x8db8,0x8598,0x8598,0x8598,0x8db8,0x8db8,0x8db8,0x8d98,0x8d98,0x8d98,0x8598,0x8598,0x8598,
0x8578,0x8577,0x8577,0x8577,0x8577,0x8577,0x8598,0x8598,0x8598,0x8598,0x8598,0x8598,0x8598,0x8598,0x8598,0x85b8,0x8db8,0x8db8,0x8dd9,0x95d9,0x95d9,0x95d9,0x95d9,0x95d9,
0x95d9,0x9df9,0x9df9,0x9df9,0x9df9,0x9df9,0x9df9,0xa63a,0xa63a,0xa63a,0xae7a,0xae7a,0xae7a,0xbe9b,0xbebb,0xbebb,0xbebb,0xbebb,0xbebb,0xbedb,0xc6fb,0xc6fb,0xc6db,0xcedb,
0xcedb,0xcf1c,0xcf3c,0xd73c,0xd71b,0xd6fb,0xcefb,0xcefc,0xcefc,0xcefc,0xcf1c,0xcf1c,0xc6fc,0xcefc,0xcefb,0xcefb,0xcefc,0xcefc,0xcefc,0xc6fc,0xc6fb,0xc6fb,0xc6fb,0xc6fb,
0xcefb,0xcefb,0xcefb,0xd6fb,0xdf1b,0xe73b,0xe75b,0xef7b,0xefbb,0xffbc,0xf7bc,0xf7bc,0xf7bc,0xf7bc,0xffbc,0xef9c,0xef9c,0xe77c,0xe75c,0xdf5c,0xd73c,0xd71c,0xd71c,0xcf1c,
0xcf1c,0xcf1c,0xcefb,0xcefb,0xcefb,0xcf1c,0xcf1c,0xcf1c,0xcedb,0xcedb,0xcedb,0xc6fb,0xc6db,0xc6db,0xc6dc,0xc6dc,0xc6dc,0xc6db,0xc6db,0xc6db,0xc6db,0xc6db,0xc6db,0xc6dc,
0xc6dc,0xc6dc,0xc6db,0xc6db,0xc6db,0xbebb,0xbebb,0xbebb,0xbebb,0xbebb,0xbebb,0xbe9b,0xbe9b,0xbe9b,0xbebb,0xbebb,0xbebb,0xb69b,0xb69b,0xb69b,0xbe9b,0xbe9b,0xbe9b,0xb69b,
0xb67b,0xb67b,0xb67b,0xb67b,0xb67b,0xb67b,0xae5a,0xae5a,0xae3a,0xa619,0xa619,0xa639,0xa63a,0xa63a,0xa63a,0xa61a,0xa61a,0xa61a,0x9e19,0x9e19,0x9e19,0x95d8,0x95d8,0x95d8,
0x95f9,0x95f9,0x95f9,0x95d9,0x95d9,0x95d9,0x8db8,0x8db8,0x8db8,0x8598,0x8598,0x8598,0x8db8,0x8db8,0x8db8,0x8db8,0x8db8,0x8db8,0x8598,0x8598,0x8598,0x8598,0x8598,0x8598,
0x8577,0x8577,0x8577,0x8577,0x8577,0x8577,0x8598,0x8598,0x8598,0x8598,0x8598,0x8598,0x8598,0x8598,0x8598,0x8578,0x8578,0x8578,0x8598,0x8598,0x8598,0x8598,0x8598,0x8598,
0x8598,0x8598,0x8598,0x8598,0x8598,0x8598,0x8598,0x8598,0x8598,0x85b8,0x8db8,0x8db8,0x8d98,0x8577,0x8577,0x8578,0x8d98,0x8d98,0x8d98,0x8db8,0x8db8,0x8db8,0x8dd8,0x8dd8,
0x8dd8,0x95d9,0x95d9,0x95d9,0x8db8,0x8db8,0x8db8,0x8db8,0x8db8,0x8db8,0x9df9,0xae3a,0xbe9a,0xcefb,0xdf3c,0xef5c,0xffbe,0xe75c,0xd71b,0xc6da,0xb67a,0xa639,0x8db8,0x8598,
0x8598,0x8d98,0x8d98,0x8d98,0x8d98,0x8d98,0x8d98,0x8598,0x8598,0x8598,0x8598,0x8578,0x8577,0x8598,0x8598,0x8598,0x8578,0x8578,0x8578,0x8578,0x8578,0x8578,0x8578,0x8578,
0x8577,0x8598,0x8598,0x8598,0x8598,0x8598,0x8598,0x85b8,0x8db8,0x8db8,0x8db8,0x8db9,0x8db8,0x95d9,0x95d9,0x95d9,0x95f9,0x9e19,0x9e19,0x9e19,0xa61a,0xa61a,0xa63a,0xae5a,
0xae5a,0xae5a,0xb67a,0xb67a,0xb67a,0xb69b,0xbebb,0xbebb,0xbebb,0xbebb,0xbebb,0xc6db,0xc6db,0xc6db,0xc6fc,0xcefc,0xcefc,0xd71c,0xd73c,0xd73c,0xdf3c,0xdf3c,0xdf1c,0xd71c,
0xd71c,0xd71c,0xd71c,0xd71c,0xcf1c,0xcf1c,0xcf1c,0xcf1c,0xcefc,0xcefc,0xcefc,0xcefc,0xcefb,0xcefb,0xcefb,0xcefb,0xcefb,0xcefb,0xcefb,0xcf1b,0xd71b,0xdf3b,0xe73b,0xe75b,
0xef7b,0xef9c,0xef9c,0xf7bc,0xf7bc,0xef9c,0xef9c,0xef9c,0xe77c,0xe77c,0xdf5c,0xd73c,0xd71c,0xd71c,0xcf1c,0xcefc,0xcefc,0xcf1c,0xcf1c,0xcf1c,0xcf1c,0xcf1c,0xcf1c,0xcf1c,
0xcefc,0xcefc,0xc6fc,0xc6fb,0xc6fb,0xc6db,0xc6dc,0xc6dc,0xc6dc,0xc6dc,0xc6dc,0xc6dc,0xc6fc,0xc6fc,0xc6fc,0xc6bc,0xc6bc,0xc6bc,0xc6dc,0xc6dc,0xc6dc,0xc6dc,0xc6dc,0xc6dc,
0xbebb,0xbebb,0xbebb,0xbebb,0xbebb,0xbebb,0xbebb,0xbe9b,0xbe9b,0xb69b,0xb69b,0xb69b,0xb69b,0xb67b,0xbe7b,0xb67b,0xb67b,0xb67b,0xb67b,0xb67b,0xb67b,0xb67b,0xae5a,0xae5a,
0xae3a,0xa63a,0xa63a,0xa63a,0xa63a,0xa63a,0xa63a,0xa619,0xa61a,0xa619,0x9df9,0x9e19,0x9df9,0x95f9,0x95f9,0x95f9,0x95f9,0x95f9,0x95f9,0x95d8,0x95d9,0x95d9,0x8db8,0x8db8,
0x8db8,0x8db8,0x8db8,0x8db8,0x8d98,0x8d98,0x8d98,0x8db8,0x8db8,0x8db8,0x8d98,0x8d98,0x8d98,0x8598,0x8598,0x8598,0x8598,0x8598,0x8598,0x8598,0x8d98,0x8d98,0x8598,0x8598,
0x8598,0x8598,0x8598,0x8598,0x8598,0x8598,0x8598,0x8578,0x8577,0x8578,0x8578,0x8578,0x8577,0x8598,0x8d98,0x8d98,0x8598,0x8598,0x8598,0x8598,0x8598,0x8598,0x8598,0x8db8,
0x8db8,0x8db8,0x8d98,0x8db8,0x8d98,0x8d98,0x8d98,0x8d98,0x8d98,0x8d98,0x8d98,0x8db8,0x8db8,0x8db8,0x8db8,0x8db8,0x8dd8,0x95d9,0x95d9,0x95d9,0x95d9,0x95d9,0x95d9,0x95d8,
0x95d8,0x95d8,0x9df8,0xae39,0xbe9a,0xcedb,0xdf1c,0xef7c,0xffbe,0xe75c,0xd71b,0xc6da,0xb67a,0xa639,0x85b8,0x8598,0x8598,0x8d98,0x8d98,0x8d98,0x8d98,0x8d98,0x8d98,0x8598,
0x8598,0x8598,0x8577,0x8577,0x8577,0x8598,0x8598,0x8598,0x8578,0x8578,0x8578,0x8578,0x8578,0x8578,0x8578,0x8577,0x8577,0x8598,0x8598,0x8598,0x8598,0x8598,0x8598,0x85b8,
0x8db8,0x8db8,0x8db8,0x8db8,0x8db8,0x8db9,0x95d9,0x95d9,0x95f9,0x9e19,0x9e19,0x9e19,0xa63a,0xa63a,0xa65a,0xae5a,0xae5a,0xae7a,0xb67a,0xb67a,0xb67a,0xb69b,0xbebb,0xbebb,
0xbebb,0xbebb,0xbebb,0xc6db,0xc6db,0xc6db,0xc6fc,0xcefc,0xcefc,0xd71c,0xd73c,0xd73c,0xdf5c,0xdf5c,0xdf3c,0xdf3c,0xd73c,0xd71c,0xd71c,0xd71c,0xcf1c,0xcf1c,0xcf1c,0xcf1c,
0xcefc,0xcefc,0xcefc,0xcefc,0xcefb,0xcefb,0xcefb,0xcefb,0xcefb,0xcefb,0xcefb,0xcf1b,0xd71b,0xd71b,0xdf3b,0xe73b,0xe75b,0xe77b,0xef7c,0xef9c,0xef9c,0xef7c,0xe77c,0xe77c,
0xe75c,0xdf5b,0xd73b,0xd73b,0xd71b,0xcf1b,0xcf1b,0xcefb,0xcefb,0xcefc,0xcf1d,0xcf1c,0xcf1c,0xcf1c,0xcf1c,0xcf1c,0xcf1c,0xcefc,0xc6fc,0xc6fb,0xc6fb,0xc6db,0xc6db,0xc6db,
0xc6db,0xc6dc,0xc6dc,0xc6dc,0xc6fc,0xc6fc,0xc6fc,0xc6bb,0xc6bb,0xc6bb,0xc6dc,0xc6dc,0xc6dc,0xc6dc,0xc6dc,0xc6dc,0xbebb,0xbebb,0xbebb,0xbebb,0xbebb,0xbebb,0xbe9b,0xbe9b,
0xbe9b,0xb69b,0xb69b,0xb69b,0xb67b,0xb67a,0xb67a,0xb67a,0xb67a,0xb67a,0xb67b,0xb67b,0xb67b,0xb67b,0xae5a,0xae5a,0xae5a,0xa63a,0xa63a,0xa63a,0xa63a,0xa63a,0xa63a,0xa619,
0xa619,0xa619,0x9df9,0x9df9,0x9df9,0x95f9,0x95f9,0x95f9,0x95f9,0x95f9,0x95f9,0x95d8,0x95d8,0x95d8,0x8db8,0x8db8,0x8db8,0x8db8,0x8db8,0x8db8,0x8d98,0x8d98,0x8d98,0x8db8,
0x8db8,0x8db8,0x8d98,0x8d98,0x8d98,0x8598,0x8598,0x8598,0x8598,0x8598,0x8598,0x8db8,0x8db8,0x8db8,0x8598,0x8598,0x8598,0x8598,0x8598,0x8598,0x8598,0x8598,0x8598,0x8577,
0x8577,0x8577,0x8577,0x8577,0x8577,0x8d98,0x8d98,0x8d98,0x8598,0x8598,0x8598,0x8598,0x8598,0x8598,0x85b8,0x8db8,0x8db8,0x8db8,0x8d98,0x8d98,0x8d98,0x8d98,0x8d98,0x8d98,
0x8d98,0x8d98,0x8d98,0x8db8,0x8db8,0x8db8,0x8db8,0x8db8,0x8db8,0x95d8,0x95d8,0x95d8,0x95d9,0x95d9,0x95d9,0x95d8,0x95d8,0x95d8,0x9df8,0xae39,0xbe99,0xcedb,0xdf1c,0xef7c,
0xffbe,0xe75c,0xd71b,0xc6da,0xb67a,0xa639,0x85b8,0x8598,0x8598,0x8d98,0x8d98,0x8d98,0x8d98,0x8d98,0x8d98,0x8598,0x8598,0x8598,0x8577,0x8577,0x8577,0x8598,0x8598,0x8598,
0x8578,0x8578,0x8578,0x8578,0x8578,0x8578,0x8578,0x8577,0x8577,0x8598,0x8598,0x8598,0x8598,0x8598,0x8598,0x85b8,0x8db8,0x8db8,0x8db8,0x8db8,0x8db8,0x8db9,0x95d9,0x95d9,
0x95f9,0x9e19,0x9e19,0x9e19,0xa63a,0xa63a,0xa63a,0xae5a,0xae7a,0xae7a,0xb67a,0xb67a,0xb67a,0xbebb,0xbebb,0xbebb,0xbebb,0xbebb,0xbebb,0xc6db,0xc6db,0xc6db,0xc6fc,0xcefc,
0xcefc,0xd71c,0xdf3c,0xdf3c,0xdf5c,0xdf5c,0xdf5c,0xdf5c,0xdf5c,0xdf3c,0xd73c,0xd73c,0xd71c,0xd73c,0xd73c,0xcf1c,0xcefc,0xcefc,0xcefd,0xcefc,0xcefb,0xcefb,0xcefb,0xcefb,
0xcefb,0xcefb,0xcefb,0xcefb,0xcf1b,0xcf1b,0xd71b,0xd73b,0xd75b,0xdf5b,0xdf5c,0xdf5c,0xdf5c,0xdf5c,0xdf5c,0xe73d,0xdf3c,0xd73b,0xd71b,0xd71b,0xcf1b,0xcf1b,0xcf1b,0xcefb,
0xcefb,0xcefc,0xcf1c,0xcf1c,0xcf1c,0xcf1c,0xcf1c,0xcf1c,0xcf1c,0xcefc,0xc6fc,0xc6fb,0xc6fb,0xc6db,0xc6db,0xc6db,0xc6db,0xc6dc,0xc6dc,0xc6dc,0xc6fc,0xc6fc,0xc6fc,0xc6bb,
0xc6bb,0xc6bb,0xc6dc,0xc6dc,0xc6dc,0xc6dc,0xc6dc,0xc6dc,0xbebb,0xbebb,0xbebb,0xbebb,0xbebb,0xbebb,0xbe9b,0xbe9b,0xbe9b,0xb69b,0xb69b,0xb69b,0xb67b,0xb67a,0xb67a,0xb67a,
0xb67a,0xb67a,0xb67b,0xb67b,0xb67b,0xb67b,0xae5a,0xae5a,0xae5a,0xa63a,0xa63a,0xa63a,0xa63a,0xa63a,0xa63a,0xa619,0xa619,0xa619,0x9df9,0x9df9,0x9df9,0x95f9,0x95f9,0x95f9,
0x95f9,0x95f9,0x95f9,0x95d8,0x95d8,0x95d8,0x8db8,0x8db8,0x8db8,0x8db8,0x8db8,0x8db8,0x8d98,0x8d98,0x8d98,0x8db8,0x8db8,0x8db8,0x8d98,0x8d98,0x8d98,0x8598,0x8598,0x8598,
0x8598,0x8598,0x8598,0x8db8,0x8db8,0x8db8,0x8598,0x8598,0x8598,0x8598,0x8598,0x8598,0x8598,0x8598,0x8598,0x8577,0x8577,0x8577,0x8577,0x8577,0x8577,0x8d98,0x8d98,0x8d98,
0x8598,0x8598,0x8598,0x8598,0x8598,0x8598,0x85b8,0x8db8,0x8db8,0x8db8,0x8d98,0x8d98,0x8d98,0x8d98,0x8d98,0x8d98,0x8d98,0x8d98,0x8d98,0x8db8,0x8db8,0x8db8,0x8db8,0x8db8,
0x8db8,0x95d8,0x95d8,0x95d8,0x95d9,0x95d9,0x95d9,0x95d8,0x95d8,0x95d8,0x9df8,0xae39,0xbe99,0xcedb,0xdf1c,0xef7c,0xffbe,0xe75c,0xd71b,0xc6ba,0xb67a,0xa619,0x8db8,0x8598,
0x8d98,0x8db8,0x8db8,0x8db8,0x8db8,0x8db8,0x8db8,0x8598,0x8598,0x8598,0x8598,0x8598,0x8598,0x8598,0x8598,0x8598,0x8578,0x8578,0x8578,0x8578,0x8578,0x8578,0x8578,0x8598,
0x8598,0x8598,0x8598,0x8598,0x8598,0x8598,0x8578,0x8598,0x8db8,0x8db8,0x8db8,0x8db8,0x8db8,0x8db8,0x95d9,0x95d9,0x95d9,0x9e19,0x9df9,0x9e19,0xa63a,0xa63a,0xa65a,0xae7a,
0xae7a,0xae7a,0xb67b,0xb67b,0xb69b,0xbedb,0xbedb,0xbedb,0xbedb,0xc6db,0xc6db,0xc6fc,0xc6fc,0xc6fc,0xcf1c,0xcf1c,0xd71c,0xd73c,0xdf3c,0xdf5c,0xdf5c,0xdf5c,0xdf5c,0xdf5c,
0xdf5c,0xdf5c,0xdf5c,0xdf3c,0xdf3c,0xd73c,0xd73c,0xd73c,0xcf1c,0xcefc,0xcefc,0xcefb,0xcefb,0xcefb,0xcefb,0xcefb,0xcefb,0xcefb,0xcefb,0xcefb,0xcf1c,0xcf1c,0xd71c,0xd71c,
0xd73b,0xdf3b,0xdf3c,0xdf5c,0xdf5c,0xdf5c,0xdf5c,0xdf3c,0xdf1c,0xd71b,0xd71b,0xcf1c,0xcf1c,0xcf1c,0xcefc,0xcefb,0xcefb,0xcefc,0xcf1c,0xcf1c,0xcf1c,0xcf1c,0xcf1c,0xcf1c,
0xcf1c,0xcefc,0xc6fc,0xc6fc,0xc6dc,0xc6dc,0xc6fc,0xc6fc,0xc6fc,0xc6fc,0xc6fc,0xc6fc,0xc6fc,0xc6fc,0xc6fc,0xc6dc,0xc6dc,0xc6dc,0xc6dc,0xc6dc,0xc6dc,0xc6dc,0xc6dc,0xc6dc,
0xbebb,0xbebb,0xbebb,0xbebb,0xbebb,0xbebb,0xbebb,0xbebb,0xbebb,0xbe9b,0xbe9b,0xbe9b,0xb69b,0xb69b,0xb69b,0xb67a,0xb67a,0xb67a,0xb67b,0xb67b,0xb67b,0xb67b,0xae7a,0xae7a,
0xae5a,0xa63a,0xa63a,0xa63a,0xa63a,0xa63a,0xa63a,0x9e19,0xa619,0x9e19,0x9df9,0x9df9,0x9df9,0x9df9,0x9df9,0x9df9,0x95f9,0x95f9,0x95d9,0x95d8,0x95d8,0x95d8,0x95d8,0x95d8,
0x95d8,0x8db8,0x8db8,0x8db8,0x8db8,0x8db8,0x8db8,0x85b8,0x85b8,0x85b8,0x8d98,0x8d98,0x8d98,0x8db8,0x8db8,0x8db8,0x8598,0x8598,0x8598,0x8598,0x85b8,0x85b8,0x8598,0x8598,
0x8598,0x8598,0x8598,0x8598,0x8598,0x8598,0x8598,0x8598,0x8598,0x8598,0x8598,0x8598,0x8598,0x8598,0x8598,0x8598,0x8598,0x8db8,0x8db8,0x8d98,0x8d98,0x8d98,0x8598,0x85b8,
0x85b8,0x8d98,0x8d98,0x8d98,0x8d98,0x8db8,0x8db8,0x8db8,0x8db9,0x8db9,0x8db9,0x8db8,0x8db8,0x8db8,0x8db8,0x8db8,0x8db8,0x8dd8,0x8dd8,0x8dd8,0x95d9,0x95d9,0x95d9,0x95d9,
0x95d9,0x95d9,0x9df9,0xae39,0xbe9a,0xcedb,0xdf1c,0xef7c,0xffbe,0xe75c,0xd71b,0xc6ba,0xb65a,0xa619,0x8db8,0x8d98,0x8d98,0x8db8,0x8db8,0x8db8,0x8db8,0x8db8,0x8db8,0x8597,
0x8577,0x8577,0x8598,0x8598,0x8598,0x8577,0x8577,0x8577,0x8578,0x8578,0x8578,0x8578,0x8577,0x8577,0x8598,0x8598,0x8598,0x8598,0x8577,0x8577,0x8577,0x8577,0x8577,0x8598,
0x8db8,0x8db8,0x8db8,0x8db8,0x8db8,0x8db8,0x95d8,0x95d8,0x95d8,0x9df9,0x9df9,0x9e19,0xa639,0xa639,0xa659,0xae7a,0xae7a,0xae7a,0xb67b,0xb67b,0xb69b,0xbedb,0xbedb,0xbedb,
0xbedb,0xc6db,0xc6db,0xc6fc,0xc6fc,0xc6fc,0xcf1c,0xd73c,0xd73c,0xd73c,0xdf5c,0xdf5c,0xdf5c,0xdf5c,0xdf5c,0xdf5c,0xdf5c,0xdf5c,0xdf5c,0xdf5c,0xe73c,0xdf3c,0xd73c,0xd75c,
0xd71c,0xcefb,0xcefb,0xcefb,0xcefb,0xcefb,0xcefb,0xcefb,0xcefb,0xcefb,0xc6fb,0xcefb,0xcf1c,0xcf1d,0xd71d,0xd71c,0xcf1b,0xd71b,0xd71c,0xd73c,0xd73c,0xd73c,0xd73b,0xd71b,
0xd6fb,0xd6fb,0xcefb,0xcefc,0xcf1d,0xcefc,0xcefc,0xcefb,0xcefb,0xcefc,0xcefc,0xcefc,0xcefc,0xcefb,0xcefb,0xcefb,0xcefb,0xcefb,0xc6fb,0xc6dc,0xc6dc,0xc6dc,0xc6fc,0xc6fc,
0xc6fc,0xc6fc,0xc6fc,0xc6fc,0xc6dc,0xc6dc,0xc6dc,0xc6dc,0xc6dc,0xc6dc,0xc6db,0xc6db,0xc6db,0xc6dc,0xc6dc,0xc6dc,0xbebb,0xbebb,0xbebb,0xbebb,0xbebb,0xbebb,0xbebb,0xbebb,
0xbebb,0xbe9b,0xbe9b,0xbe9b,0xbe9b,0xb69b,0xb69c,0xb69b,0xb67a,0xb67a,0xb67b,0xb67b,0xb67b,0xb67b,0xae7a,0xae7a,0xae5a,0xa63a,0xa63a,0xa63a,0xa63a,0xa63a,0xa63a,0x9e19,
0x9e19,0x9e19,0x9df9,0x9df9,0x9df9,0x9df9,0x9df9,0x9df9,0x95d9,0x95d9,0x95d9,0x95d8,0x95d8,0x95d8,0x95d8,0x95d8,0x95d8,0x8db8,0x8db8,0x8db8,0x8db8,0x8db8,0x8db8,0x8598,
0x8598,0x8598,0x8d98,0x8d98,0x8d98,0x8db8,0x8db8,0x8db8,0x8598,0x8598,0x8598,0x8598,0x8598,0x8598,0x8598,0x8598,0x8598,0x8598,0x8598,0x8598,0x8598,0x8598,0x8598,0x8598,
0x8598,0x8598,0x8598,0x8598,0x8598,0x8598,0x8598,0x8598,0x8db8,0x8db8,0x8db8,0x8db8,0x8d98,0x8d98,0x8598,0x8598,0x8598,0x8598,0x8d98,0x8d98,0x8db8,0x8db8,0x8db8,0x8db9,
0x8dd9,0x8dd9,0x8dd9,0x8db8,0x8db8,0x8db8,0x8db8,0x8db8,0x8db8,0x8db8,0x8db8,0x8db8,0x95d8,0x95d8,0x95d8,0x95d9,0x95d9,0x95d9,0x9df9,0xae3a,0xbe9a,0xcedb,0xdf1c,0xef7c,
0xffbe,0xe75c,0xd71b,0xc6ba,0xb65a,0xa619,0x8db8,0x8d98,0x8d98,0x8db8,0x8db8,0x8db8,0x8db8,0x8db8,0x8db8,0x8597,0x8577,0x8577,0x8598,0x8598,0x8598,0x8577,0x8577,0x8577,
0x8578,0x8578,0x8578,0x8578,0x8577,0x8577,0x8598,0x8598,0x8598,0x8598,0x8577,0x8577,0x8577,0x8577,0x8577,0x8598,0x8db8,0x8db8,0x8db8,0x8db8,0x8db8,0x8db8,0x95d8,0x95d8,
0x95d8,0x9df9,0x9df9,0x9e19,0xa639,0xa639,0xa659,0xae7a,0xae7a,0xae7a,0xb67b,0xb67b,0xb67b,0xbedb,0xbedb,0xbedb,0xbedb,0xc6db,0xc6db,0xc6fc,0xc6fc,0xc6fc,0xd73c,0xd73c,
0xd73c,0xdf3c,0xdf3c,0xdf5c,0xdf5c,0xdf5c,0xdf5c,0xdf5c,0xdf5c,0xdf5c,0xdf5c,0xdf5c,0xdf5c,0xdf5c,0xdf5c,0xdf5c,0xd71c,0xd71b,0xd71b,0xd71b,0xd71b,0xd71b,0xd71b,0xd71b,
0xd71b,0xd71b,0xcf1b,0xc6fb,0xcf1c,0xcf1d,0xcf1d,0xcf1c,0xcefb,0xcefb,0xd71c,0xd71c,0xd71c,0xd71c,0xd71b,0xcf1b,0xcf1b,0xcefb,0xcefb,0xcefc,0xcefc,0xcefc,0xcefc,0xcefb,
0xcefb,0xcefc,0xcefc,0xcefc,0xcefc,0xcefb,0xcefb,0xcefb,0xc6fb,0xc6fb,0xc6fb,0xc6dc,0xc6dc,0xc6dc,0xc6fc,0xc6fc,0xc6fc,0xc6fc,0xc6fc,0xc6fc,0xc6dc,0xc6dc,0xc6dc,0xc6dc,
0xc6dc,0xc6dc,0xc6db,0xc6db,0xc6db,0xc6dc,0xc6dc,0xc6dc,0xbebb,0xbebb,0xbebb,0xbebb,0xbebb,0xbebb,0xbedb,0xbedb,0xbedb,0xbebb,0xbebb,0xbebb,0xbebb,0xbebb,0xbebb,0xbebb,
0xbe9a,0xb67a,0xb67b,0xb67b,0xb67b,0xb67b,0xae7a,0xae7a,0xae7a,0xa65a,0xa63a,0xa63a,0xa63a,0xa63a,0xa63a,0x9e19,0x9e19,0x9e19,0x9df9,0x9df9,0x9df9,0x9df9,0x9df9,0x9df9,
0x95d9,0x95d9,0x95d9,0x95d8,0x95d8,0x95d8,0x95d8,0x95d8,0x95d8,0x8db8,0x8db8,0x8db8,0x8db8,0x8db8,0x8db8,0x8598,0x8598,0x8598,0x8d98,0x8d98,0x8d98,0x8db8,0x8db8,0x8db8,
0x8598,0x8598,0x8598,0x8598,0x8598,0x8598,0x8598,0x8598,0x8598,0x8598,0x8598,0x8598,0x8598,0x8598,0x8598,0x8598,0x8598,0x8598,0x8598,0x8598,0x8598,0x8598,0x8598,0x8598,
0x8db8,0x8db8,0x8db8,0x8db8,0x8d98,0x8d98,0x8598,0x8598,0x8598,0x8598,0x8d98,0x8d98,0x8db8,0x8db8,0x8db8,0x8db9,0x8dd9,0x8dd9,0x8dd9,0x8db8,0x8db8,0x8db8,0x8db8,0x8db8,
0x8db8,0x8db8,0x8db8,0x8db8,0x95d8,0x95d8,0x95d8,0x95d9,0x95d9,0x95d9,0x9df9,0xae3a,0xbe9a,0xcedb,0xdf1c,0xef7c,0xffbe,0xe75c,0xd71b,0xc6ba,0xb65a,0x9e19,0x8db8,0x8d98,
0x8d98,0x8598,0x85b8,0x85b8,0x8db8,0x8db8,0x8db8,0x8598,0x8598,0x8598,0x8598,0x8598,0x8598,0x8598,0x8598,0x8598,0x8598,0x8598,0x8598,0x8578,0x8578,0x8578,0x8598,0x8598,
0x8598,0x8598,0x8598,0x8598,0x8598,0x8598,0x8598,0x8598,0x8db8,0x8d98,0x8db8,0x95d9,0x8dd9,0x95d9,0x9df9,0x95f9,0x9df9,0xa619,0xa619,0xa619,0xa63a,0xa63a,0xa65a,0xae7a,
0xae7a,0xae7a,0xbe9b,0xbebb,0xbebb,0xbedb,0xbedb,0xbedb,0xc6fc,0xc6fc,0xc6fc,0xc6fc,0xc6fc,0xcefc,0xd73c,0xd73c,0xdf3c,0xe75c,0xe75c,0xe77c,0xdf5c,0xdf5c,0xdf5c,0xdf5c,
0xdf5c,0xdf5c,0xdf5c,0xdf5c,0xdf5c,0xdf5c,0xdf5c,0xdf5c,0xdf3c,0xdf3c,0xdf3c,0xdf3c,0xdf3c,0xdf3c,0xd71c,0xd71b,0xd71b,0xcf1b,0xcf1b,0xcefb,0xcefc,0xcf1c,0xcf1c,0xcefc,
0xcefb,0xcefb,0xcf1c,0xd71c,0xd71c,0xd71c,0xd71b,0xcf1b,0xcf1b,0xcefb,0xcefb,0xcefc,0xcefc,0xcefc,0xcefc,0xcefb,0xcefb,0xcefc,0xcefc,0xcefc,0xcefc,0xcf1c,0xcf1c,0xcf1c,
0xc6fc,0xc6fc,0xc6dc,0xc6fc,0xc6fc,0xc6fc,0xc6fc,0xc6fc,0xc6fc,0xc6fc,0xc6fc,0xc6fc,0xc6dc,0xc6dc,0xc6dc,0xc6dc,0xc6dc,0xc6dc,0xc6dc,0xc6dc,0xc6dc,0xc6dc,0xc6dc,0xc6dc,
0xbebb,0xbebb,0xbedb,0xbedb,0xbedb,0xbedb,0xbedb,0xbedb,0xbedb,0xbedb,0xbedb,0xbedb,0xbebb,0xbebb,0xbebb,0xbe9b,0xb67a,0xb67a,0xb67b,0xbe9b,0xbe9b,0xb67b,0xae7a,0xae7a,
0xae7a,0xae7a,0xae5a,0xa65a,0xa63a,0xa63a,0xa63a,0x9e19,0x9e19,0x9e19,0x9df9,0x9df9,0x9df9,0x9df9,0x9df9,0x9df9,0x95d9,0x95d9,0x95d9,0x95f9,0x95f9,0x95f9,0x8dd8,0x8dd8,
0x8db8,0x8db8,0x8db8,0x8db8,0x8db8,0x8db8,0x8db8,0x85b8,0x85b8,0x85b8,0x8db8,0x8db8,0x8db8,0x8598,0x8598,0x8598,0x8598,0x8598,0x8598,0x8598,0x8598,0x8598,0x8598,0x8598,
0x8598,0x8598,0x8598,0x8598,0x8598,0x8598,0x8d98,0x8598,0x8598,0x8598,0x8598,0x8598,0x8598,0x8598,0x8598,0x8598,0x8598,0x85b8,0x85b8,0x8db8,0x8db8,0x8db8,0x8db8,0x85b8,
0x85b8,0x8db8,0x8db8,0x8db8,0x8db8,0x8db8,0x8db8,0x8db8,0x8dd9,0x8dd9,0x8db9,0x8db8,0x8db8,0x8db8,0x8db8,0x8db8,0x8db8,0x95d9,0x95d9,0x95d9,0x95d9,0x95d9,0x95d9,0x95d9,
0x95d9,0x95d9,0x9df9,0xae3a,0xbe9a,0xcedb,0xdf1c,0xef7c,0xffbe,0xe75c,0xd71b,0xc6ba,0xae5a,0x9e19,0x8db8,0x8d98,0x8d98,0x8598,0x8598,0x8598,0x8db8,0x8db8,0x8db8,0x8598,
0x8598,0x8598,0x8578,0x8578,0x8578,0x8598,0x8598,0x8598,0x8598,0x8598,0x8598,0x8598,0x8578,0x8578,0x8598,0x8598,0x8598,0x8598,0x8598,0x8598,0x8598,0x8598,0x8598,0x8598,
0x8d98,0x8d98,0x8db9,0x95d9,0x95d9,0x9dd9,0x9df9,0x9df9,0x9df9,0xa619,0xa619,0xa619,0xa63a,0xa63a,0xa65a,0xae7a,0xae7a,0xae7a,0xbebb,0xbedb,0xbedb,0xbedb,0xbedb,0xbedb,
0xc6fc,0xc6fc,0xc6fc,0xc6fc,0xcefc,0xcefc,0xd71c,0xdf3c,0xe73c,0xe77c,0xe77c,0xe77c,0xdf5c,0xdf5c,0xdf5c,0xdf5c,0xdf5c,0xdf5c,0xdf5c,0xdf5c,0xdf5c,0xdf5c,0xdf5c,0xdf5c,
0xdf5c,0xdf5c,0xdf5c,0xdf5c,0xdf5c,0xe73d,0xdf3c,0xd71b,0xcefb,0xcefb,0xcefb,0xcefb,0xcefb,0xc6fb,0xcefb,0xcefb,0xcefb,0xcefb,0xcf1c,0xcf1c,0xcf1c,0xcf1c,0xcf1b,0xcf1b,
0xcf1b,0xcefb,0xc6fb,0xc6fc,0xcefc,0xcefc,0xcefc,0xcefb,0xcefb,0xcefc,0xcefc,0xcefc,0xcefc,0xcf1c,0xcf1c,0xcf1c,0xc6fc,0xc6dc,0xc6dc,0xc6fc,0xc6fc,0xc6fc,0xc6dc,0xc6dc,
0xc6dc,0xc6fc,0xc6fc,0xc6fc,0xc6db,0xc6db,0xc6db,0xc6db,0xc6db,0xc6db,0xc6dc,0xc6dc,0xc6dc,0xc6dc,0xc6dc,0xc6dc,0xbebb,0xbebb,0xbedb,0xbedb,0xbedb,0xbedb,0xbebb,0xbebb,
0xbebb,0xbedb,0xbedb,0xbedb,0xbebb,0xbebb,0xbebb,0xb69b,0xb67a,0xb67a,0xbe9b,0xbe9b,0xbe9b,0xb69b,0xae7a,0xae7a,0xae7a,0xae7a,0xae9a,0xae5a,0xa63a,0xa63a,0xa63a,0x9e19,
0x9e19,0x9e19,0x9df9,0x9df9,0x9df9,0x9df9,0x9df9,0x9df9,0x95d9,0x95d9,0x95d9,0x95f9,0x95f9,0x95f9,0x8db8,0x8db8,0x8db8,0x8d98,0x8d98,0x8d98,0x8db8,0x8db8,0x8db8,0x8db8,
0x8db8,0x8db8,0x8db8,0x8db8,0x8db8,0x8577,0x8577,0x8577,0x8577,0x8577,0x8577,0x8577,0x8577,0x8577,0x8598,0x8598,0x8598,0x8598,0x8598,0x8598,0x8d98,0x8d98,0x8d98,0x8598,
0x8598,0x8598,0x8598,0x8598,0x8598,0x8d98,0x8d98,0x8d98,0x8598,0x8598,0x8598,0x85b8,0x8db8,0x8db8,0x8db8,0x8db8,0x8db8,0x8db8,0x8db8,0x8db8,0x8db8,0x8db8,0x8db8,0x8db8,
0x8db8,0x8db8,0x8db8,0x8db8,0x8db8,0x8db8,0x8db8,0x8db8,0x8db8,0x95d9,0x95d9,0x95d9,0x95d9,0x95d9,0x95d9,0x95d8,0x95d8,0x95d8,0x9df9,0xae3a,0xbe9a,0xcedb,0xdf1c,0xef7c,
};
static const uint16_t session_gear_art[9216]={
0xbeba,0xbeba,0xbeba,0xbeba,0xbeba,0xbeba,0xbeba,0xbeba,0xbeba,0xbeba,0xbeba,0xbeba,0xbeba,0xbeba,0xbeba,0xbeba,0xbeba,0xbeba,0xbeba,0xbeba,0xbeba,0xbeba,0xbeba,0xbeba,
0xbeba,0xbeba,0xbeba,0xbeba,0xbeba,0xbeba,0xbeba,0xbeba,0xbeba,0xbeba,0xbeba,0xbeba,0xbeba,0xbeba,0xbeba,0xbeba,0xbeba,0xbeba,0xbeba,0xbeba,0xbeba,0xbeba,0xbeba,0xbeba,
0xbeba,0xbeba,0xbeba,0xbeba,0xbeba,0xbeba,0xbeba,0xbeba,0xbeba,0xbeba,0xbeba,0xbeba,0xbeba,0xbeba,0xbeba,0xbeba,0xbeba,0xbeba,0xbeba,0xbeba,0xbeba,0xbeba,0xbeba,0xbeba,
0xbeba,0xbeba,0xbeba,0xbeba,0xbeba,0xbeba,0xbeba,0xbeba,0xbeba,0xbeba,0xbeba,0xbeba,0xbeba,0xbeba,0xbeba,0xbeba,0xbeba,0xbeba,0xbeba,0xbeba,0xbeba,0xbeba,0xbeba,0xbeba,
0xbeba,0xbeba,0xbeba,0xbeba,0xbeba,0xbeba,0xbeba,0xbeba,0xbeba,0xbeba,0xbeba,0xbeba,0xbeba,0xbeba,0xbeba,0xbeba,0xbeba,0xbeba,0xbeba,0xbeba,0xbeba,0xbeba,0xbeba,0xbeba,
0xbeba,0xbeba,0xbeba,0xbeba,0xbeba,0xbeba,0xbeba,0xbeba,0xbeba,0xbeba,0xbeba,0xbeba,0xbeba,0xbeba,0xbeba,0xbeba,0xbeba,0xbeba,0xbeba,0xbeba,0xbeba,0xbeba,0xbeba,0xbeba,
0xbeba,0xbeba,0xbeba,0xbeba,0xbeba,0xbeba,0xbeba,0xbeba,0xbeba,0xbeba,0xbeba,0xbeba,0xbeba,0xbeba,0xbeba,0xbeba,0xbeba,0xbeba,0xbeba,0xbeba,0xbeba,0xbeba,0xbeba,0xbeba,
0xbeba,0xbeba,0xbeba,0xbeba,0xbeba,0xbeba,0xbeba,0xbeba,0xbeba,0xbeba,0xbeba,0xbeba,0xbeba,0xbeba,0xbeba,0xbeba,0xbeba,0xbeba,0xbeba,0xbeba,0xbeba,0xbeba,0xbeba,0xbeba,
0xbeba,0xbeba,0xbeba,0xbeba,0xbeba,0xbeba,0xbeba,0xbeba,0xbeba,0xbeba,0xbeba,0xbeba,0xbeba,0xbeba,0xbeba,0xbeba,0xbeba,0xbeba,0xbeba,0xbeba,0xbeba,0xbeba,0xbeba,0xbeba,
0xbeba,0xbeba,0xbeba,0xbeba,0xbeba,0xbeba,0xbeba,0xbeba,0xbeba,0xbeba,0xbeba,0xbeba,0xbeba,0xbeba,0xbeba,0xbeba,0xbeba,0xbeba,0xbeba,0xbeba,0xbeba,0xbeba,0xbeba,0xbeba,
0xbeba,0xbeba,0xbeba,0xbeba,0xbeba,0xbeba,0xbeba,0xbeba,0xbeba,0xbeba,0xbeba,0xbeba,0xbeba,0xbeba,0xbeba,0xbeba,0xbeba,0xbeba,0xbeba,0xbeba,0xbeba,0xbeba,0xbeba,0xbeba,
0xbeba,0xbeba,0xbeba,0xbeba,0xbeba,0xbeba,0xbeba,0xbeba,0xbeba,0xbeba,0xbeba,0xbeba,0xbeba,0xbeba,0xbeba,0xbeba,0xbeba,0xbeba,0xbeba,0xbeba,0xbeba,0xbeba,0xbeba,0xbeba,
0xbeba,0xbeba,0xbeba,0xbeba,0xbeba,0xbeba,0xbeba,0xbeba,0xbeba,0xbeba,0xbeba,0xbeba,0xbeba,0xbeba,0xbeba,0xbeba,0xbeba,0xbeba,0xbeba,0xbeba,0xbeba,0xbeba,0xbeba,0xbeba,
0xbeba,0xbeba,0xbeba,0xbeba,0xbeba,0xbeba,0xbeba,0xbeba,0xbeba,0xbeba,0xbeba,0xbeba,0xbeba,0xbeba,0xbeba,0xbeba,0xbeba,0xbeba,0xbeba,0xbeba,0xbeba,0xbeba,0xbeba,0xbeba,
0xbeba,0xbeba,0xbeba,0xbeba,0xbeba,0xbeba,0xbeba,0xbeba,0xbeba,0xbeba,0xbeba,0xbeba,0xbeba,0xbeba,0xbeba,0xbeba,0xbeba,0xbeba,0xbeba,0xbeba,0xbeba,0xbeba,0xbeba,0xbeba,
0xbeba,0xbeba,0xbeba,0xbeba,0xbeba,0xbeba,0xbeba,0xbeba,0xbeba,0xbeba,0xbeba,0xbeba,0xbeba,0xbeba,0xbeba,0xbeba,0xbeba,0xbeba,0xbeba,0xbeba,0xbeba,0xbeba,0xbeba,0xbeba,
0xbeba,0xbeba,0xbeba,0xbeba,0xbeba,0xbeba,0xbeba,0xbeba,0xbeba,0xbeba,0xbeba,0xbeba,0xbeba,0xbeba,0xbeba,0xbeba,0xbeba,0xbeba,0xbeba,0xbeba,0xbeba,0xbeba,0xbeba,0xbeba,
0xbeba,0xbeba,0xbeba,0xbeba,0xbeba,0xbeba,0xbeba,0xbeba,0xbeba,0xbeba,0xbeba,0xbeba,0xbeba,0xbeba,0xbeba,0xbeba,0xbeba,0xbeba,0xbeba,0xbeba,0xbeba,0xbeba,0xbeba,0xbeba,
0xbeba,0xbeba,0xbeba,0xbeba,0xbeba,0xbeba,0xbeba,0xbeba,0xbeba,0xbeba,0xbeba,0xbeba,0xbeba,0xbeba,0xbeba,0xbeba,0xbeba,0xbeba,0xbeba,0xbeba,0xbeba,0xbeba,0xbeba,0xbeba,
0xbeba,0xbeba,0xbeba,0xbeba,0xbeba,0xbeba,0xbeba,0xbeba,0xbeba,0xbeba,0xbeba,0xbeba,0xbeba,0xbeba,0xbeba,0xbeba,0xbeba,0xbeba,0xbeba,0xbeba,0xbeba,0xbeba,0xbeba,0xbeba,
0xbeba,0xbeba,0xbeba,0xbeba,0xbeba,0xbeba,0xbeba,0xbeba,0xbeba,0xbeba,0xbeba,0xbeba,0xbeba,0xbeba,0xbeba,0xbeba,0xbeba,0xbeba,0xbeba,0xbeba,0xbeba,0xbeba,0xbeba,0xbeba,
0xbeba,0xbeba,0xbeba,0xbeba,0xbeba,0xbeba,0xbeba,0xbeba,0xbeba,0xbeba,0xbeba,0xbeba,0xbeba,0xbeba,0xbeba,0xbeba,0xbeba,0xbeba,0xbeba,0xbeba,0xbeba,0xbeba,0xbeba,0xbeba,
0xbeba,0xbeba,0xbeba,0xbeba,0xbeba,0xbeba,0xbeba,0xbeba,0xbeba,0xbeba,0xbeba,0xbeba,0xbeba,0xbeba,0xbeba,0xbeba,0xbeba,0xbeba,0xbeba,0xbeba,0xbeba,0xbeba,0xbeba,0xbeba,
0xbeba,0xbeba,0xbeba,0xbeba,0xbeba,0xbeba,0xbeba,0xbeba,0xbeba,0xbeba,0xbeba,0xbeba,0xbeba,0xbeba,0xbeba,0xbeba,0xbeba,0xbeba,0xbeba,0xbeba,0xbeba,0xbeba,0xbeba,0xbeba,
0xbeba,0xbeba,0xbeba,0xbeba,0xbeba,0xbeba,0xbeba,0xbeba,0xbeba,0xbeba,0xbeba,0xbeba,0xbeba,0xbeba,0xbeba,0xbeba,0xbeba,0xbeba,0xbeba,0xbeba,0xbeba,0xbeba,0xbeba,0xbeba,
0xbeba,0xbeba,0xbeba,0xbeba,0xbeba,0xbeba,0xbeba,0xbeba,0xbeba,0xbeba,0xbeba,0xbeba,0xbeba,0xbeba,0xbeba,0xbeba,0xbeba,0xbeba,0xbeba,0xbeba,0xbeba,0xbeba,0xbeba,0xbeba,
0xbeba,0xbeba,0xbeba,0xbeba,0xbeba,0xbeba,0xbeba,0xbeba,0xbeba,0xbeba,0xbeba,0xbeba,0xbeba,0xbeba,0xbeba,0xbeba,0xbeba,0xbeba,0xbeba,0xbeba,0xbeba,0xbeba,0xbeba,0xbeba,
0xbeba,0xbeba,0xbeba,0xbeba,0xbeba,0xbeba,0xbeba,0xbeba,0xbeba,0xbeba,0xbeba,0xbeba,0xbeba,0xbeba,0xbeba,0xbeba,0xbeba,0xbeba,0xbeba,0xbeba,0xbeba,0xbeba,0xbeba,0xbeba,
0xbeba,0xbeba,0xbeba,0xbeba,0xbeba,0xbeba,0xbeba,0xbeba,0xbeba,0xbeba,0xbeba,0xbeba,0xbeba,0xbeba,0xbeba,0xbeba,0xbeba,0xbeba,0xbeba,0xbeba,0xbeba,0xbeba,0xbeba,0xbeba,
0xbeba,0xbeba,0xbeba,0xbeba,0xbeba,0xbeba,0xbeba,0xbeba,0xbeba,0xbeba,0xbeba,0xbeba,0xbeba,0xbeba,0xbeba,0xbeba,0xbeba,0xbeba,0xbeba,0xbeba,0xbeba,0xbeba,0xbeba,0xbeba,
0xbeba,0xbeba,0xbeba,0xbeba,0xbeba,0xbeba,0xbeba,0xbeba,0xbeba,0xbeba,0xbeba,0xbeba,0xbeba,0xbeba,0xbeba,0xbeba,0xbeba,0xbeba,0xbeba,0xbeba,0xbeba,0xbeba,0xbeba,0xbeba,
0xbeba,0xbeba,0xbeba,0xbeba,0xbeba,0xbeba,0xbeba,0xbeba,0xbeba,0xbeba,0xbeba,0xbeba,0xbeba,0xbeba,0xbeba,0xbeba,0xbeba,0xbeba,0xbeba,0xbeba,0xbeba,0xbeba,0xbeba,0xbeba,
0xbeba,0xbeba,0xbeba,0xbeba,0xbeba,0xbeba,0xbeba,0xbeba,0xbeba,0xbeba,0xbeba,0xbeba,0xbeba,0xbeba,0xbeba,0xbeba,0xbeba,0xbeba,0xbeba,0xbeba,0xbeba,0xbeba,0xbeba,0xbeba,
0xbeba,0xbeba,0xbeba,0xbeba,0xbeba,0xbeba,0xbeba,0xbeba,0xbeba,0xbeba,0xbeba,0xbeba,0xbeba,0xbeba,0xbeba,0xbeba,0xbeba,0xbeba,0xbeba,0xbeba,0xbeba,0xbeba,0xbeba,0xbeba,
0xbeba,0xbeba,0xbeba,0xbeba,0xbeba,0x324a,0xbeba,0xbeba,0xbeba,0xbeba,0xbeba,0xbeba,0xbeba,0xbeba,0xbeba,0xbeba,0xbeba,0xbeba,0xbeba,0xbeba,0xbeba,0xbeba,0xbeba,0xbeba,
0xbeba,0xbeba,0xbeba,0xbeba,0xbeba,0xbeba,0xbeba,0xbeba,0xbeba,0xbeba,0xbeba,0xbeba,0xbeba,0xbeba,0xbeba,0xbeba,0xbeba,0xbeba,0xbeba,0xbeba,0xbeba,0xbeba,0xbeba,0xbeba,
0xbeba,0xbeba,0xbeba,0xbeba,0xbeba,0xbeba,0xbeba,0xbeba,0xbeba,0xbeba,0xbeba,0xbeba,0xbeba,0xbeba,0xbeba,0xbeba,0xbeba,0xbeba,0xbeba,0xbeba,0xbeba,0xbeba,0xbeba,0xbeba,
0xbeba,0xbeba,0xbeba,0xbeba,0xbeba,0xbeba,0xbeba,0xbeba,0xbeba,0xbeba,0xbeba,0xbeba,0xbeba,0xbeba,0xbeba,0xbeba,0xbeba,0xbeba,0xbeba,0xbeba,0xbeba,0xbeba,0xbeba,0xbeba,
0xbeba,0xbeba,0xbeba,0xbeba,0x324a,0x324a,0x324a,0x324a,0x324a,0x324a,0x324a,0xbeba,0xbeba,0xbeba,0xbeba,0xbeba,0xbeba,0xbeba,0xbeba,0xbeba,0xbeba,0xbeba,0xbeba,0xbeba,
0xbeba,0xbeba,0xbeba,0xbeba,0xbeba,0xbeba,0xbeba,0xbeba,0xbeba,0xbeba,0xbeba,0xbeba,0xbeba,0xbeba,0xbeba,0xbeba,0xbeba,0xbeba,0xbeba,0xbeba,0xbeba,0xbeba,0xbeba,0xbeba,
0xbeba,0xbeba,0xbeba,0xbeba,0xbeba,0xbeba,0xbeba,0xbeba,0xbeba,0xbeba,0xbeba,0xbeba,0xbeba,0xbeba,0xbeba,0xbeba,0xbeba,0xbeba,0xbeba,0xbeba,0xbeba,0xbeba,0xbeba,0xbeba,
0xbeba,0xbeba,0xbeba,0xbeba,0xbeba,0xbeba,0xbeba,0xbeba,0xbeba,0xbeba,0xbeba,0xbeba,0xbeba,0xbeba,0xbeba,0xbeba,0xbeba,0xbeba,0xbeba,0xbeba,0xbeba,0xbeba,0xbeba,0xbeba,
0xbeba,0xbeba,0xbeba,0xbeba,0x324a,0x324a,0x324a,0x324a,0x324a,0x324a,0x324a,0x324a,0x324a,0xbeba,0xbeba,0xbeba,0xbeba,0xbeba,0xbeba,0xbeba,0xbeba,0xbeba,0xbeba,0xbeba,
0xbeba,0xbeba,0xbeba,0xbeba,0xbeba,0xbeba,0xbeba,0xbeba,0xbeba,0xbeba,0xbeba,0xbeba,0xbeba,0xbeba,0xbeba,0xbeba,0xbeba,0xbeba,0xbeba,0xbeba,0xbeba,0xbeba,0xbeba,0xbeba,
0xbeba,0xbeba,0xbeba,0xbeba,0xbeba,0xbeba,0xbeba,0xbeba,0xbeba,0xbeba,0xbeba,0xbeba,0xbeba,0xbeba,0xbeba,0xbeba,0xbeba,0xbeba,0xbeba,0xbeba,0xbeba,0xbeba,0xbeba,0xbeba,
0xbeba,0xbeba,0xbeba,0xbeba,0xbeba,0xbeba,0xbeba,0xbeba,0x324a,0xbeba,0xbeba,0xbeba,0xbeba,0xbeba,0xbeba,0xbeba,0xbeba,0xbeba,0xbeba,0xbeba,0xbeba,0xbeba,0xbeba,0xbeba,
0xbeba,0xbeba,0xbeba,0x324a,0x324a,0x324a,0x324a,0x324a,0x324a,0x324a,0x324a,0x324a,0x324a,0x324a,0x324a,0x324a,0xbeba,0xbeba,0xbeba,0xbeba,0xbeba,0xbeba,0xbeba,0xbeba,
0xbeba,0xbeba,0xbeba,0xbeba,0xbeba,0xbeba,0xbeba,0xbeba,0xbeba,0xbeba,0xbeba,0xbeba,0xbeba,0xbeba,0xbeba,0xbeba,0xbeba,0xbeba,0xbeba,0xbeba,0xbeba,0xbeba,0xbeba,0xbeba,
0xbeba,0xbeba,0xbeba,0xbeba,0xbeba,0xbeba,0xbeba,0xbeba,0xbeba,0xbeba,0xbeba,0xbeba,0xbeba,0xbeba,0xbeba,0xbeba,0xbeba,0xbeba,0xbeba,0xbeba,0xbeba,0xbeba,0xbeba,0xbeba,
0xbeba,0xbeba,0xbeba,0xbeba,0xbeba,0xbeba,0x324a,0x324a,0x324a,0x324a,0xbeba,0xbeba,0xbeba,0xbeba,0xbeba,0xbeba,0xbeba,0xbeba,0xbeba,0xbeba,0xbeba,0xbeba,0xbeba,0xbeba,
0xbeba,0xbeba,0x324a,0x324a,0x324a,0x324a,0x324a,0x324a,0x324a,0x324a,0x324a,0x324a,0x324a,0x324a,0x324a,0x324a,0xbeba,0xbeba,0xbeba,0xbeba,0xbeba,0xbeba,0xbeba,0xbeba,
0xbeba,0xbeba,0xbeba,0xbeba,0xbeba,0xbeba,0xbeba,0xbeba,0xbeba,0xbeba,0xbeba,0xbeba,0xbeba,0xbeba,0xbeba,0xbeba,0xbeba,0xbeba,0xbeba,0xbeba,0xbeba,0xbeba,0xbeba,0xbeba,
0xbeba,0xbeba,0xbeba,0xbeba,0xbeba,0xbeba,0xbeba,0xbeba,0xbeba,0xbeba,0xbeba,0xbeba,0xbeba,0xbeba,0xbeba,0xbeba,0xbeba,0xbeba,0xbeba,0xbeba,0xbeba,0xbeba,0xbeba,0xbeba,
0xbeba,0xbeba,0xbeba,0x324a,0x324a,0x324a,0x324a,0x324a,0x324a,0x324a,0x324a,0xbeba,0xbeba,0xbeba,0xbeba,0xbeba,0xbeba,0xbeba,0xbeba,0xbeba,0xbeba,0xbeba,0xbeba,0xbeba,
0xbeba,0x324a,0x324a,0x324a,0x324a,0x324a,0x324a,0x324a,0x324a,0x324a,0x324a,0x324a,0x324a,0x324a,0x324a,0x324a,0xbeba,0xbeba,0xbeba,0xbeba,0xbeba,0xbeba,0xbeba,0xbeba,
0xbeba,0xbeba,0xbeba,0xbeba,0xbeba,0xbeba,0xbeba,0xbeba,0xbeba,0xbeba,0xbeba,0xbeba,0xbeba,0xbeba,0xbeba,0xbeba,0xbeba,0xbeba,0xbeba,0xbeba,0xbeba,0xbeba,0xbeba,0xbeba,
0xbeba,0xbeba,0xbeba,0xbeba,0xbeba,0xbeba,0xbeba,0xbeba,0xbeba,0xbeba,0xbeba,0xbeba,0xbeba,0xbeba,0xbeba,0xbeba,0xbeba,0xbeba,0xbeba,0xbeba,0xbeba,0xbeba,0xbeba,0xbeba,
0xbeba,0xbeba,0x324a,0x324a,0x324a,0x324a,0x324a,0x324a,0x324a,0x324a,0x324a,0x324a,0xbeba,0xbeba,0xbeba,0xbeba,0xbeba,0xbeba,0xbeba,0xbeba,0xbeba,0xbeba,0xbeba,0xbeba,
0xbeba,0x324a,0x324a,0x324a,0x324a,0x324a,0x324a,0x324a,0x324a,0x324a,0x324a,0x324a,0x324a,0x324a,0x324a,0x324a,0xbeba,0xbeba,0xbeba,0xbeba,0xbeba,0xbeba,0xbeba,0xbeba,
0xbeba,0xbeba,0xbeba,0xbeba,0xbeba,0xbeba,0xbeba,0xbeba,0xbeba,0xbeba,0xbeba,0xbeba,0xbeba,0xbeba,0xbeba,0xbeba,0xbeba,0xbeba,0xbeba,0xbeba,0xbeba,0xbeba,0xbeba,0xbeba,
0xbeba,0xbeba,0xbeba,0xbeba,0xbeba,0xbeba,0xbeba,0xbeba,0xbeba,0xbeba,0xbeba,0xbeba,0xbeba,0xbeba,0xbeba,0xbeba,0xbeba,0xbeba,0xbeba,0xbeba,0xbeba,0xbeba,0xbeba,0xbeba,
0x324a,0x324a,0x324a,0x324a,0x324a,0x324a,0x324a,0x324a,0x324a,0x324a,0x324a,0x324a,0x324a,0x324a,0xbeba,0xbeba,0xbeba,0xbeba,0xbeba,0xbeba,0xbeba,0xbeba,0xbeba,0xbeba,
0x324a,0x324a,0x324a,0x324a,0x324a,0x324a,0x324a,0x324a,0x324a,0x324a,0x324a,0x324a,0x324a,0x324a,0x324a,0x324a,0xbeba,0xbeba,0xbeba,0xbeba,0xbeba,0xbeba,0xbeba,0xbeba,
0xbeba,0xbeba,0xbeba,0xbeba,0xbeba,0xbeba,0xbeba,0xbeba,0xbeba,0xbeba,0xbeba,0xbeba,0xbeba,0xbeba,0xbeba,0xbeba,0xbeba,0xbeba,0xbeba,0xbeba,0xbeba,0xbeba,0xbeba,0xbeba,
0xbeba,0xbeba,0xbeba,0xbeba,0xbeba,0xbeba,0xbeba,0xbeba,0xbeba,0xbeba,0xbeba,0xbeba,0xbeba,0xbeba,0xbeba,0xbeba,0xbeba,0xbeba,0xbeba,0xbeba,0xbeba,0xbeba,0xbeba,0x324a,
0x324a,0x324a,0x324a,0x324a,0x324a,0x324a,0x324a,0x324a,0x324a,0x324a,0x324a,0x324a,0x324a,0x324a,0x324a,0xbeba,0xbeba,0xbeba,0xbeba,0x324a,0x324a,0x324a,0x324a,0x324a,
0x324a,0x324a,0x324a,0x324a,0x324a,0x324a,0x324a,0x324a,0x324a,0x324a,0x324a,0x324a,0x324a,0x324a,0x324a,0x324a,0x324a,0xbeba,0xbeba,0xbeba,0xbeba,0xbeba,0xbeba,0xbeba,
0xbeba,0xbeba,0xbeba,0xbeba,0xbeba,0xbeba,0xbeba,0xbeba,0xbeba,0xbeba,0xbeba,0xbeba,0xbeba,0xbeba,0xbeba,0xbeba,0xbeba,0xbeba,0xbeba,0xbeba,0xbeba,0xbeba,0xbeba,0xbeba,
0xbeba,0xbeba,0xbeba,0xbeba,0xbeba,0xbeba,0xbeba,0xbeba,0xbeba,0xbeba,0xbeba,0xbeba,0xbeba,0xbeba,0xbeba,0xbeba,0xbeba,0xbeba,0xbeba,0xbeba,0xbeba,0xbeba,0xbeba,0x324a,
0x324a,0x324a,0x324a,0x324a,0x324a,0x324a,0x324a,0x324a,0x324a,0x324a,0x324a,0x324a,0x324a,0x324a,0x324a,0x324a,0x324a,0x324a,0x324a,0x324a,0x324a,0x324a,0x324a,0x324a,
0x324a,0x324a,0x324a,0x324a,0x324a,0x324a,0x324a,0x324a,0x324a,0x324a,0x324a,0x324a,0x324a,0x324a,0x324a,0x324a,0x324a,0xbeba,0xbeba,0xbeba,0xbeba,0xbeba,0xbeba,0xbeba,
0xbeba,0xbeba,0xbeba,0xbeba,0xbeba,0xbeba,0xbeba,0xbeba,0xbeba,0xbeba,0xbeba,0xbeba,0xbeba,0xbeba,0xbeba,0xbeba,0xbeba,0xbeba,0xbeba,0xbeba,0xbeba,0xbeba,0xbeba,0xbeba,
0xbeba,0xbeba,0xbeba,0xbeba,0xbeba,0xbeba,0xbeba,0xbeba,0xbeba,0xbeba,0xbeba,0xbeba,0xbeba,0xbeba,0xbeba,0xbeba,0xbeba,0xbeba,0xbeba,0xbeba,0xbeba,0xbeba,0xbeba,0x324a,
0x324a,0x324a,0x324a,0x324a,0x324a,0x324a,0x324a,0x324a,0x324a,0x324a,0x324a,0x324a,0x324a,0x324a,0x324a,0x324a,0x324a,0x324a,0x324a,0x324a,0x324a,0x324a,0x324a,0x324a,
0x324a,0x324a,0x324a,0x324a,0x324a,0x324a,0x324a,0x324a,0x324a,0x324a,0x324a,0x324a,0x324a,0x324a,0x324a,0x324a,0x324a,0xbeba,0xbeba,0xbeba,0xbeba,0xbeba,0xbeba,0xbeba,
0xbeba,0xbeba,0xbeba,0xbeba,0xbeba,0xbeba,0xbeba,0xbeba,0xbeba,0xbeba,0xbeba,0xbeba,0xbeba,0xbeba,0xbeba,0xbeba,0xbeba,0xbeba,0xbeba,0xbeba,0xbeba,0xbeba,0xbeba,0xbeba,
0xbeba,0xbeba,0xbeba,0xbeba,0xbeba,0xbeba,0xbeba,0xbeba,0xbeba,0xbeba,0xbeba,0xbeba,0xbeba,0xbeba,0xbeba,0xbeba,0xbeba,0xbeba,0xbeba,0xbeba,0xbeba,0xbeba,0xbeba,0xbeba,
0x324a,0x324a,0x324a,0x324a,0x324a,0x324a,0x324a,0x324a,0x324a,0x324a,0x324a,0x324a,0x324a,0x324a,0x324a,0x324a,0x324a,0x324a,0x324a,0x324a,0x324a,0x324a,0x324a,0x324a,
0x324a,0x324a,0x324a,0x324a,0x324a,0x324a,0x324a,0x324a,0x324a,0x324a,0x324a,0x324a,0x324a,0x324a,0x324a,0x324a,0x324a,0xbeba,0xbeba,0xbeba,0xbeba,0xbeba,0xbeba,0xbeba,
0xbeba,0xbeba,0xbeba,0xbeba,0xbeba,0xbeba,0xbeba,0xbeba,0xbeba,0xbeba,0xbeba,0xbeba,0xbeba,0xbeba,0xbeba,0xbeba,0xbeba,0xbeba,0xbeba,0xbeba,0xbeba,0xbeba,0xbeba,0xbeba,
0xbeba,0xbeba,0xbeba,0xbeba,0xbeba,0xbeba,0xbeba,0xbeba,0xbeba,0xbeba,0xbeba,0xbeba,0xbeba,0xbeba,0xbeba,0xbeba,0xbeba,0xbeba,0xbeba,0xbeba,0xbeba,0xbeba,0xbeba,0xbeba,
0x324a,0x324a,0x324a,0x324a,0x324a,0x324a,0x324a,0x324a,0x324a,0x324a,0x324a,0x324a,0x324a,0x324a,0x324a,0x324a,0x324a,0x324a,0x324a,0x324a,0x324a,0x324a,0x324a,0x324a,
0x324a,0x324a,0x324a,0x324a,0x324a,0x324a,0x324a,0x324a,0x324a,0x324a,0x324a,0x324a,0x324a,0x324a,0x324a,0x324a,0x324a,0xbeba,0xbeba,0xbeba,0xbeba,0xbeba,0xbeba,0xbeba,
0xbeba,0xbeba,0xbeba,0xbeba,0xbeba,0xbeba,0xbeba,0xbeba,0xbeba,0xbeba,0xbeba,0xbeba,0xbeba,0xbeba,0xbeba,0xbeba,0xbeba,0xbeba,0xbeba,0xbeba,0xbeba,0xbeba,0xbeba,0xbeba,
0xbeba,0xbeba,0xbeba,0xbeba,0xbeba,0xbeba,0xbeba,0xbeba,0xbeba,0xbeba,0xbeba,0xbeba,0xbeba,0xbeba,0xbeba,0xbeba,0xbeba,0xbeba,0xbeba,0xbeba,0xbeba,0xbeba,0xbeba,0xbeba,
0x324a,0x324a,0x324a,0x324a,0x324a,0x324a,0x324a,0x324a,0x324a,0x324a,0x324a,0x324a,0x324a,0x324a,0x324a,0x324a,0x324a,0x324a,0x324a,0x324a,0x324a,0x324a,0x324a,0x324a,
0x324a,0x324a,0x324a,0x324a,0x324a,0x324a,0x324a,0x324a,0x324a,0x324a,0x324a,0x324a,0x324a,0x324a,0x324a,0x324a,0x324a,0x324a,0xbeba,0xbeba,0xbeba,0xbeba,0xbeba,0xbeba,
0xbeba,0xbeba,0xbeba,0xbeba,0xbeba,0xbeba,0xbeba,0xbeba,0xbeba,0xbeba,0xbeba,0xbeba,0xbeba,0xbeba,0xbeba,0xbeba,0xbeba,0xbeba,0xbeba,0xbeba,0xbeba,0xbeba,0xbeba,0xbeba,
0xbeba,0xbeba,0xbeba,0xbeba,0xbeba,0xbeba,0xbeba,0xbeba,0xbeba,0xbeba,0xbeba,0xbeba,0xbeba,0xbeba,0xbeba,0xbeba,0xbeba,0xbeba,0xbeba,0xbeba,0xbeba,0xbeba,0xbeba,0xbeba,
0x324a,0x324a,0x324a,0x324a,0x324a,0x324a,0x324a,0x324a,0x324a,0x324a,0x324a,0x324a,0x324a,0x324a,0x324a,0x324a,0x324a,0x324a,0x324a,0x324a,0x324a,0x324a,0x324a,0x324a,
0x324a,0x324a,0x324a,0x324a,0x324a,0x324a,0x324a,0x324a,0x324a,0x324a,0x324a,0x324a,0x324a,0x324a,0x324a,0x324a,0x324a,0x324a,0x324a,0x324a,0xbeba,0xbeba,0xbeba,0xbeba,
0xbeba,0xbeba,0xbeba,0xbeba,0xbeba,0xbeba,0xbeba,0xbeba,0xbeba,0xbeba,0xbeba,0xbeba,0xbeba,0xbeba,0xbeba,0xbeba,0xbeba,0xbeba,0xbeba,0xbeba,0xbeba,0xbeba,0xbeba,0xbeba,
0xbeba,0xbeba,0xbeba,0xbeba,0xbeba,0xbeba,0xbeba,0xbeba,0xbeba,0xbeba,0xbeba,0xbeba,0xbeba,0xbeba,0xbeba,0xbeba,0xbeba,0xbeba,0xbeba,0xbeba,0xbeba,0xbeba,0xbeba,0xbeba,
0xbeba,0x324a,0x324a,0x324a,0x324a,0x324a,0x324a,0x324a,0x324a,0x324a,0x324a,0x324a,0x324a,0x324a,0x324a,0x324a,0x324a,0x324a,0x324a,0x324a,0x324a,0x324a,0x324a,0x324a,
0x324a,0x324a,0x324a,0x324a,0x324a,0x324a,0x324a,0x324a,0x324a,0x324a,0x324a,0x324a,0x324a,0x324a,0x324a,0x324a,0x324a,0x324a,0x324a,0x324a,0x324a,0xbeba,0xbeba,0xbeba,
0xbeba,0xbeba,0xbeba,0xbeba,0xbeba,0xbeba,0xbeba,0x324a,0xbeba,0xbeba,0xbeba,0xbeba,0xbeba,0xbeba,0xbeba,0xbeba,0xbeba,0xbeba,0xbeba,0xbeba,0xbeba,0xbeba,0xbeba,0xbeba,
0xbeba,0xbeba,0xbeba,0xbeba,0xbeba,0xbeba,0xbeba,0xbeba,0xbeba,0xbeba,0xbeba,0xbeba,0xbeba,0xbeba,0xbeba,0xbeba,0xbeba,0xbeba,0xbeba,0xbeba,0xbeba,0xbeba,0xbeba,0xbeba,
0xbeba,0x324a,0x324a,0x324a,0x324a,0x324a,0x324a,0x324a,0x324a,0x324a,0x324a,0x324a,0x324a,0x324a,0x324a,0x324a,0x324a,0x324a,0x324a,0x324a,0x324a,0x324a,0x324a,0x324a,
0x324a,0x324a,0x324a,0x324a,0x324a,0x324a,0x324a,0x324a,0x324a,0x324a,0x324a,0x324a,0x324a,0x324a,0x324a,0x324a,0x324a,0x324a,0x324a,0x324a,0x324a,0x324a,0xbeba,0xbeba,
0xbeba,0xbeba,0xbeba,0x324a,0x324a,0x324a,0x324a,0x324a,0x324a,0xbeba,0xbeba,0xbeba,0xbeba,0xbeba,0xbeba,0xbeba,0xbeba,0xbeba,0xbeba,0xbeba,0xbeba,0xbeba,0xbeba,0xbeba,
0xbeba,0xbeba,0xbeba,0xbeba,0xbeba,0xbeba,0xbeba,0xbeba,0xbeba,0xbeba,0xbeba,0xbeba,0xbeba,0xbeba,0xbeba,0xbeba,0xbeba,0xbeba,0xbeba,0xbeba,0xbeba,0xbeba,0xbeba,0xbeba,
0xbeba,0x324a,0x324a,0x324a,0x324a,0x324a,0x324a,0x324a,0x324a,0x324a,0x324a,0x324a,0x324a,0x324a,0x324a,0x324a,0x324a,0x324a,0x324a,0x324a,0x324a,0x324a,0x324a,0x324a,
0x324a,0x324a,0x324a,0x324a,0x324a,0x324a,0x324a,0x324a,0x324a,0x324a,0x324a,0x324a,0x324a,0x324a,0x324a,0x324a,0x324a,0x324a,0x324a,0x324a,0x324a,0x324a,0x324a,0x324a,
0x324a,0x324a,0x324a,0x324a,0x324a,0x324a,0x324a,0x324a,0x324a,0xbeba,0xbeba,0xbeba,0xbeba,0xbeba,0xbeba,0xbeba,0xbeba,0xbeba,0xbeba,0xbeba,0xbeba,0xbeba,0xbeba,0xbeba,
0xbeba,0xbeba,0xbeba,0xbeba,0xbeba,0xbeba,0xbeba,0xbeba,0xbeba,0xbeba,0xbeba,0xbeba,0xbeba,0xbeba,0xbeba,0xbeba,0xbeba,0xbeba,0xbeba,0xbeba,0xbeba,0xbeba,0xbeba,0xbeba,
0x324a,0x324a,0x324a,0x324a,0x324a,0x324a,0x324a,0x324a,0x324a,0x324a,0x324a,0x324a,0x324a,0x324a,0x324a,0x324a,0x324a,0x324a,0x324a,0x324a,0x324a,0x324a,0x324a,0x324a,
0x324a,0x324a,0x324a,0x324a,0x324a,0x324a,0x324a,0x324a,0x324a,0x324a,0x324a,0x324a,0x324a,0x324a,0x324a,0x324a,0x324a,0x324a,0x324a,0x324a,0x324a,0x324a,0x324a,0x324a,
0x324a,0x324a,0x324a,0x324a,0x324a,0x324a,0x324a,0x324a,0x324a,0x324a,0xbeba,0xbeba,0xbeba,0xbeba,0xbeba,0xbeba,0xbeba,0xbeba,0xbeba,0xbeba,0xbeba,0xbeba,0xbeba,0xbeba,
0xbeba,0xbeba,0xbeba,0xbeba,0xbeba,0xbeba,0xbeba,0xbeba,0xbeba,0xbeba,0xbeba,0xbeba,0xbeba,0xbeba,0xbeba,0xbeba,0xbeba,0xbeba,0xbeba,0xbeba,0xbeba,0xbeba,0xbeba,0x324a,
0x324a,0x324a,0x324a,0x324a,0x324a,0x324a,0x324a,0x324a,0x324a,0x324a,0x324a,0x324a,0x324a,0x324a,0x324a,0x324a,0x324a,0x324a,0x324a,0x324a,0x324a,0x324a,0x324a,0x324a,
0x324a,0x324a,0x324a,0x324a,0x324a,0x324a,0x324a,0x324a,0x324a,0x324a,0x324a,0x324a,0x324a,0x324a,0x324a,0x324a,0x324a,0x324a,0x324a,0x324a,0x324a,0x324a,0x324a,0x324a,
0x324a,0x324a,0x324a,0x324a,0x324a,0x324a,0x324a,0x324a,0x324a,0x324a,0x324a,0xbeba,0xbeba,0xbeba,0xbeba,0xbeba,0xbeba,0xbeba,0xbeba,0xbeba,0xbeba,0xbeba,0xbeba,0xbeba,
0xbeba,0xbeba,0xbeba,0xbeba,0xbeba,0xbeba,0xbeba,0xbeba,0xbeba,0xbeba,0xbeba,0xbeba,0xbeba,0xbeba,0xbeba,0xbeba,0xbeba,0xbeba,0xbeba,0xbeba,0xbeba,0xbeba,0x324a,0x324a,
0x324a,0x324a,0x324a,0x324a,0x324a,0x324a,0x324a,0x324a,0x324a,0x324a,0x324a,0x324a,0x324a,0x324a,0x324a,0x324a,0x324a,0x324a,0x324a,0x324a,0x324a,0x324a,0x324a,0x324a,
0x324a,0x324a,0x324a,0x324a,0x324a,0x324a,0x324a,0x324a,0x324a,0x324a,0x324a,0x324a,0x324a,0x324a,0x324a,0x324a,0x324a,0x324a,0x324a,0x324a,0x324a,0x324a,0x324a,0x324a,
0x324a,0x324a,0x324a,0x324a,0x324a,0x324a,0x324a,0x324a,0x324a,0x324a,0x324a,0xbeba,0xbeba,0xbeba,0xbeba,0xbeba,0xbeba,0xbeba,0xbeba,0xbeba,0xbeba,0xbeba,0xbeba,0xbeba,
0xbeba,0xbeba,0xbeba,0xbeba,0xbeba,0xbeba,0xbeba,0xbeba,0xbeba,0xbeba,0xbeba,0xbeba,0xbeba,0xbeba,0xbeba,0xbeba,0xbeba,0xbeba,0xbeba,0xbeba,0xbeba,0xbeba,0x324a,0x324a,
0x324a,0x324a,0x324a,0x324a,0x324a,0x324a,0x324a,0x324a,0x324a,0x324a,0x324a,0x324a,0x324a,0x324a,0x324a,0x324a,0x324a,0x324a,0x324a,0x324a,0x324a,0x324a,0x324a,0x324a,
0x324a,0x324a,0x324a,0x324a,0x324a,0x324a,0x324a,0x324a,0x324a,0x324a,0x324a,0x324a,0x324a,0x324a,0x324a,0x324a,0x324a,0x324a,0x324a,0x324a,0x324a,0x324a,0x324a,0x324a,
0x324a,0x324a,0x324a,0x324a,0x324a,0x324a,0x324a,0x324a,0x324a,0x324a,0x324a,0x324a,0xbeba,0xbeba,0xbeba,0xbeba,0xbeba,0xbeba,0xbeba,0xbeba,0xbeba,0xbeba,0xbeba,0xbeba,
0xbeba,0xbeba,0xbeba,0xbeba,0xbeba,0xbeba,0xbeba,0xbeba,0xbeba,0xbeba,0xbeba,0xbeba,0xbeba,0xbeba,0xbeba,0xbeba,0xbeba,0xbeba,0xbeba,0xbeba,0xbeba,0x324a,0x324a,0x324a,
0x324a,0x324a,0x324a,0x324a,0x324a,0x324a,0x324a,0x324a,0x324a,0x324a,0x324a,0x324a,0x324a,0x324a,0x324a,0x324a,0x324a,0x324a,0x324a,0x324a,0x324a,0x324a,0x324a,0x324a,
0x324a,0x324a,0x324a,0x324a,0x324a,0x324a,0x324a,0x324a,0x324a,0x324a,0x324a,0x324a,0x324a,0x324a,0x324a,0x324a,0x324a,0x324a,0x324a,0x324a,0x324a,0x324a,0x324a,0x324a,
0x324a,0x324a,0x324a,0x324a,0x324a,0x324a,0x324a,0x324a,0x324a,0x324a,0x324a,0x324a,0xbeba,0xbeba,0xbeba,0xbeba,0xbeba,0xbeba,0xbeba,0xbeba,0xbeba,0xbeba,0xbeba,0xbeba,
0xbeba,0xbeba,0xbeba,0xbeba,0xbeba,0xbeba,0xbeba,0xbeba,0xbeba,0xbeba,0xbeba,0xbeba,0xbeba,0xbeba,0xbeba,0xbeba,0xbeba,0xbeba,0xbeba,0xbeba,0xbeba,0x324a,0x324a,0x324a,
0x324a,0x324a,0x324a,0x324a,0x324a,0x324a,0x324a,0x324a,0x324a,0x324a,0x324a,0x324a,0x324a,0x324a,0x324a,0x324a,0x324a,0x324a,0x324a,0x324a,0x324a,0x324a,0x324a,0x324a,
0x324a,0x324a,0x324a,0x324a,0x324a,0x324a,0x324a,0x324a,0x324a,0x324a,0x324a,0x324a,0x324a,0x324a,0x324a,0x324a,0x324a,0x324a,0x324a,0x324a,0x324a,0x324a,0x324a,0x324a,
0x324a,0x324a,0x324a,0x324a,0x324a,0x324a,0x324a,0x324a,0x324a,0x324a,0x324a,0x324a,0x324a,0xbeba,0xbeba,0xbeba,0xbeba,0xbeba,0xbeba,0xbeba,0xbeba,0xbeba,0xbeba,0xbeba,
0xbeba,0xbeba,0xbeba,0xbeba,0xbeba,0xbeba,0xbeba,0xbeba,0xbeba,0xbeba,0xbeba,0x324a,0x324a,0x324a,0x324a,0x324a,0x324a,0x324a,0x324a,0x324a,0x324a,0x324a,0x324a,0x324a,
0x324a,0x324a,0x324a,0x324a,0x324a,0x324a,0x324a,0x324a,0x324a,0x324a,0x324a,0x324a,0x324a,0x324a,0x324a,0x324a,0x324a,0x324a,0x324a,0x324a,0x324a,0x324a,0x324a,0x324a,
0x324a,0x324a,0x324a,0x324a,0x324a,0x324a,0x324a,0x324a,0x324a,0x324a,0x324a,0x324a,0x324a,0x324a,0x324a,0x324a,0x324a,0x324a,0x324a,0x324a,0x324a,0x324a,0x324a,0x324a,
0x324a,0x324a,0x324a,0x324a,0x324a,0x324a,0x324a,0x324a,0x324a,0x324a,0x324a,0x324a,0x324a,0xbeba,0xbeba,0xbeba,0xbeba,0xbeba,0xbeba,0xbeba,0xbeba,0xbeba,0xbeba,0xbeba,
0xbeba,0xbeba,0xbeba,0xbeba,0xbeba,0xbeba,0xbeba,0xbeba,0xbeba,0xbeba,0xbeba,0x324a,0x324a,0x324a,0x324a,0x324a,0x324a,0x324a,0x324a,0x324a,0x324a,0x324a,0x324a,0x324a,
0x324a,0x324a,0x324a,0x324a,0x324a,0x324a,0x324a,0x324a,0x324a,0x324a,0x324a,0x324a,0x324a,0x324a,0x324a,0x324a,0x324a,0x324a,0x324a,0x324a,0x324a,0x324a,0x324a,0x324a,
0x324a,0x324a,0x324a,0x324a,0x324a,0x324a,0x324a,0x324a,0x324a,0x324a,0x324a,0x324a,0x324a,0x324a,0x324a,0x324a,0x324a,0x324a,0x324a,0x324a,0x324a,0x324a,0x324a,0x324a,
0x324a,0x324a,0x324a,0x324a,0x324a,0x324a,0x324a,0x324a,0x324a,0x324a,0x324a,0x324a,0xbeba,0xbeba,0xbeba,0xbeba,0xbeba,0xbeba,0xbeba,0xbeba,0xbeba,0xbeba,0xbeba,0xbeba,
0xbeba,0xbeba,0xbeba,0xbeba,0xbeba,0xbeba,0xbeba,0xbeba,0xbeba,0xbeba,0x324a,0x324a,0x324a,0x324a,0x324a,0x324a,0x324a,0x324a,0x324a,0x324a,0x324a,0x324a,0x324a,0x324a,
0x324a,0x324a,0x324a,0x324a,0x324a,0x324a,0x324a,0x324a,0x324a,0x324a,0x324a,0x324a,0x324a,0x324a,0x324a,0x324a,0x324a,0x324a,0x324a,0x324a,0x324a,0xbeba,0xbeba,0xbeba,
0xbeba,0xbeba,0xbeba,0xbeba,0x324a,0x324a,0x324a,0x324a,0x324a,0x324a,0x324a,0x324a,0x324a,0x324a,0x324a,0x324a,0x324a,0x324a,0x324a,0x324a,0x324a,0x324a,0x324a,0x324a,
0x324a,0x324a,0x324a,0x324a,0x324a,0x324a,0x324a,0x324a,0x324a,0x324a,0x324a,0xbeba,0xbeba,0xbeba,0xbeba,0xbeba,0xbeba,0xbeba,0xbeba,0xbeba,0xbeba,0xbeba,0xbeba,0xbeba,
0xbeba,0xbeba,0xbeba,0xbeba,0xbeba,0xbeba,0xbeba,0xbeba,0xbeba,0xbeba,0x324a,0x324a,0x324a,0x324a,0x324a,0x324a,0x324a,0x324a,0x324a,0x324a,0x324a,0x324a,0x324a,0x324a,
0x324a,0x324a,0x324a,0x324a,0x324a,0x324a,0x324a,0x324a,0x324a,0x324a,0x324a,0x324a,0x324a,0x324a,0x324a,0x324a,0x324a,0x324a,0xbeba,0xbeba,0xbeba,0xbeba,0xbeba,0xbeba,
0xbeba,0xbeba,0xbeba,0xbeba,0xbeba,0xbeba,0xbeba,0x324a,0x324a,0x324a,0x324a,0x324a,0x324a,0x324a,0x324a,0x324a,0x324a,0x324a,0x324a,0x324a,0x324a,0x324a,0x324a,0x324a,
0x324a,0x324a,0x324a,0x324a,0x324a,0x324a,0x324a,0x324a,0x324a,0x324a,0xbeba,0xbeba,0xbeba,0xbeba,0xbeba,0xbeba,0xbeba,0xbeba,0xbeba,0xbeba,0xbeba,0xbeba,0xbeba,0xbeba,
0xbeba,0xbeba,0xbeba,0xbeba,0xbeba,0xbeba,0xbeba,0xbeba,0xbeba,0x324a,0x324a,0x324a,0x324a,0x324a,0x324a,0x324a,0x324a,0x324a,0x324a,0x324a,0x324a,0x324a,0x324a,0x324a,
0x324a,0x324a,0x324a,0x324a,0x324a,0x324a,0x324a,0x324a,0x324a,0x324a,0x324a,0x324a,0x324a,0x324a,0x324a,0x324a,0x324a,0xbeba,0xbeba,0xbeba,0xbeba,0xbeba,0xbeba,0xbeba,
0xbeba,0xbeba,0xbeba,0xbeba,0xbeba,0xbeba,0xbeba,0xbeba,0x324a,0x324a,0x324a,0x324a,0x324a,0x324a,0x324a,0x324a,0x324a,0x324a,0x324a,0x324a,0x324a,0x324a,0x324a,0x324a,
0x324a,0x324a,0x324a,0x324a,0x324a,0x324a,0x324a,0x324a,0x324a,0x324a,0xbeba,0xbeba,0xbeba,0xbeba,0xbeba,0xbeba,0xbeba,0xbeba,0xbeba,0xbeba,0xbeba,0xbeba,0xbeba,0xbeba,
0xbeba,0xbeba,0xbeba,0xbeba,0xbeba,0xbeba,0xbeba,0xbeba,0xbeba,0x324a,0x324a,0x324a,0x324a,0x324a,0x324a,0x324a,0x324a,0x324a,0x324a,0x324a,0x324a,0x324a,0x324a,0x324a,
0x324a,0x324a,0x324a,0x324a,0x324a,0x324a,0x324a,0x324a,0x324a,0x324a,0x324a,0x324a,0x324a,0x324a,0x324a,0xbeba,0xbeba,0xbeba,0xbeba,0xbeba,0xbeba,0xbeba,0xbeba,0xbeba,
0xbeba,0xbeba,0xbeba,0xbeba,0xbeba,0xbeba,0xbeba,0xbeba,0xbeba,0xbeba,0x324a,0x324a,0x324a,0x324a,0x324a,0x324a,0x324a,0x324a,0x324a,0x324a,0x324a,0x324a,0x324a,0x324a,
0x324a,0x324a,0x324a,0x324a,0x324a,0x324a,0x324a,0x324a,0x324a,0xbeba,0xbeba,0xbeba,0xbeba,0xbeba,0xbeba,0xbeba,0xbeba,0xbeba,0xbeba,0xbeba,0xbeba,0xbeba,0xbeba,0xbeba,
0xbeba,0xbeba,0xbeba,0xbeba,0xbeba,0xbeba,0xbeba,0xbeba,0xbeba,0x324a,0x324a,0x324a,0x324a,0x324a,0x324a,0x324a,0x324a,0x324a,0x324a,0x324a,0x324a,0x324a,0x324a,0x324a,
0x324a,0x324a,0x324a,0x324a,0x324a,0x324a,0x324a,0x324a,0x324a,0x324a,0x324a,0x324a,0x324a,0x324a,0xbeba,0xbeba,0xbeba,0xbeba,0xbeba,0xbeba,0xbeba,0xbeba,0xbeba,0xbeba,
0xbeba,0xbeba,0xbeba,0xbeba,0xbeba,0xbeba,0xbeba,0xbeba,0xbeba,0xbeba,0xbeba,0x324a,0x324a,0x324a,0x324a,0x324a,0x324a,0x324a,0x324a,0x324a,0x324a,0x324a,0x324a,0x324a,
0x324a,0x324a,0x324a,0x324a,0x324a,0x324a,0x324a,0x324a,0xbeba,0xbeba,0xbeba,0xbeba,0xbeba,0xbeba,0xbeba,0xbeba,0xbeba,0xbeba,0xbeba,0xbeba,0xbeba,0xbeba,0xbeba,0xbeba,
0xbeba,0xbeba,0xbeba,0xbeba,0xbeba,0xbeba,0xbeba,0xbeba,0xbeba,0x324a,0x324a,0x324a,0x324a,0x324a,0x324a,0x324a,0x324a,0x324a,0x324a,0x324a,0x324a,0x324a,0x324a,0x324a,
0x324a,0x324a,0x324a,0x324a,0x324a,0x324a,0x324a,0x324a,0x324a,0x324a,0x324a,0x324a,0x324a,0xbeba,0xbeba,0xbeba,0xbeba,0xbeba,0xbeba,0xbeba,0xbeba,0xbeba,0xbeba,0xbeba,
0xbeba,0xbeba,0xbeba,0xbeba,0xbeba,0xbeba,0xbeba,0xbeba,0xbeba,0xbeba,0xbeba,0xbeba,0x324a,0x324a,0x324a,0x324a,0x324a,0x324a,0x324a,0x324a,0x324a,0x324a,0x324a,0x324a,
0x324a,0x324a,0x324a,0x324a,0x324a,0x324a,0x324a,0xbeba,0xbeba,0xbeba,0xbeba,0xbeba,0xbeba,0xbeba,0xbeba,0xbeba,0xbeba,0xbeba,0xbeba,0xbeba,0xbeba,0xbeba,0xbeba,0xbeba,
0xbeba,0xbeba,0xbeba,0xbeba,0xbeba,0xbeba,0xbeba,0xbeba,0x324a,0x324a,0x324a,0x324a,0x324a,0x324a,0x324a,0x324a,0x324a,0x324a,0x324a,0x324a,0x324a,0x324a,0x324a,0x324a,
0x324a,0x324a,0x324a,0x324a,0x324a,0x324a,0x324a,0x324a,0x324a,0x324a,0x324a,0x324a,0x324a,0xbeba,0xbeba,0xbeba,0xbeba,0xbeba,0xbeba,0xbeba,0xbeba,0xbeba,0xbeba,0xbeba,
0xbeba,0xbeba,0xbeba,0xbeba,0xbeba,0xbeba,0xbeba,0xbeba,0xbeba,0xbeba,0xbeba,0xbeba,0x324a,0x324a,0x324a,0x324a,0x324a,0x324a,0x324a,0x324a,0x324a,0x324a,0x324a,0x324a,
0x324a,0x324a,0x324a,0x324a,0x324a,0x324a,0x324a,0xbeba,0xbeba,0xbeba,0xbeba,0xbeba,0xbeba,0xbeba,0xbeba,0xbeba,0xbeba,0xbeba,0xbeba,0xbeba,0xbeba,0xbeba,0xbeba,0xbeba,
0xbeba,0xbeba,0xbeba,0xbeba,0xbeba,0xbeba,0xbeba,0xbeba,0x324a,0x324a,0x324a,0x324a,0x324a,0x324a,0x324a,0x324a,0x324a,0x324a,0x324a,0x324a,0x324a,0x324a,0x324a,0x324a,
0x324a,0x324a,0x324a,0x324a,0x324a,0x324a,0x324a,0x324a,0x324a,0x324a,0x324a,0x324a,0xbeba,0xbeba,0xbeba,0xbeba,0xbeba,0xbeba,0xbeba,0xbeba,0xbeba,0xbeba,0xbeba,0xbeba,
0xbeba,0xbeba,0xbeba,0xbeba,0xbeba,0xbeba,0xbeba,0xbeba,0xbeba,0xbeba,0xbeba,0xbeba,0xbeba,0x324a,0x324a,0x324a,0x324a,0x324a,0x324a,0x324a,0x324a,0x324a,0x324a,0x324a,
0x324a,0x324a,0x324a,0x324a,0x324a,0x324a,0x324a,0xbeba,0xbeba,0xbeba,0xbeba,0xbeba,0xbeba,0xbeba,0xbeba,0xbeba,0xbeba,0xbeba,0xbeba,0xbeba,0xbeba,0xbeba,0xbeba,0xbeba,
0xbeba,0xbeba,0xbeba,0xbeba,0xbeba,0xbeba,0xbeba,0xbeba,0x324a,0x324a,0x324a,0x324a,0x324a,0x324a,0x324a,0x324a,0x324a,0x324a,0x324a,0x324a,0x324a,0x324a,0x324a,0x324a,
0x324a,0x324a,0x324a,0x324a,0x324a,0x324a,0x324a,0x324a,0x324a,0x324a,0x324a,0xbeba,0xbeba,0xbeba,0xbeba,0xbeba,0xbeba,0xbeba,0xbeba,0xbeba,0xbeba,0xbeba,0xbeba,0xbeba,
0xbeba,0xbeba,0xbeba,0xbeba,0xbeba,0xbeba,0xbeba,0xbeba,0xbeba,0xbeba,0xbeba,0xbeba,0xbeba,0xbeba,0x324a,0x324a,0x324a,0x324a,0x324a,0x324a,0x324a,0x324a,0x324a,0x324a,
0x324a,0x324a,0x324a,0x324a,0x324a,0x324a,0x324a,0x324a,0xbeba,0xbeba,0xbeba,0xbeba,0xbeba,0xbeba,0xbeba,0xbeba,0xbeba,0xbeba,0xbeba,0xbeba,0xbeba,0xbeba,0xbeba,0xbeba,
0xbeba,0xbeba,0xbeba,0xbeba,0xbeba,0xbeba,0xbeba,0xbeba,0xbeba,0x324a,0x324a,0x324a,0x324a,0x324a,0x324a,0x324a,0x324a,0x324a,0x324a,0x324a,0x324a,0x324a,0x324a,0x324a,
0x324a,0x324a,0x324a,0x324a,0x324a,0x324a,0x324a,0x324a,0x324a,0x324a,0x324a,0xbeba,0xbeba,0xbeba,0xbeba,0xbeba,0xbeba,0xbeba,0xbeba,0xbeba,0xbeba,0xbeba,0xbeba,0xbeba,
0xbeba,0xbeba,0xbeba,0xbeba,0xbeba,0xbeba,0xbeba,0xbeba,0xbeba,0xbeba,0xbeba,0xbeba,0xbeba,0xbeba,0x324a,0x324a,0x324a,0x324a,0x324a,0x324a,0x324a,0x324a,0x324a,0x324a,
0x324a,0x324a,0x324a,0x324a,0x324a,0x324a,0x324a,0x324a,0xbeba,0xbeba,0xbeba,0xbeba,0xbeba,0xbeba,0xbeba,0xbeba,0xbeba,0xbeba,0xbeba,0xbeba,0xbeba,0xbeba,0xbeba,0xbeba,
0xbeba,0xbeba,0xbeba,0xbeba,0xbeba,0xbeba,0xbeba,0xbeba,0xbeba,0xbeba,0xbeba,0x324a,0x324a,0x324a,0x324a,0x324a,0x324a,0x324a,0x324a,0x324a,0x324a,0x324a,0x324a,0x324a,
0x324a,0x324a,0x324a,0x324a,0x324a,0x324a,0x324a,0x324a,0x324a,0x324a,0x324a,0xbeba,0xbeba,0xbeba,0xbeba,0xbeba,0xbeba,0xbeba,0xbeba,0xbeba,0xbeba,0xbeba,0xbeba,0xbeba,
0xbeba,0xbeba,0xbeba,0xbeba,0xbeba,0xbeba,0xbeba,0xbeba,0xbeba,0xbeba,0xbeba,0xbeba,0xbeba,0xbeba,0x324a,0x324a,0x324a,0x324a,0x324a,0x324a,0x324a,0x324a,0x324a,0x324a,
0x324a,0x324a,0x324a,0x324a,0x324a,0x324a,0x324a,0x324a,0xbeba,0xbeba,0xbeba,0xbeba,0xbeba,0xbeba,0xbeba,0xbeba,0xbeba,0xbeba,0xbeba,0xbeba,0xbeba,0xbeba,0xbeba,0xbeba,
0xbeba,0xbeba,0xbeba,0xbeba,0xbeba,0xbeba,0xbeba,0xbeba,0xbeba,0xbeba,0xbeba,0xbeba,0x324a,0x324a,0x324a,0x324a,0x324a,0x324a,0x324a,0x324a,0x324a,0x324a,0x324a,0x324a,
0x324a,0x324a,0x324a,0x324a,0x324a,0x324a,0x324a,0x324a,0x324a,0x324a,0xbeba,0xbeba,0xbeba,0xbeba,0xbeba,0xbeba,0xbeba,0xbeba,0xbeba,0xbeba,0xbeba,0xbeba,0xbeba,0xbeba,
0xbeba,0xbeba,0xbeba,0xbeba,0xbeba,0xbeba,0xbeba,0xbeba,0xbeba,0xbeba,0xbeba,0xbeba,0xbeba,0xbeba,0xbeba,0x324a,0x324a,0x324a,0x324a,0x324a,0x324a,0x324a,0x324a,0x324a,
0x324a,0x324a,0x324a,0x324a,0x324a,0x324a,0x324a,0x324a,0xbeba,0xbeba,0xbeba,0xbeba,0xbeba,0xbeba,0xbeba,0xbeba,0xbeba,0xbeba,0xbeba,0xbeba,0xbeba,0xbeba,0xbeba,0xbeba,
0xbeba,0xbeba,0xbeba,0xbeba,0xbeba,0xbeba,0xbeba,0xbeba,0xbeba,0xbeba,0xbeba,0xbeba,0xbeba,0x324a,0x324a,0x324a,0x324a,0x324a,0x324a,0x324a,0x324a,0x324a,0x324a,0x324a,
0x324a,0x324a,0x324a,0x324a,0x324a,0x324a,0x324a,0x324a,0x324a,0x324a,0xbeba,0xbeba,0xbeba,0xbeba,0xbeba,0xbeba,0xbeba,0xbeba,0xbeba,0xbeba,0xbeba,0xbeba,0xbeba,0xbeba,
0xbeba,0xbeba,0xbeba,0xbeba,0xbeba,0xbeba,0xbeba,0xbeba,0xbeba,0xbeba,0xbeba,0xbeba,0xbeba,0xbeba,0xbeba,0x324a,0x324a,0x324a,0x324a,0x324a,0x324a,0x324a,0x324a,0x324a,
0x324a,0x324a,0x324a,0x324a,0x324a,0x324a,0x324a,0x324a,0x324a,0xbeba,0xbeba,0xbeba,0xbeba,0xbeba,0xbeba,0xbeba,0xbeba,0xbeba,0xbeba,0xbeba,0xbeba,0xbeba,0xbeba,0xbeba,
0xbeba,0xbeba,0xbeba,0xbeba,0xbeba,0xbeba,0xbeba,0xbeba,0xbeba,0xbeba,0xbeba,0xbeba,0xbeba,0xbeba,0xbeba,0x324a,0x324a,0x324a,0x324a,0x324a,0x324a,0x324a,0x324a,0x324a,
0x324a,0x324a,0x324a,0x324a,0x324a,0x324a,0x324a,0x324a,0x324a,0x324a,0xbeba,0xbeba,0xbeba,0xbeba,0xbeba,0xbeba,0xbeba,0xbeba,0xbeba,0xbeba,0xbeba,0xbeba,0xbeba,0xbeba,
0xbeba,0xbeba,0xbeba,0xbeba,0xbeba,0xbeba,0xbeba,0xbeba,0xbeba,0xbeba,0xbeba,0xbeba,0xbeba,0xbeba,0xbeba,0x324a,0x324a,0x324a,0x324a,0x324a,0x324a,0x324a,0x324a,0x324a,
0x324a,0x324a,0x324a,0x324a,0x324a,0x324a,0x324a,0x324a,0x324a,0xbeba,0xbeba,0xbeba,0xbeba,0xbeba,0xbeba,0xbeba,0xbeba,0xbeba,0xbeba,0xbeba,0xbeba,0xbeba,0xbeba,0xbeba,
0xbeba,0xbeba,0xbeba,0xbeba,0xbeba,0xbeba,0xbeba,0xbeba,0xbeba,0xbeba,0xbeba,0xbeba,0xbeba,0xbeba,0xbeba,0xbeba,0x324a,0x324a,0x324a,0x324a,0x324a,0x324a,0x324a,0x324a,
0x324a,0x324a,0x324a,0x324a,0x324a,0x324a,0x324a,0x324a,0x324a,0x324a,0xbeba,0xbeba,0xbeba,0xbeba,0xbeba,0xbeba,0xbeba,0xbeba,0xbeba,0xbeba,0xbeba,0xbeba,0xbeba,0xbeba,
0xbeba,0xbeba,0xbeba,0xbeba,0xbeba,0xbeba,0xbeba,0xbeba,0xbeba,0xbeba,0xbeba,0xbeba,0xbeba,0xbeba,0xbeba,0x324a,0x324a,0x324a,0x324a,0x324a,0x324a,0x324a,0x324a,0x324a,
0x324a,0x324a,0x324a,0x324a,0x324a,0x324a,0x324a,0x324a,0x324a,0xbeba,0xbeba,0xbeba,0xbeba,0xbeba,0xbeba,0xbeba,0xbeba,0xbeba,0xbeba,0xbeba,0xbeba,0xbeba,0xbeba,0xbeba,
0xbeba,0xbeba,0xbeba,0xbeba,0xbeba,0xbeba,0xbeba,0xbeba,0xbeba,0xbeba,0xbeba,0xbeba,0xbeba,0xbeba,0xbeba,0xbeba,0x324a,0x324a,0x324a,0x324a,0x324a,0x324a,0x324a,0x324a,
0x324a,0x324a,0x324a,0x324a,0x324a,0x324a,0x324a,0x324a,0x324a,0x324a,0xbeba,0xbeba,0xbeba,0xbeba,0xbeba,0xbeba,0xbeba,0xbeba,0xbeba,0xbeba,0xbeba,0xbeba,0xbeba,0xbeba,
0xbeba,0xbeba,0xbeba,0xbeba,0xbeba,0xbeba,0xbeba,0xbeba,0xbeba,0xbeba,0xbeba,0xbeba,0xbeba,0xbeba,0xbeba,0x324a,0x324a,0x324a,0x324a,0x324a,0x324a,0x324a,0x324a,0x324a,
0x324a,0x324a,0x324a,0x324a,0x324a,0x324a,0x324a,0x324a,0x324a,0x324a,0xbeba,0xbeba,0xbeba,0xbeba,0xbeba,0xbeba,0xbeba,0xbeba,0xbeba,0xbeba,0xbeba,0xbeba,0xbeba,0xbeba,
0xbeba,0xbeba,0xbeba,0xbeba,0xbeba,0xbeba,0xbeba,0xbeba,0xbeba,0xbeba,0xbeba,0xbeba,0xbeba,0xbeba,0xbeba,0xbeba,0x324a,0x324a,0x324a,0x324a,0x324a,0x324a,0x324a,0x324a,
0x324a,0x324a,0x324a,0x324a,0x324a,0x324a,0x324a,0x324a,0x324a,0x324a,0xbeba,0xbeba,0xbeba,0xbeba,0xbeba,0xbeba,0xbeba,0xbeba,0xbeba,0xbeba,0xbeba,0xbeba,0xbeba,0xbeba,
0xbeba,0xbeba,0xbeba,0xbeba,0xbeba,0xbeba,0xbeba,0xbeba,0xbeba,0xbeba,0xbeba,0xbeba,0xbeba,0xbeba,0xbeba,0x324a,0x324a,0x324a,0x324a,0x324a,0x324a,0x324a,0x324a,0x324a,
0x324a,0x324a,0x324a,0x324a,0x324a,0x324a,0x324a,0x324a,0x324a,0x324a,0x324a,0x324a,0xbeba,0xbeba,0xbeba,0xbeba,0xbeba,0xbeba,0xbeba,0xbeba,0xbeba,0xbeba,0xbeba,0xbeba,
0xbeba,0xbeba,0xbeba,0xbeba,0xbeba,0xbeba,0xbeba,0xbeba,0xbeba,0xbeba,0xbeba,0xbeba,0xbeba,0xbeba,0xbeba,0xbeba,0x324a,0x324a,0x324a,0x324a,0x324a,0x324a,0x324a,0x324a,
0x324a,0x324a,0x324a,0x324a,0x324a,0x324a,0x324a,0x324a,0x324a,0x324a,0xbeba,0xbeba,0xbeba,0xbeba,0xbeba,0xbeba,0xbeba,0xbeba,0xbeba,0xbeba,0xbeba,0xbeba,0xbeba,0xbeba,
0xbeba,0xbeba,0xbeba,0xbeba,0xbeba,0xbeba,0xbeba,0xbeba,0xbeba,0xbeba,0xbeba,0xbeba,0xbeba,0xbeba,0xbeba,0x324a,0x324a,0x324a,0x324a,0x324a,0x324a,0x324a,0x324a,0x324a,
0x324a,0x324a,0x324a,0x324a,0x324a,0x324a,0x324a,0x324a,0x324a,0x324a,0x324a,0x324a,0x324a,0xbeba,0xbeba,0xbeba,0xbeba,0xbeba,0xbeba,0xbeba,0xbeba,0xbeba,0xbeba,0xbeba,
0xbeba,0xbeba,0xbeba,0xbeba,0xbeba,0xbeba,0xbeba,0xbeba,0xbeba,0xbeba,0xbeba,0xbeba,0xbeba,0xbeba,0xbeba,0xbeba,0x324a,0x324a,0x324a,0x324a,0x324a,0x324a,0x324a,0x324a,
0x324a,0x324a,0x324a,0x324a,0x324a,0x324a,0x324a,0x324a,0x324a,0x324a,0x324a,0xbeba,0xbeba,0xbeba,0xbeba,0xbeba,0xbeba,0xbeba,0xbeba,0xbeba,0xbeba,0xbeba,0xbeba,0xbeba,
0xbeba,0xbeba,0xbeba,0xbeba,0xbeba,0xbeba,0xbeba,0xbeba,0xbeba,0xbeba,0xbeba,0xbeba,0xbeba,0xbeba,0x324a,0x324a,0x324a,0x324a,0x324a,0x324a,0x324a,0x324a,0x324a,0x324a,
0x324a,0x324a,0x324a,0x324a,0x324a,0x324a,0x324a,0x324a,0x324a,0x324a,0x324a,0x324a,0x324a,0x324a,0x324a,0xbeba,0xbeba,0xbeba,0xbeba,0xbeba,0xbeba,0xbeba,0xbeba,0xbeba,
0xbeba,0xbeba,0xbeba,0xbeba,0xbeba,0xbeba,0xbeba,0xbeba,0xbeba,0xbeba,0xbeba,0xbeba,0xbeba,0xbeba,0xbeba,0xbeba,0x324a,0x324a,0x324a,0x324a,0x324a,0x324a,0x324a,0x324a,
0x324a,0x324a,0x324a,0x324a,0x324a,0x324a,0x324a,0x324a,0x324a,0x324a,0x324a,0xbeba,0xbeba,0xbeba,0xbeba,0xbeba,0xbeba,0xbeba,0xbeba,0xbeba,0xbeba,0xbeba,0xbeba,0xbeba,
0xbeba,0xbeba,0xbeba,0xbeba,0xbeba,0xbeba,0xbeba,0xbeba,0xbeba,0xbeba,0xbeba,0xbeba,0xbeba,0xbeba,0x324a,0x324a,0x324a,0x324a,0x324a,0x324a,0x324a,0x324a,0x324a,0x324a,
0x324a,0x324a,0x324a,0x324a,0x324a,0x324a,0x324a,0x324a,0x324a,0x324a,0x324a,0x324a,0x324a,0x324a,0x324a,0x324a,0xbeba,0xbeba,0xbeba,0xbeba,0xbeba,0xbeba,0xbeba,0xbeba,
0xbeba,0xbeba,0xbeba,0xbeba,0xbeba,0xbeba,0xbeba,0xbeba,0xbeba,0xbeba,0xbeba,0xbeba,0xbeba,0xbeba,0xbeba,0xbeba,0xbeba,0x324a,0x324a,0x324a,0x324a,0x324a,0x324a,0x324a,
0x324a,0x324a,0x324a,0x324a,0x324a,0x324a,0x324a,0x324a,0x324a,0x324a,0x324a,0xbeba,0xbeba,0xbeba,0xbeba,0xbeba,0xbeba,0xbeba,0xbeba,0xbeba,0xbeba,0xbeba,0xbeba,0xbeba,
0xbeba,0xbeba,0xbeba,0xbeba,0xbeba,0xbeba,0xbeba,0xbeba,0xbeba,0xbeba,0xbeba,0xbeba,0xbeba,0xbeba,0x324a,0x324a,0x324a,0x324a,0x324a,0x324a,0x324a,0x324a,0x324a,0x324a,
0x324a,0x324a,0x324a,0x324a,0x324a,0x324a,0x324a,0x324a,0x324a,0x324a,0x324a,0x324a,0x324a,0x324a,0x324a,0x324a,0xbeba,0xbeba,0xbeba,0xbeba,0xbeba,0xbeba,0xbeba,0xbeba,
0xbeba,0xbeba,0xbeba,0xbeba,0xbeba,0xbeba,0xbeba,0xbeba,0xbeba,0xbeba,0xbeba,0xbeba,0xbeba,0xbeba,0xbeba,0xbeba,0xbeba,0x324a,0x324a,0x324a,0x324a,0x324a,0x324a,0x324a,
0x324a,0x324a,0x324a,0x324a,0x324a,0x324a,0x324a,0x324a,0x324a,0x324a,0x324a,0x324a,0xbeba,0xbeba,0xbeba,0xbeba,0xbeba,0xbeba,0xbeba,0xbeba,0xbeba,0xbeba,0xbeba,0xbeba,
0xbeba,0xbeba,0xbeba,0xbeba,0xbeba,0xbeba,0xbeba,0xbeba,0xbeba,0xbeba,0xbeba,0xbeba,0xbeba,0x324a,0x324a,0x324a,0x324a,0x324a,0x324a,0x324a,0x324a,0x324a,0x324a,0x324a,
0x324a,0x324a,0x324a,0x324a,0x324a,0x324a,0x324a,0x324a,0x324a,0x324a,0x324a,0x324a,0x324a,0x324a,0x324a,0x324a,0xbeba,0xbeba,0xbeba,0xbeba,0xbeba,0xbeba,0xbeba,0xbeba,
0xbeba,0xbeba,0xbeba,0xbeba,0xbeba,0xbeba,0xbeba,0xbeba,0xbeba,0xbeba,0xbeba,0xbeba,0xbeba,0xbeba,0xbeba,0xbeba,0xbeba,0x324a,0x324a,0x324a,0x324a,0x324a,0x324a,0x324a,
0x324a,0x324a,0x324a,0x324a,0x324a,0x324a,0x324a,0x324a,0x324a,0x324a,0x324a,0x324a,0x324a,0xbeba,0xbeba,0xbeba,0xbeba,0xbeba,0xbeba,0xbeba,0xbeba,0xbeba,0xbeba,0xbeba,
0xbeba,0xbeba,0xbeba,0xbeba,0xbeba,0xbeba,0xbeba,0xbeba,0xbeba,0xbeba,0xbeba,0xbeba,0x324a,0x324a,0x324a,0x324a,0x324a,0x324a,0x324a,0x324a,0x324a,0x324a,0x324a,0x324a,
0x324a,0x324a,0x324a,0x324a,0x324a,0x324a,0x324a,0x324a,0x324a,0x324a,0x324a,0x324a,0x324a,0x324a,0x324a,0xbeba,0xbeba,0xbeba,0xbeba,0xbeba,0xbeba,0xbeba,0xbeba,0xbeba,
0xbeba,0xbeba,0xbeba,0xbeba,0xbeba,0xbeba,0xbeba,0xbeba,0xbeba,0xbeba,0xbeba,0xbeba,0xbeba,0xbeba,0xbeba,0xbeba,0x324a,0x324a,0x324a,0x324a,0x324a,0x324a,0x324a,0x324a,
0x324a,0x324a,0x324a,0x324a,0x324a,0x324a,0x324a,0x324a,0x324a,0x324a,0x324a,0x324a,0x324a,0xbeba,0xbeba,0xbeba,0xbeba,0xbeba,0xbeba,0xbeba,0xbeba,0xbeba,0xbeba,0xbeba,
0xbeba,0xbeba,0xbeba,0xbeba,0xbeba,0xbeba,0xbeba,0xbeba,0xbeba,0xbeba,0xbeba,0xbeba,0x324a,0x324a,0x324a,0x324a,0x324a,0x324a,0x324a,0x324a,0x324a,0x324a,0x324a,0x324a,
0x324a,0x324a,0x324a,0x324a,0x324a,0x324a,0x324a,0x324a,0x324a,0x324a,0x324a,0x324a,0x324a,0x324a,0x324a,0xbeba,0xbeba,0xbeba,0xbeba,0xbeba,0xbeba,0xbeba,0xbeba,0xbeba,
0xbeba,0xbeba,0xbeba,0xbeba,0xbeba,0xbeba,0xbeba,0xbeba,0xbeba,0xbeba,0xbeba,0xbeba,0xbeba,0xbeba,0xbeba,0x324a,0x324a,0x324a,0x324a,0x324a,0x324a,0x324a,0x324a,0x324a,
0x324a,0x324a,0x324a,0x324a,0x324a,0x324a,0x324a,0x324a,0x324a,0x324a,0x324a,0x324a,0x324a,0x324a,0xbeba,0xbeba,0xbeba,0xbeba,0xbeba,0xbeba,0xbeba,0xbeba,0xbeba,0xbeba,
0xbeba,0xbeba,0xbeba,0xbeba,0xbeba,0xbeba,0xbeba,0xbeba,0xbeba,0xbeba,0xbeba,0x324a,0x324a,0x324a,0x324a,0x324a,0x324a,0x324a,0x324a,0x324a,0x324a,0x324a,0x324a,0x324a,
0x324a,0x324a,0x324a,0x324a,0x324a,0x324a,0x324a,0x324a,0x324a,0x324a,0x324a,0x324a,0x324a,0x324a,0x324a,0xbeba,0xbeba,0xbeba,0xbeba,0xbeba,0xbeba,0xbeba,0xbeba,0xbeba,
0xbeba,0xbeba,0xbeba,0xbeba,0xbeba,0xbeba,0xbeba,0xbeba,0xbeba,0xbeba,0xbeba,0xbeba,0xbeba,0xbeba,0x324a,0x324a,0x324a,0x324a,0x324a,0x324a,0x324a,0x324a,0x324a,0x324a,
0x324a,0x324a,0x324a,0x324a,0x324a,0x324a,0x324a,0x324a,0x324a,0x324a,0x324a,0x324a,0x324a,0x324a,0x324a,0xbeba,0xbeba,0xbeba,0xbeba,0xbeba,0xbeba,0xbeba,0xbeba,0xbeba,
0xbeba,0xbeba,0xbeba,0xbeba,0xbeba,0xbeba,0xbeba,0xbeba,0xbeba,0xbeba,0x324a,0x324a,0x324a,0x324a,0x324a,0x324a,0x324a,0x324a,0x324a,0x324a,0x324a,0x324a,0x324a,0x324a,
0x324a,0x324a,0x324a,0x324a,0x324a,0x324a,0x324a,0x324a,0x324a,0x324a,0x324a,0x324a,0x324a,0x324a,0x324a,0xbeba,0xbeba,0xbeba,0xbeba,0xbeba,0xbeba,0xbeba,0xbeba,0xbeba,
0xbeba,0xbeba,0xbeba,0xbeba,0xbeba,0xbeba,0xbeba,0xbeba,0xbeba,0xbeba,0xbeba,0xbeba,0xbeba,0xbeba,0x324a,0x324a,0x324a,0x324a,0x324a,0x324a,0x324a,0x324a,0x324a,0x324a,
0x324a,0x324a,0x324a,0x324a,0x324a,0x324a,0x324a,0x324a,0x324a,0x324a,0x324a,0x324a,0x324a,0x324a,0x324a,0x324a,0x324a,0xbeba,0xbeba,0xbeba,0xbeba,0xbeba,0xbeba,0xbeba,
0xbeba,0xbeba,0xbeba,0xbeba,0xbeba,0xbeba,0xbeba,0xbeba,0x324a,0x324a,0x324a,0x324a,0x324a,0x324a,0x324a,0x324a,0x324a,0x324a,0x324a,0x324a,0x324a,0x324a,0x324a,0x324a,
0x324a,0x324a,0x324a,0x324a,0x324a,0x324a,0x324a,0x324a,0x324a,0x324a,0x324a,0x324a,0x324a,0x324a,0xbeba,0xbeba,0xbeba,0xbeba,0xbeba,0xbeba,0xbeba,0xbeba,0xbeba,0xbeba,
0xbeba,0xbeba,0xbeba,0xbeba,0xbeba,0xbeba,0xbeba,0xbeba,0xbeba,0xbeba,0xbeba,0xbeba,0xbeba,0x324a,0x324a,0x324a,0x324a,0x324a,0x324a,0x324a,0x324a,0x324a,0x324a,0x324a,
0x324a,0x324a,0x324a,0x324a,0x324a,0x324a,0x324a,0x324a,0x324a,0x324a,0x324a,0x324a,0x324a,0x324a,0x324a,0x324a,0x324a,0x324a,0xbeba,0xbeba,0xbeba,0xbeba,0xbeba,0xbeba,
0xbeba,0xbeba,0xbeba,0xbeba,0xbeba,0xbeba,0xbeba,0x324a,0x324a,0x324a,0x324a,0x324a,0x324a,0x324a,0x324a,0x324a,0x324a,0x324a,0x324a,0x324a,0x324a,0x324a,0x324a,0x324a,
0x324a,0x324a,0x324a,0x324a,0x324a,0x324a,0x324a,0x324a,0x324a,0x324a,0x324a,0x324a,0x324a,0x324a,0xbeba,0xbeba,0xbeba,0xbeba,0xbeba,0xbeba,0xbeba,0xbeba,0xbeba,0xbeba,
0xbeba,0xbeba,0xbeba,0xbeba,0xbeba,0xbeba,0xbeba,0xbeba,0xbeba,0xbeba,0xbeba,0xbeba,0x324a,0x324a,0x324a,0x324a,0x324a,0x324a,0x324a,0x324a,0x324a,0x324a,0x324a,0x324a,
0x324a,0x324a,0x324a,0x324a,0x324a,0x324a,0x324a,0x324a,0x324a,0x324a,0x324a,0x324a,0x324a,0x324a,0x324a,0x324a,0x324a,0x324a,0x324a,0x324a,0x324a,0xbeba,0xbeba,0xbeba,
0xbeba,0xbeba,0xbeba,0xbeba,0x324a,0x324a,0x324a,0x324a,0x324a,0x324a,0x324a,0x324a,0x324a,0x324a,0x324a,0x324a,0x324a,0x324a,0x324a,0x324a,0x324a,0x324a,0x324a,0x324a,
0x324a,0x324a,0x324a,0x324a,0x324a,0x324a,0x324a,0x324a,0x324a,0x324a,0x324a,0x324a,0x324a,0xbeba,0xbeba,0xbeba,0xbeba,0xbeba,0xbeba,0xbeba,0xbeba,0xbeba,0xbeba,0xbeba,
0xbeba,0xbeba,0xbeba,0xbeba,0xbeba,0xbeba,0xbeba,0xbeba,0xbeba,0xbeba,0xbeba,0x324a,0x324a,0x324a,0x324a,0x324a,0x324a,0x324a,0x324a,0x324a,0x324a,0x324a,0x324a,0x324a,
0x324a,0x324a,0x324a,0x324a,0x324a,0x324a,0x324a,0x324a,0x324a,0x324a,0x324a,0x324a,0x324a,0x324a,0x324a,0x324a,0x324a,0x324a,0x324a,0x324a,0x324a,0x324a,0x324a,0x324a,
0x324a,0x324a,0x324a,0x324a,0x324a,0x324a,0x324a,0x324a,0x324a,0x324a,0x324a,0x324a,0x324a,0x324a,0x324a,0x324a,0x324a,0x324a,0x324a,0x324a,0x324a,0x324a,0x324a,0x324a,
0x324a,0x324a,0x324a,0x324a,0x324a,0x324a,0x324a,0x324a,0x324a,0x324a,0x324a,0x324a,0x324a,0xbeba,0xbeba,0xbeba,0xbeba,0xbeba,0xbeba,0xbeba,0xbeba,0xbeba,0xbeba,0xbeba,
0xbeba,0xbeba,0xbeba,0xbeba,0xbeba,0xbeba,0xbeba,0xbeba,0xbeba,0xbeba,0xbeba,0x324a,0x324a,0x324a,0x324a,0x324a,0x324a,0x324a,0x324a,0x324a,0x324a,0x324a,0x324a,0x324a,
0x324a,0x324a,0x324a,0x324a,0x324a,0x324a,0x324a,0x324a,0x324a,0x324a,0x324a,0x324a,0x324a,0x324a,0x324a,0x324a,0x324a,0x324a,0x324a,0x324a,0x324a,0x324a,0x324a,0x324a,
0x324a,0x324a,0x324a,0x324a,0x324a,0x324a,0x324a,0x324a,0x324a,0x324a,0x324a,0x324a,0x324a,0x324a,0x324a,0x324a,0x324a,0x324a,0x324a,0x324a,0x324a,0x324a,0x324a,0x324a,
0x324a,0x324a,0x324a,0x324a,0xbeba,0xbeba,0xbeba,0xbeba,0xbeba,0xbeba,0xbeba,0xbeba,0xbeba,0xbeba,0xbeba,0xbeba,0xbeba,0xbeba,0xbeba,0xbeba,0xbeba,0xbeba,0xbeba,0xbeba,
0xbeba,0xbeba,0xbeba,0xbeba,0xbeba,0xbeba,0xbeba,0xbeba,0xbeba,0xbeba,0xbeba,0xbeba,0x324a,0x324a,0x324a,0x324a,0x324a,0x324a,0x324a,0x324a,0x324a,0x324a,0x324a,0x324a,
0x324a,0x324a,0x324a,0x324a,0x324a,0x324a,0x324a,0x324a,0x324a,0x324a,0x324a,0x324a,0x324a,0x324a,0x324a,0x324a,0x324a,0x324a,0x324a,0x324a,0x324a,0x324a,0x324a,0x324a,
0x324a,0x324a,0x324a,0x324a,0x324a,0x324a,0x324a,0x324a,0x324a,0x324a,0x324a,0x324a,0x324a,0x324a,0x324a,0x324a,0x324a,0x324a,0x324a,0x324a,0x324a,0x324a,0x324a,0x324a,
0x324a,0x324a,0x324a,0xbeba,0xbeba,0xbeba,0xbeba,0xbeba,0xbeba,0xbeba,0xbeba,0xbeba,0xbeba,0xbeba,0xbeba,0xbeba,0xbeba,0xbeba,0xbeba,0xbeba,0xbeba,0xbeba,0xbeba,0xbeba,
0xbeba,0xbeba,0xbeba,0xbeba,0xbeba,0xbeba,0xbeba,0xbeba,0xbeba,0xbeba,0xbeba,0xbeba,0x324a,0x324a,0x324a,0x324a,0x324a,0x324a,0x324a,0x324a,0x324a,0x324a,0x324a,0x324a,
0x324a,0x324a,0x324a,0x324a,0x324a,0x324a,0x324a,0x324a,0x324a,0x324a,0x324a,0x324a,0x324a,0x324a,0x324a,0x324a,0x324a,0x324a,0x324a,0x324a,0x324a,0x324a,0x324a,0x324a,
0x324a,0x324a,0x324a,0x324a,0x324a,0x324a,0x324a,0x324a,0x324a,0x324a,0x324a,0x324a,0x324a,0x324a,0x324a,0x324a,0x324a,0x324a,0x324a,0x324a,0x324a,0x324a,0x324a,0x324a,
0x324a,0x324a,0x324a,0xbeba,0xbeba,0xbeba,0xbeba,0xbeba,0xbeba,0xbeba,0xbeba,0xbeba,0xbeba,0xbeba,0xbeba,0xbeba,0xbeba,0xbeba,0xbeba,0xbeba,0xbeba,0xbeba,0xbeba,0xbeba,
0xbeba,0xbeba,0xbeba,0xbeba,0xbeba,0xbeba,0xbeba,0xbeba,0xbeba,0xbeba,0xbeba,0xbeba,0xbeba,0x324a,0x324a,0x324a,0x324a,0x324a,0x324a,0x324a,0x324a,0x324a,0x324a,0x324a,
0x324a,0x324a,0x324a,0x324a,0x324a,0x324a,0x324a,0x324a,0x324a,0x324a,0x324a,0x324a,0x324a,0x324a,0x324a,0x324a,0x324a,0x324a,0x324a,0x324a,0x324a,0x324a,0x324a,0x324a,
0x324a,0x324a,0x324a,0x324a,0x324a,0x324a,0x324a,0x324a,0x324a,0x324a,0x324a,0x324a,0x324a,0x324a,0x324a,0x324a,0x324a,0x324a,0x324a,0x324a,0x324a,0x324a,0x324a,0x324a,
0x324a,0x324a,0xbeba,0xbeba,0xbeba,0xbeba,0xbeba,0xbeba,0xbeba,0xbeba,0xbeba,0xbeba,0xbeba,0xbeba,0xbeba,0xbeba,0xbeba,0xbeba,0xbeba,0xbeba,0xbeba,0xbeba,0xbeba,0xbeba,
0xbeba,0xbeba,0xbeba,0xbeba,0xbeba,0xbeba,0xbeba,0xbeba,0xbeba,0xbeba,0xbeba,0xbeba,0xbeba,0x324a,0x324a,0x324a,0x324a,0x324a,0x324a,0x324a,0x324a,0x324a,0x324a,0x324a,
0x324a,0x324a,0x324a,0x324a,0x324a,0x324a,0x324a,0x324a,0x324a,0x324a,0x324a,0x324a,0x324a,0x324a,0x324a,0x324a,0x324a,0x324a,0x324a,0x324a,0x324a,0x324a,0x324a,0x324a,
0x324a,0x324a,0x324a,0x324a,0x324a,0x324a,0x324a,0x324a,0x324a,0x324a,0x324a,0x324a,0x324a,0x324a,0x324a,0x324a,0x324a,0x324a,0x324a,0x324a,0x324a,0x324a,0x324a,0x324a,
0x324a,0xbeba,0xbeba,0xbeba,0xbeba,0xbeba,0xbeba,0xbeba,0xbeba,0xbeba,0xbeba,0xbeba,0xbeba,0xbeba,0xbeba,0xbeba,0xbeba,0xbeba,0xbeba,0xbeba,0xbeba,0xbeba,0xbeba,0xbeba,
0xbeba,0xbeba,0xbeba,0xbeba,0xbeba,0xbeba,0xbeba,0xbeba,0xbeba,0xbeba,0xbeba,0xbeba,0xbeba,0xbeba,0x324a,0x324a,0x324a,0x324a,0x324a,0x324a,0x324a,0x324a,0x324a,0x324a,
0x324a,0x324a,0x324a,0x324a,0x324a,0x324a,0x324a,0x324a,0x324a,0x324a,0x324a,0x324a,0x324a,0x324a,0x324a,0x324a,0x324a,0x324a,0x324a,0x324a,0x324a,0x324a,0x324a,0x324a,
0x324a,0x324a,0x324a,0x324a,0x324a,0x324a,0x324a,0x324a,0x324a,0x324a,0x324a,0x324a,0x324a,0x324a,0x324a,0x324a,0x324a,0x324a,0x324a,0x324a,0x324a,0x324a,0x324a,0x324a,
0xbeba,0xbeba,0xbeba,0xbeba,0xbeba,0xbeba,0xbeba,0xbeba,0xbeba,0xbeba,0xbeba,0xbeba,0xbeba,0xbeba,0xbeba,0xbeba,0xbeba,0xbeba,0xbeba,0xbeba,0xbeba,0xbeba,0xbeba,0xbeba,
0xbeba,0xbeba,0xbeba,0xbeba,0xbeba,0xbeba,0xbeba,0xbeba,0xbeba,0xbeba,0xbeba,0xbeba,0xbeba,0xbeba,0xbeba,0x324a,0x324a,0x324a,0x324a,0x324a,0x324a,0x324a,0x324a,0x324a,
0x324a,0x324a,0x324a,0x324a,0x324a,0x324a,0x324a,0x324a,0x324a,0x324a,0x324a,0x324a,0x324a,0x324a,0x324a,0x324a,0x324a,0x324a,0x324a,0x324a,0x324a,0x324a,0x324a,0x324a,
0x324a,0x324a,0x324a,0x324a,0x324a,0x324a,0x324a,0x324a,0x324a,0x324a,0x324a,0x324a,0x324a,0x324a,0x324a,0x324a,0x324a,0x324a,0x324a,0x324a,0x324a,0x324a,0x324a,0xbeba,
0xbeba,0xbeba,0xbeba,0xbeba,0xbeba,0xbeba,0xbeba,0xbeba,0xbeba,0xbeba,0xbeba,0xbeba,0xbeba,0xbeba,0xbeba,0xbeba,0xbeba,0xbeba,0xbeba,0xbeba,0xbeba,0xbeba,0xbeba,0xbeba,
0xbeba,0xbeba,0xbeba,0xbeba,0xbeba,0xbeba,0xbeba,0xbeba,0xbeba,0xbeba,0xbeba,0xbeba,0xbeba,0xbeba,0xbeba,0x324a,0x324a,0x324a,0x324a,0x324a,0x324a,0xbeba,0xbeba,0xbeba,
0xbeba,0xbeba,0x324a,0x324a,0x324a,0x324a,0x324a,0x324a,0x324a,0x324a,0x324a,0x324a,0x324a,0x324a,0x324a,0x324a,0x324a,0x324a,0x324a,0x324a,0x324a,0x324a,0x324a,0x324a,
0x324a,0x324a,0x324a,0x324a,0x324a,0x324a,0x324a,0x324a,0x324a,0x324a,0x324a,0x324a,0x324a,0x324a,0x324a,0x324a,0x324a,0x324a,0x324a,0x324a,0x324a,0x324a,0x324a,0xbeba,
0xbeba,0xbeba,0xbeba,0xbeba,0xbeba,0xbeba,0xbeba,0xbeba,0xbeba,0xbeba,0xbeba,0xbeba,0xbeba,0xbeba,0xbeba,0xbeba,0xbeba,0xbeba,0xbeba,0xbeba,0xbeba,0xbeba,0xbeba,0xbeba,
0xbeba,0xbeba,0xbeba,0xbeba,0xbeba,0xbeba,0xbeba,0xbeba,0xbeba,0xbeba,0xbeba,0xbeba,0xbeba,0xbeba,0xbeba,0xbeba,0x324a,0xbeba,0xbeba,0xbeba,0xbeba,0xbeba,0xbeba,0xbeba,
0xbeba,0xbeba,0xbeba,0x324a,0x324a,0x324a,0x324a,0x324a,0x324a,0x324a,0x324a,0x324a,0x324a,0x324a,0x324a,0x324a,0x324a,0x324a,0x324a,0x324a,0x324a,0x324a,0x324a,0x324a,
0x324a,0x324a,0x324a,0x324a,0x324a,0x324a,0x324a,0x324a,0x324a,0x324a,0x324a,0x324a,0x324a,0x324a,0x324a,0x324a,0x324a,0x324a,0x324a,0x324a,0x324a,0x324a,0x324a,0xbeba,
0xbeba,0xbeba,0xbeba,0xbeba,0xbeba,0xbeba,0xbeba,0xbeba,0xbeba,0xbeba,0xbeba,0xbeba,0xbeba,0xbeba,0xbeba,0xbeba,0xbeba,0xbeba,0xbeba,0xbeba,0xbeba,0xbeba,0xbeba,0xbeba,
0xbeba,0xbeba,0xbeba,0xbeba,0xbeba,0xbeba,0xbeba,0xbeba,0xbeba,0xbeba,0xbeba,0xbeba,0xbeba,0xbeba,0xbeba,0xbeba,0xbeba,0xbeba,0xbeba,0xbeba,0xbeba,0xbeba,0xbeba,0xbeba,
0xbeba,0xbeba,0xbeba,0xbeba,0x324a,0x324a,0x324a,0x324a,0x324a,0x324a,0x324a,0x324a,0x324a,0x324a,0x324a,0x324a,0x324a,0x324a,0x324a,0x324a,0x324a,0x324a,0x324a,0x324a,
0x324a,0x324a,0x324a,0x324a,0x324a,0x324a,0x324a,0x324a,0x324a,0x324a,0x324a,0x324a,0x324a,0x324a,0x324a,0x324a,0x324a,0x324a,0x324a,0x324a,0x324a,0x324a,0x324a,0x324a,
0xbeba,0xbeba,0xbeba,0xbeba,0xbeba,0xbeba,0xbeba,0xbeba,0xbeba,0xbeba,0xbeba,0xbeba,0xbeba,0xbeba,0xbeba,0xbeba,0xbeba,0xbeba,0xbeba,0xbeba,0xbeba,0xbeba,0xbeba,0xbeba,
0xbeba,0xbeba,0xbeba,0xbeba,0xbeba,0xbeba,0xbeba,0xbeba,0xbeba,0xbeba,0xbeba,0xbeba,0xbeba,0xbeba,0xbeba,0xbeba,0xbeba,0xbeba,0xbeba,0xbeba,0xbeba,0xbeba,0xbeba,0xbeba,
0xbeba,0xbeba,0xbeba,0xbeba,0xbeba,0xbeba,0x324a,0x324a,0x324a,0x324a,0x324a,0x324a,0x324a,0x324a,0x324a,0x324a,0x324a,0x324a,0x324a,0x324a,0x324a,0x324a,0x324a,0x324a,
0x324a,0x324a,0x324a,0x324a,0x324a,0x324a,0x324a,0x324a,0x324a,0x324a,0x324a,0x324a,0x324a,0x324a,0x324a,0x324a,0x324a,0x324a,0x324a,0x324a,0x324a,0x324a,0x324a,0x324a,
0xbeba,0xbeba,0xbeba,0xbeba,0xbeba,0xbeba,0xbeba,0xbeba,0xbeba,0xbeba,0xbeba,0xbeba,0xbeba,0xbeba,0xbeba,0xbeba,0xbeba,0xbeba,0xbeba,0xbeba,0xbeba,0xbeba,0xbeba,0xbeba,
0xbeba,0xbeba,0xbeba,0xbeba,0xbeba,0xbeba,0xbeba,0xbeba,0xbeba,0xbeba,0xbeba,0xbeba,0xbeba,0xbeba,0xbeba,0xbeba,0xbeba,0xbeba,0xbeba,0xbeba,0xbeba,0xbeba,0xbeba,0xbeba,
0xbeba,0xbeba,0xbeba,0xbeba,0xbeba,0xbeba,0xbeba,0xbeba,0x324a,0x324a,0x324a,0x324a,0x324a,0x324a,0x324a,0x324a,0x324a,0x324a,0x324a,0x324a,0x324a,0x324a,0x324a,0x324a,
0x324a,0x324a,0x324a,0x324a,0x324a,0x324a,0x324a,0x324a,0x324a,0x324a,0x324a,0x324a,0x324a,0x324a,0x324a,0x324a,0x324a,0x324a,0x324a,0x324a,0x324a,0x324a,0x324a,0x324a,
0xbeba,0xbeba,0xbeba,0xbeba,0xbeba,0xbeba,0xbeba,0xbeba,0xbeba,0xbeba,0xbeba,0xbeba,0xbeba,0xbeba,0xbeba,0xbeba,0xbeba,0xbeba,0xbeba,0xbeba,0xbeba,0xbeba,0xbeba,0xbeba,
0xbeba,0xbeba,0xbeba,0xbeba,0xbeba,0xbeba,0xbeba,0xbeba,0xbeba,0xbeba,0xbeba,0xbeba,0xbeba,0xbeba,0xbeba,0xbeba,0xbeba,0xbeba,0xbeba,0xbeba,0xbeba,0xbeba,0xbeba,0xbeba,
0xbeba,0xbeba,0xbeba,0xbeba,0xbeba,0xbeba,0xbeba,0xbeba,0x324a,0x324a,0x324a,0x324a,0x324a,0x324a,0x324a,0x324a,0x324a,0x324a,0x324a,0x324a,0x324a,0x324a,0x324a,0x324a,
0x324a,0x324a,0x324a,0x324a,0x324a,0x324a,0x324a,0x324a,0x324a,0x324a,0x324a,0x324a,0x324a,0x324a,0x324a,0x324a,0x324a,0x324a,0x324a,0x324a,0x324a,0x324a,0x324a,0x324a,
0xbeba,0xbeba,0xbeba,0xbeba,0xbeba,0xbeba,0xbeba,0xbeba,0xbeba,0xbeba,0xbeba,0xbeba,0xbeba,0xbeba,0xbeba,0xbeba,0xbeba,0xbeba,0xbeba,0xbeba,0xbeba,0xbeba,0xbeba,0xbeba,
0xbeba,0xbeba,0xbeba,0xbeba,0xbeba,0xbeba,0xbeba,0xbeba,0xbeba,0xbeba,0xbeba,0xbeba,0xbeba,0xbeba,0xbeba,0xbeba,0xbeba,0xbeba,0xbeba,0xbeba,0xbeba,0xbeba,0xbeba,0xbeba,
0xbeba,0xbeba,0xbeba,0xbeba,0xbeba,0xbeba,0xbeba,0xbeba,0x324a,0x324a,0x324a,0x324a,0x324a,0x324a,0x324a,0x324a,0x324a,0x324a,0x324a,0x324a,0x324a,0x324a,0x324a,0x324a,
0x324a,0x324a,0x324a,0x324a,0x324a,0x324a,0x324a,0x324a,0x324a,0x324a,0x324a,0x324a,0x324a,0x324a,0x324a,0x324a,0x324a,0x324a,0x324a,0x324a,0x324a,0x324a,0x324a,0x324a,
0x324a,0xbeba,0xbeba,0xbeba,0xbeba,0xbeba,0xbeba,0xbeba,0xbeba,0xbeba,0xbeba,0xbeba,0xbeba,0xbeba,0xbeba,0xbeba,0xbeba,0xbeba,0xbeba,0xbeba,0xbeba,0xbeba,0xbeba,0xbeba,
0xbeba,0xbeba,0xbeba,0xbeba,0xbeba,0xbeba,0xbeba,0xbeba,0xbeba,0xbeba,0xbeba,0xbeba,0xbeba,0xbeba,0xbeba,0xbeba,0xbeba,0xbeba,0xbeba,0xbeba,0xbeba,0xbeba,0xbeba,0xbeba,
0xbeba,0xbeba,0xbeba,0xbeba,0xbeba,0xbeba,0xbeba,0xbeba,0x324a,0x324a,0x324a,0x324a,0x324a,0x324a,0x324a,0x324a,0x324a,0x324a,0x324a,0x324a,0x324a,0x324a,0x324a,0x324a,
0x324a,0x324a,0x324a,0x324a,0x324a,0x324a,0x324a,0x324a,0x324a,0x324a,0x324a,0x324a,0x324a,0x324a,0x324a,0x324a,0x324a,0x324a,0x324a,0x324a,0x324a,0x324a,0x324a,0x324a,
0x324a,0xbeba,0xbeba,0xbeba,0xbeba,0xbeba,0xbeba,0xbeba,0xbeba,0xbeba,0xbeba,0xbeba,0xbeba,0xbeba,0xbeba,0xbeba,0xbeba,0xbeba,0xbeba,0xbeba,0xbeba,0xbeba,0xbeba,0xbeba,
0xbeba,0xbeba,0xbeba,0xbeba,0xbeba,0xbeba,0xbeba,0xbeba,0xbeba,0xbeba,0xbeba,0xbeba,0xbeba,0xbeba,0xbeba,0xbeba,0xbeba,0xbeba,0xbeba,0xbeba,0xbeba,0xbeba,0xbeba,0xbeba,
0xbeba,0xbeba,0xbeba,0xbeba,0xbeba,0xbeba,0xbeba,0xbeba,0x324a,0x324a,0x324a,0x324a,0x324a,0x324a,0x324a,0x324a,0x324a,0x324a,0x324a,0x324a,0x324a,0x324a,0x324a,0x324a,
0x324a,0x324a,0x324a,0x324a,0x324a,0xbeba,0xbeba,0xbeba,0xbeba,0x324a,0x324a,0x324a,0x324a,0x324a,0x324a,0x324a,0x324a,0x324a,0x324a,0x324a,0x324a,0x324a,0x324a,0x324a,
0x324a,0xbeba,0xbeba,0xbeba,0xbeba,0xbeba,0xbeba,0xbeba,0xbeba,0xbeba,0xbeba,0xbeba,0xbeba,0xbeba,0xbeba,0xbeba,0xbeba,0xbeba,0xbeba,0xbeba,0xbeba,0xbeba,0xbeba,0xbeba,
0xbeba,0xbeba,0xbeba,0xbeba,0xbeba,0xbeba,0xbeba,0xbeba,0xbeba,0xbeba,0xbeba,0xbeba,0xbeba,0xbeba,0xbeba,0xbeba,0xbeba,0xbeba,0xbeba,0xbeba,0xbeba,0xbeba,0xbeba,0xbeba,
0xbeba,0xbeba,0xbeba,0xbeba,0xbeba,0xbeba,0xbeba,0xbeba,0x324a,0x324a,0x324a,0x324a,0x324a,0x324a,0x324a,0x324a,0x324a,0x324a,0x324a,0x324a,0x324a,0x324a,0x324a,0x324a,
0x324a,0xbeba,0xbeba,0xbeba,0xbeba,0xbeba,0xbeba,0xbeba,0xbeba,0xbeba,0x324a,0x324a,0x324a,0x324a,0x324a,0x324a,0x324a,0x324a,0x324a,0x324a,0x324a,0x324a,0x324a,0x324a,
0xbeba,0xbeba,0xbeba,0xbeba,0xbeba,0xbeba,0xbeba,0xbeba,0xbeba,0xbeba,0xbeba,0xbeba,0xbeba,0xbeba,0xbeba,0xbeba,0xbeba,0xbeba,0xbeba,0xbeba,0xbeba,0xbeba,0xbeba,0xbeba,
0xbeba,0xbeba,0xbeba,0xbeba,0xbeba,0xbeba,0xbeba,0xbeba,0xbeba,0xbeba,0xbeba,0xbeba,0xbeba,0xbeba,0xbeba,0xbeba,0xbeba,0xbeba,0xbeba,0xbeba,0xbeba,0xbeba,0xbeba,0xbeba,
0xbeba,0xbeba,0xbeba,0xbeba,0xbeba,0xbeba,0xbeba,0xbeba,0x324a,0x324a,0x324a,0x324a,0x324a,0x324a,0x324a,0x324a,0x324a,0x324a,0x324a,0x324a,0x324a,0x324a,0x324a,0x324a,
0xbeba,0xbeba,0xbeba,0xbeba,0xbeba,0xbeba,0xbeba,0xbeba,0xbeba,0xbeba,0xbeba,0xbeba,0x324a,0x324a,0x324a,0x324a,0x324a,0x324a,0x324a,0x324a,0x324a,0x324a,0xbeba,0xbeba,
0xbeba,0xbeba,0xbeba,0xbeba,0xbeba,0xbeba,0xbeba,0xbeba,0xbeba,0xbeba,0xbeba,0xbeba,0xbeba,0xbeba,0xbeba,0xbeba,0xbeba,0xbeba,0xbeba,0xbeba,0xbeba,0xbeba,0xbeba,0xbeba,
0xbeba,0xbeba,0xbeba,0xbeba,0xbeba,0xbeba,0xbeba,0xbeba,0xbeba,0xbeba,0xbeba,0xbeba,0xbeba,0xbeba,0xbeba,0xbeba,0xbeba,0xbeba,0xbeba,0xbeba,0xbeba,0xbeba,0xbeba,0xbeba,
0xbeba,0xbeba,0xbeba,0xbeba,0xbeba,0xbeba,0xbeba,0xbeba,0x324a,0x324a,0x324a,0x324a,0x324a,0x324a,0x324a,0x324a,0x324a,0x324a,0x324a,0x324a,0x324a,0x324a,0x324a,0xbeba,
0xbeba,0xbeba,0xbeba,0xbeba,0xbeba,0xbeba,0xbeba,0xbeba,0xbeba,0xbeba,0xbeba,0xbeba,0xbeba,0x324a,0x324a,0x324a,0x324a,0x324a,0x324a,0x324a,0x324a,0xbeba,0xbeba,0xbeba,
0xbeba,0xbeba,0xbeba,0xbeba,0xbeba,0xbeba,0xbeba,0xbeba,0xbeba,0xbeba,0xbeba,0xbeba,0xbeba,0xbeba,0xbeba,0xbeba,0xbeba,0xbeba,0xbeba,0xbeba,0xbeba,0xbeba,0xbeba,0xbeba,
0xbeba,0xbeba,0xbeba,0xbeba,0xbeba,0xbeba,0xbeba,0xbeba,0xbeba,0xbeba,0xbeba,0xbeba,0xbeba,0xbeba,0xbeba,0xbeba,0xbeba,0xbeba,0xbeba,0xbeba,0xbeba,0xbeba,0xbeba,0xbeba,
0xbeba,0xbeba,0xbeba,0xbeba,0xbeba,0xbeba,0xbeba,0xbeba,0x324a,0x324a,0x324a,0x324a,0x324a,0x324a,0x324a,0x324a,0x324a,0x324a,0x324a,0x324a,0x324a,0x324a,0xbeba,0xbeba,
0xbeba,0xbeba,0xbeba,0xbeba,0xbeba,0xbeba,0xbeba,0xbeba,0xbeba,0xbeba,0xbeba,0xbeba,0xbeba,0xbeba,0x324a,0x324a,0x324a,0x324a,0xbeba,0xbeba,0xbeba,0xbeba,0xbeba,0xbeba,
0xbeba,0xbeba,0xbeba,0xbeba,0xbeba,0xbeba,0xbeba,0xbeba,0xbeba,0xbeba,0xbeba,0xbeba,0xbeba,0xbeba,0xbeba,0xbeba,0xbeba,0xbeba,0xbeba,0xbeba,0xbeba,0xbeba,0xbeba,0xbeba,
0xbeba,0xbeba,0xbeba,0xbeba,0xbeba,0xbeba,0xbeba,0xbeba,0xbeba,0xbeba,0xbeba,0xbeba,0xbeba,0xbeba,0xbeba,0xbeba,0xbeba,0xbeba,0xbeba,0xbeba,0xbeba,0xbeba,0xbeba,0xbeba,
0xbeba,0xbeba,0xbeba,0xbeba,0xbeba,0xbeba,0xbeba,0xbeba,0x324a,0x324a,0x324a,0x324a,0x324a,0x324a,0x324a,0x324a,0x324a,0x324a,0x324a,0x324a,0x324a,0x324a,0xbeba,0xbeba,
0xbeba,0xbeba,0xbeba,0xbeba,0xbeba,0xbeba,0xbeba,0xbeba,0xbeba,0xbeba,0xbeba,0xbeba,0xbeba,0xbeba,0xbeba,0x324a,0xbeba,0xbeba,0xbeba,0xbeba,0xbeba,0xbeba,0xbeba,0xbeba,
0xbeba,0xbeba,0xbeba,0xbeba,0xbeba,0xbeba,0xbeba,0xbeba,0xbeba,0xbeba,0xbeba,0xbeba,0xbeba,0xbeba,0xbeba,0xbeba,0xbeba,0xbeba,0xbeba,0xbeba,0xbeba,0xbeba,0xbeba,0xbeba,
0xbeba,0xbeba,0xbeba,0xbeba,0xbeba,0xbeba,0xbeba,0xbeba,0xbeba,0xbeba,0xbeba,0xbeba,0xbeba,0xbeba,0xbeba,0xbeba,0xbeba,0xbeba,0xbeba,0xbeba,0xbeba,0xbeba,0xbeba,0xbeba,
0xbeba,0xbeba,0xbeba,0xbeba,0xbeba,0xbeba,0xbeba,0xbeba,0xbeba,0xbeba,0xbeba,0x324a,0x324a,0x324a,0x324a,0x324a,0x324a,0x324a,0x324a,0x324a,0x324a,0xbeba,0xbeba,0xbeba,
0xbeba,0xbeba,0xbeba,0xbeba,0xbeba,0xbeba,0xbeba,0xbeba,0xbeba,0xbeba,0xbeba,0xbeba,0xbeba,0xbeba,0xbeba,0xbeba,0xbeba,0xbeba,0xbeba,0xbeba,0xbeba,0xbeba,0xbeba,0xbeba,
0xbeba,0xbeba,0xbeba,0xbeba,0xbeba,0xbeba,0xbeba,0xbeba,0xbeba,0xbeba,0xbeba,0xbeba,0xbeba,0xbeba,0xbeba,0xbeba,0xbeba,0xbeba,0xbeba,0xbeba,0xbeba,0xbeba,0xbeba,0xbeba,
0xbeba,0xbeba,0xbeba,0xbeba,0xbeba,0xbeba,0xbeba,0xbeba,0xbeba,0xbeba,0xbeba,0xbeba,0xbeba,0xbeba,0xbeba,0xbeba,0xbeba,0xbeba,0xbeba,0xbeba,0xbeba,0xbeba,0xbeba,0xbeba,
0xbeba,0xbeba,0xbeba,0xbeba,0xbeba,0xbeba,0xbeba,0xbeba,0xbeba,0xbeba,0xbeba,0xbeba,0xbeba,0x324a,0x324a,0x324a,0x324a,0x324a,0x324a,0x324a,0xbeba,0xbeba,0xbeba,0xbeba,
0xbeba,0xbeba,0xbeba,0xbeba,0xbeba,0xbeba,0xbeba,0xbeba,0xbeba,0xbeba,0xbeba,0xbeba,0xbeba,0xbeba,0xbeba,0xbeba,0xbeba,0xbeba,0xbeba,0xbeba,0xbeba,0xbeba,0xbeba,0xbeba,
0xbeba,0xbeba,0xbeba,0xbeba,0xbeba,0xbeba,0xbeba,0xbeba,0xbeba,0xbeba,0xbeba,0xbeba,0xbeba,0xbeba,0xbeba,0xbeba,0xbeba,0xbeba,0xbeba,0xbeba,0xbeba,0xbeba,0xbeba,0xbeba,
0xbeba,0xbeba,0xbeba,0xbeba,0xbeba,0xbeba,0xbeba,0xbeba,0xbeba,0xbeba,0xbeba,0xbeba,0xbeba,0xbeba,0xbeba,0xbeba,0xbeba,0xbeba,0xbeba,0xbeba,0xbeba,0xbeba,0xbeba,0xbeba,
0xbeba,0xbeba,0xbeba,0xbeba,0xbeba,0xbeba,0xbeba,0xbeba,0xbeba,0xbeba,0xbeba,0xbeba,0xbeba,0xbeba,0xbeba,0xbeba,0xbeba,0xbeba,0x324a,0xbeba,0xbeba,0xbeba,0xbeba,0xbeba,
0xbeba,0xbeba,0xbeba,0xbeba,0xbeba,0xbeba,0xbeba,0xbeba,0xbeba,0xbeba,0xbeba,0xbeba,0xbeba,0xbeba,0xbeba,0xbeba,0xbeba,0xbeba,0xbeba,0xbeba,0xbeba,0xbeba,0xbeba,0xbeba,
0xbeba,0xbeba,0xbeba,0xbeba,0xbeba,0xbeba,0xbeba,0xbeba,0xbeba,0xbeba,0xbeba,0xbeba,0xbeba,0xbeba,0xbeba,0xbeba,0xbeba,0xbeba,0xbeba,0xbeba,0xbeba,0xbeba,0xbeba,0xbeba,
0xbeba,0xbeba,0xbeba,0xbeba,0xbeba,0xbeba,0xbeba,0xbeba,0xbeba,0xbeba,0xbeba,0xbeba,0xbeba,0xbeba,0xbeba,0xbeba,0xbeba,0xbeba,0xbeba,0xbeba,0xbeba,0xbeba,0xbeba,0xbeba,
0xbeba,0xbeba,0xbeba,0xbeba,0xbeba,0xbeba,0xbeba,0xbeba,0xbeba,0xbeba,0xbeba,0xbeba,0xbeba,0xbeba,0xbeba,0xbeba,0xbeba,0xbeba,0xbeba,0xbeba,0xbeba,0xbeba,0xbeba,0xbeba,
0xbeba,0xbeba,0xbeba,0xbeba,0xbeba,0xbeba,0xbeba,0xbeba,0xbeba,0xbeba,0xbeba,0xbeba,0xbeba,0xbeba,0xbeba,0xbeba,0xbeba,0xbeba,0xbeba,0xbeba,0xbeba,0xbeba,0xbeba,0xbeba,
0xbeba,0xbeba,0xbeba,0xbeba,0xbeba,0xbeba,0xbeba,0xbeba,0xbeba,0xbeba,0xbeba,0xbeba,0xbeba,0xbeba,0xbeba,0xbeba,0xbeba,0xbeba,0xbeba,0xbeba,0xbeba,0xbeba,0xbeba,0xbeba,
0xbeba,0xbeba,0xbeba,0xbeba,0xbeba,0xbeba,0xbeba,0xbeba,0xbeba,0xbeba,0xbeba,0xbeba,0xbeba,0xbeba,0xbeba,0xbeba,0xbeba,0xbeba,0xbeba,0xbeba,0xbeba,0xbeba,0xbeba,0xbeba,
0xbeba,0xbeba,0xbeba,0xbeba,0xbeba,0xbeba,0xbeba,0xbeba,0xbeba,0xbeba,0xbeba,0xbeba,0xbeba,0xbeba,0xbeba,0xbeba,0xbeba,0xbeba,0xbeba,0xbeba,0xbeba,0xbeba,0xbeba,0xbeba,
0xbeba,0xbeba,0xbeba,0xbeba,0xbeba,0xbeba,0xbeba,0xbeba,0xbeba,0xbeba,0xbeba,0xbeba,0xbeba,0xbeba,0xbeba,0xbeba,0xbeba,0xbeba,0xbeba,0xbeba,0xbeba,0xbeba,0xbeba,0xbeba,
0xbeba,0xbeba,0xbeba,0xbeba,0xbeba,0xbeba,0xbeba,0xbeba,0xbeba,0xbeba,0xbeba,0xbeba,0xbeba,0xbeba,0xbeba,0xbeba,0xbeba,0xbeba,0xbeba,0xbeba,0xbeba,0xbeba,0xbeba,0xbeba,
0xbeba,0xbeba,0xbeba,0xbeba,0xbeba,0xbeba,0xbeba,0xbeba,0xbeba,0xbeba,0xbeba,0xbeba,0xbeba,0xbeba,0xbeba,0xbeba,0xbeba,0xbeba,0xbeba,0xbeba,0xbeba,0xbeba,0xbeba,0xbeba,
0xbeba,0xbeba,0xbeba,0xbeba,0xbeba,0xbeba,0xbeba,0xbeba,0xbeba,0xbeba,0xbeba,0xbeba,0xbeba,0xbeba,0xbeba,0xbeba,0xbeba,0xbeba,0xbeba,0xbeba,0xbeba,0xbeba,0xbeba,0xbeba,
0xbeba,0xbeba,0xbeba,0xbeba,0xbeba,0xbeba,0xbeba,0xbeba,0xbeba,0xbeba,0xbeba,0xbeba,0xbeba,0xbeba,0xbeba,0xbeba,0xbeba,0xbeba,0xbeba,0xbeba,0xbeba,0xbeba,0xbeba,0xbeba,
0xbeba,0xbeba,0xbeba,0xbeba,0xbeba,0xbeba,0xbeba,0xbeba,0xbeba,0xbeba,0xbeba,0xbeba,0xbeba,0xbeba,0xbeba,0xbeba,0xbeba,0xbeba,0xbeba,0xbeba,0xbeba,0xbeba,0xbeba,0xbeba,
0xbeba,0xbeba,0xbeba,0xbeba,0xbeba,0xbeba,0xbeba,0xbeba,0xbeba,0xbeba,0xbeba,0xbeba,0xbeba,0xbeba,0xbeba,0xbeba,0xbeba,0xbeba,0xbeba,0xbeba,0xbeba,0xbeba,0xbeba,0xbeba,
0xbeba,0xbeba,0xbeba,0xbeba,0xbeba,0xbeba,0xbeba,0xbeba,0xbeba,0xbeba,0xbeba,0xbeba,0xbeba,0xbeba,0xbeba,0xbeba,0xbeba,0xbeba,0xbeba,0xbeba,0xbeba,0xbeba,0xbeba,0xbeba,
0xbeba,0xbeba,0xbeba,0xbeba,0xbeba,0xbeba,0xbeba,0xbeba,0xbeba,0xbeba,0xbeba,0xbeba,0xbeba,0xbeba,0xbeba,0xbeba,0xbeba,0xbeba,0xbeba,0xbeba,0xbeba,0xbeba,0xbeba,0xbeba,
0xbeba,0xbeba,0xbeba,0xbeba,0xbeba,0xbeba,0xbeba,0xbeba,0xbeba,0xbeba,0xbeba,0xbeba,0xbeba,0xbeba,0xbeba,0xbeba,0xbeba,0xbeba,0xbeba,0xbeba,0xbeba,0xbeba,0xbeba,0xbeba,
0xbeba,0xbeba,0xbeba,0xbeba,0xbeba,0xbeba,0xbeba,0xbeba,0xbeba,0xbeba,0xbeba,0xbeba,0xbeba,0xbeba,0xbeba,0xbeba,0xbeba,0xbeba,0xbeba,0xbeba,0xbeba,0xbeba,0xbeba,0xbeba,
0xbeba,0xbeba,0xbeba,0xbeba,0xbeba,0xbeba,0xbeba,0xbeba,0xbeba,0xbeba,0xbeba,0xbeba,0xbeba,0xbeba,0xbeba,0xbeba,0xbeba,0xbeba,0xbeba,0xbeba,0xbeba,0xbeba,0xbeba,0xbeba,
0xbeba,0xbeba,0xbeba,0xbeba,0xbeba,0xbeba,0xbeba,0xbeba,0xbeba,0xbeba,0xbeba,0xbeba,0xbeba,0xbeba,0xbeba,0xbeba,0xbeba,0xbeba,0xbeba,0xbeba,0xbeba,0xbeba,0xbeba,0xbeba,
0xbeba,0xbeba,0xbeba,0xbeba,0xbeba,0xbeba,0xbeba,0xbeba,0xbeba,0xbeba,0xbeba,0xbeba,0xbeba,0xbeba,0xbeba,0xbeba,0xbeba,0xbeba,0xbeba,0xbeba,0xbeba,0xbeba,0xbeba,0xbeba,
0xbeba,0xbeba,0xbeba,0xbeba,0xbeba,0xbeba,0xbeba,0xbeba,0xbeba,0xbeba,0xbeba,0xbeba,0xbeba,0xbeba,0xbeba,0xbeba,0xbeba,0xbeba,0xbeba,0xbeba,0xbeba,0xbeba,0xbeba,0xbeba,
0xbeba,0xbeba,0xbeba,0xbeba,0xbeba,0xbeba,0xbeba,0xbeba,0xbeba,0xbeba,0xbeba,0xbeba,0xbeba,0xbeba,0xbeba,0xbeba,0xbeba,0xbeba,0xbeba,0xbeba,0xbeba,0xbeba,0xbeba,0xbeba,
0xbeba,0xbeba,0xbeba,0xbeba,0xbeba,0xbeba,0xbeba,0xbeba,0xbeba,0xbeba,0xbeba,0xbeba,0xbeba,0xbeba,0xbeba,0xbeba,0xbeba,0xbeba,0xbeba,0xbeba,0xbeba,0xbeba,0xbeba,0xbeba,
0xbeba,0xbeba,0xbeba,0xbeba,0xbeba,0xbeba,0xbeba,0xbeba,0xbeba,0xbeba,0xbeba,0xbeba,0xbeba,0xbeba,0xbeba,0xbeba,0xbeba,0xbeba,0xbeba,0xbeba,0xbeba,0xbeba,0xbeba,0xbeba,
0xbeba,0xbeba,0xbeba,0xbeba,0xbeba,0xbeba,0xbeba,0xbeba,0xbeba,0xbeba,0xbeba,0xbeba,0xbeba,0xbeba,0xbeba,0xbeba,0xbeba,0xbeba,0xbeba,0xbeba,0xbeba,0xbeba,0xbeba,0xbeba,
0xbeba,0xbeba,0xbeba,0xbeba,0xbeba,0xbeba,0xbeba,0xbeba,0xbeba,0xbeba,0xbeba,0xbeba,0xbeba,0xbeba,0xbeba,0xbeba,0xbeba,0xbeba,0xbeba,0xbeba,0xbeba,0xbeba,0xbeba,0xbeba,
0xbeba,0xbeba,0xbeba,0xbeba,0xbeba,0xbeba,0xbeba,0xbeba,0xbeba,0xbeba,0xbeba,0xbeba,0xbeba,0xbeba,0xbeba,0xbeba,0xbeba,0xbeba,0xbeba,0xbeba,0xbeba,0xbeba,0xbeba,0xbeba,
0xbeba,0xbeba,0xbeba,0xbeba,0xbeba,0xbeba,0xbeba,0xbeba,0xbeba,0xbeba,0xbeba,0xbeba,0xbeba,0xbeba,0xbeba,0xbeba,0xbeba,0xbeba,0xbeba,0xbeba,0xbeba,0xbeba,0xbeba,0xbeba,
0xbeba,0xbeba,0xbeba,0xbeba,0xbeba,0xbeba,0xbeba,0xbeba,0xbeba,0xbeba,0xbeba,0xbeba,0xbeba,0xbeba,0xbeba,0xbeba,0xbeba,0xbeba,0xbeba,0xbeba,0xbeba,0xbeba,0xbeba,0xbeba,
0xbeba,0xbeba,0xbeba,0xbeba,0xbeba,0xbeba,0xbeba,0xbeba,0xbeba,0xbeba,0xbeba,0xbeba,0xbeba,0xbeba,0xbeba,0xbeba,0xbeba,0xbeba,0xbeba,0xbeba,0xbeba,0xbeba,0xbeba,0xbeba,
0xbeba,0xbeba,0xbeba,0xbeba,0xbeba,0xbeba,0xbeba,0xbeba,0xbeba,0xbeba,0xbeba,0xbeba,0xbeba,0xbeba,0xbeba,0xbeba,0xbeba,0xbeba,0xbeba,0xbeba,0xbeba,0xbeba,0xbeba,0xbeba,
0xbeba,0xbeba,0xbeba,0xbeba,0xbeba,0xbeba,0xbeba,0xbeba,0xbeba,0xbeba,0xbeba,0xbeba,0xbeba,0xbeba,0xbeba,0xbeba,0xbeba,0xbeba,0xbeba,0xbeba,0xbeba,0xbeba,0xbeba,0xbeba,
};
